{
"type": "FeatureCollection",
"name": "amenity",
"crs": { "type": "name", "properties": { "name": "urn:ogc:def:crs:OGC:1.3:CRS84" } },
"features": [
{ "type": "Feature", "properties": { "full_id": "n1026364789", "osm_id": "1026364789", "amenity": "school" }, "geometry": { "type": "Point", "coordinates": [ -6.9213951, 33.9297633 ] } },
{ "type": "Feature", "properties": { "full_id": "n1770217635", "osm_id": "1770217635", "amenity": "bus_station" }, "geometry": { "type": "Point", "coordinates": [ -6.9252418, 33.8997472 ] } },
{ "type": "Feature", "properties": { "full_id": "n1824537473", "osm_id": "1824537473", "amenity": "cafe" }, "geometry": { "type": "Point", "coordinates": [ -6.8559545, 33.8545577 ] } },
{ "type": "Feature", "properties": { "full_id": "n1824539812", "osm_id": "1824539812", "amenity": "pharmacy" }, "geometry": { "type": "Point", "coordinates": [ -6.856094, 33.8547894 ] } },
{ "type": "Feature", "properties": { "full_id": "n1824556016", "osm_id": "1824556016", "amenity": "post_office" }, "geometry": { "type": "Point", "coordinates": [ -6.8534011, 33.8568386 ] } },
{ "type": "Feature", "properties": { "full_id": "n1824577121", "osm_id": "1824577121", "amenity": "restaurant" }, "geometry": { "type": "Point", "coordinates": [ -6.8566197, 33.860046 ] } },
{ "type": "Feature", "properties": { "full_id": "n1824577125", "osm_id": "1824577125", "amenity": "place_of_worship" }, "geometry": { "type": "Point", "coordinates": [ -6.8557322, 33.8584781 ] } },
{ "type": "Feature", "properties": { "full_id": "n1824577983", "osm_id": "1824577983", "amenity": "fuel" }, "geometry": { "type": "Point", "coordinates": [ -6.8559438, 33.8602509 ] } },
{ "type": "Feature", "properties": { "full_id": "n1824581017", "osm_id": "1824581017", "amenity": "school" }, "geometry": { "type": "Point", "coordinates": [ -6.8535727, 33.8537736 ] } },
{ "type": "Feature", "properties": { "full_id": "n1824581022", "osm_id": "1824581022", "amenity": "kindergarten" }, "geometry": { "type": "Point", "coordinates": [ -6.8520385, 33.8583176 ] } },
{ "type": "Feature", "properties": { "full_id": "n1824581023", "osm_id": "1824581023", "amenity": "school" }, "geometry": { "type": "Point", "coordinates": [ -6.8517166, 33.8584156 ] } },
{ "type": "Feature", "properties": { "full_id": "n1824581026", "osm_id": "1824581026", "amenity": "school" }, "geometry": { "type": "Point", "coordinates": [ -6.8524784, 33.8532034 ] } },
{ "type": "Feature", "properties": { "full_id": "n2416200566", "osm_id": "2416200566", "amenity": "restaurant" }, "geometry": { "type": "Point", "coordinates": [ -6.9403585, 33.9334977 ] } },
{ "type": "Feature", "properties": { "full_id": "n2660049153", "osm_id": "2660049153", "amenity": "fuel" }, "geometry": { "type": "Point", "coordinates": [ -6.9381163, 33.9062862 ] } },
{ "type": "Feature", "properties": { "full_id": "n2907751317", "osm_id": "2907751317", "amenity": "post_office" }, "geometry": { "type": "Point", "coordinates": [ -6.7908087, 33.806254 ] } },
{ "type": "Feature", "properties": { "full_id": "n2907754394", "osm_id": "2907754394", "amenity": "post_office" }, "geometry": { "type": "Point", "coordinates": [ -6.885, 33.94 ] } },
{ "type": "Feature", "properties": { "full_id": "n2907756785", "osm_id": "2907756785", "amenity": "post_office" }, "geometry": { "type": "Point", "coordinates": [ -6.921, 33.828 ] } },
{ "type": "Feature", "properties": { "full_id": "n2907757054", "osm_id": "2907757054", "amenity": "post_office" }, "geometry": { "type": "Point", "coordinates": [ -6.935, 33.919 ] } },
{ "type": "Feature", "properties": { "full_id": "n2907757056", "osm_id": "2907757056", "amenity": "post_office" }, "geometry": { "type": "Point", "coordinates": [ -6.92, 33.906 ] } },
{ "type": "Feature", "properties": { "full_id": "n2907757057", "osm_id": "2907757057", "amenity": "post_office" }, "geometry": { "type": "Point", "coordinates": [ -6.8899224, 33.9198473 ] } },
{ "type": "Feature", "properties": { "full_id": "n2907757058", "osm_id": "2907757058", "amenity": "post_office" }, "geometry": { "type": "Point", "coordinates": [ -6.898, 33.927 ] } },
{ "type": "Feature", "properties": { "full_id": "n2907759918", "osm_id": "2907759918", "amenity": "post_office" }, "geometry": { "type": "Point", "coordinates": [ -6.9552789, 33.8957625 ] } },
{ "type": "Feature", "properties": { "full_id": "n2907761229", "osm_id": "2907761229", "amenity": "post_office" }, "geometry": { "type": "Point", "coordinates": [ -6.9589216, 33.9258789 ] } },
{ "type": "Feature", "properties": { "full_id": "n2907763562", "osm_id": "2907763562", "amenity": "post_office" }, "geometry": { "type": "Point", "coordinates": [ -6.9227349, 33.902364 ] } },
{ "type": "Feature", "properties": { "full_id": "n3061623324", "osm_id": "3061623324", "amenity": "fuel" }, "geometry": { "type": "Point", "coordinates": [ -7.0233298, 33.8591583 ] } },
{ "type": "Feature", "properties": { "full_id": "n3061623435", "osm_id": "3061623435", "amenity": "fuel" }, "geometry": { "type": "Point", "coordinates": [ -7.0181081, 33.8613113 ] } },
{ "type": "Feature", "properties": { "full_id": "n3214364723", "osm_id": "3214364723", "amenity": "restaurant" }, "geometry": { "type": "Point", "coordinates": [ -6.9675305, 33.9185621 ] } },
{ "type": "Feature", "properties": { "full_id": "n3214364726", "osm_id": "3214364726", "amenity": "restaurant" }, "geometry": { "type": "Point", "coordinates": [ -7.0141358, 33.8891129 ] } },
{ "type": "Feature", "properties": { "full_id": "n3235459668", "osm_id": "3235459668", "amenity": "fuel" }, "geometry": { "type": "Point", "coordinates": [ -6.9714509, 33.9157036 ] } },
{ "type": "Feature", "properties": { "full_id": "n3235459670", "osm_id": "3235459670", "amenity": "cafe" }, "geometry": { "type": "Point", "coordinates": [ -6.9717114, 33.9156089 ] } },
{ "type": "Feature", "properties": { "full_id": "n3235459671", "osm_id": "3235459671", "amenity": "cafe" }, "geometry": { "type": "Point", "coordinates": [ -6.972446, 33.9161951 ] } },
{ "type": "Feature", "properties": { "full_id": "n3385779318", "osm_id": "3385779318", "amenity": "pharmacy" }, "geometry": { "type": "Point", "coordinates": [ -6.9439595, 33.9342673 ] } },
{ "type": "Feature", "properties": { "full_id": "n3562800746", "osm_id": "3562800746", "amenity": "police" }, "geometry": { "type": "Point", "coordinates": [ -7.0571515, 33.8675134 ] } },
{ "type": "Feature", "properties": { "full_id": "n3562871813", "osm_id": "3562871813", "amenity": "restaurant" }, "geometry": { "type": "Point", "coordinates": [ -7.0566164, 33.8681168 ] } },
{ "type": "Feature", "properties": { "full_id": "n3576723929", "osm_id": "3576723929", "amenity": "cafe" }, "geometry": { "type": "Point", "coordinates": [ -6.9384157, 33.9389851 ] } },
{ "type": "Feature", "properties": { "full_id": "n3576723930", "osm_id": "3576723930", "amenity": "cafe" }, "geometry": { "type": "Point", "coordinates": [ -6.9386487, 33.9387798 ] } },
{ "type": "Feature", "properties": { "full_id": "n3576723932", "osm_id": "3576723932", "amenity": "cafe" }, "geometry": { "type": "Point", "coordinates": [ -6.9385229, 33.9388967 ] } },
{ "type": "Feature", "properties": { "full_id": "n3576723933", "osm_id": "3576723933", "amenity": "cafe" }, "geometry": { "type": "Point", "coordinates": [ -6.9387155, 33.93873 ] } },
{ "type": "Feature", "properties": { "full_id": "n3576723937", "osm_id": "3576723937", "amenity": "bank" }, "geometry": { "type": "Point", "coordinates": [ -6.9384772, 33.9389637 ] } },
{ "type": "Feature", "properties": { "full_id": "n3576723939", "osm_id": "3576723939", "amenity": "bank" }, "geometry": { "type": "Point", "coordinates": [ -6.9400758, 33.9373813 ] } },
{ "type": "Feature", "properties": { "full_id": "n3576752697", "osm_id": "3576752697", "amenity": "cafe" }, "geometry": { "type": "Point", "coordinates": [ -6.9421207, 33.9357902 ] } },
{ "type": "Feature", "properties": { "full_id": "n3576752698", "osm_id": "3576752698", "amenity": "cafe" }, "geometry": { "type": "Point", "coordinates": [ -6.942412, 33.9355872 ] } },
{ "type": "Feature", "properties": { "full_id": "n3576752699", "osm_id": "3576752699", "amenity": "cafe" }, "geometry": { "type": "Point", "coordinates": [ -6.9414014, 33.9361936 ] } },
{ "type": "Feature", "properties": { "full_id": "n3576752700", "osm_id": "3576752700", "amenity": "cafe" }, "geometry": { "type": "Point", "coordinates": [ -6.942247, 33.9357415 ] } },
{ "type": "Feature", "properties": { "full_id": "n3576752701", "osm_id": "3576752701", "amenity": "cafe" }, "geometry": { "type": "Point", "coordinates": [ -6.9427852, 33.9352284 ] } },
{ "type": "Feature", "properties": { "full_id": "n3576752702", "osm_id": "3576752702", "amenity": "pharmacy" }, "geometry": { "type": "Point", "coordinates": [ -6.9417122, 33.9361065 ] } },
{ "type": "Feature", "properties": { "full_id": "n3576752703", "osm_id": "3576752703", "amenity": "cafe" }, "geometry": { "type": "Point", "coordinates": [ -6.9423354, 33.9356675 ] } },
{ "type": "Feature", "properties": { "full_id": "n3576752704", "osm_id": "3576752704", "amenity": "cafe" }, "geometry": { "type": "Point", "coordinates": [ -6.9431574, 33.9349717 ] } },
{ "type": "Feature", "properties": { "full_id": "n3576756078", "osm_id": "3576756078", "amenity": "bank" }, "geometry": { "type": "Point", "coordinates": [ -6.9432224, 33.9349078 ] } },
{ "type": "Feature", "properties": { "full_id": "n3781831646", "osm_id": "3781831646", "amenity": "pharmacy" }, "geometry": { "type": "Point", "coordinates": [ -6.9503182, 33.9274329 ] } },
{ "type": "Feature", "properties": { "full_id": "n3922131741", "osm_id": "3922131741", "amenity": "cafe" }, "geometry": { "type": "Point", "coordinates": [ -6.942399, 33.9340345 ] } },
{ "type": "Feature", "properties": { "full_id": "n3922131746", "osm_id": "3922131746", "amenity": "doctors" }, "geometry": { "type": "Point", "coordinates": [ -6.9421844, 33.9338428 ] } },
{ "type": "Feature", "properties": { "full_id": "n3922131747", "osm_id": "3922131747", "amenity": "pharmacy" }, "geometry": { "type": "Point", "coordinates": [ -6.9465894, 33.9297373 ] } },
{ "type": "Feature", "properties": { "full_id": "n3922131750", "osm_id": "3922131750", "amenity": "fast_food" }, "geometry": { "type": "Point", "coordinates": [ -6.9431692, 33.9346194 ] } },
{ "type": "Feature", "properties": { "full_id": "n3922131752", "osm_id": "3922131752", "amenity": "bank" }, "geometry": { "type": "Point", "coordinates": [ -6.9437616, 33.934347 ] } },
{ "type": "Feature", "properties": { "full_id": "n3922131754", "osm_id": "3922131754", "amenity": "fast_food" }, "geometry": { "type": "Point", "coordinates": [ -6.9430654, 33.9345965 ] } },
{ "type": "Feature", "properties": { "full_id": "n3922157455", "osm_id": "3922157455", "amenity": "fast_food" }, "geometry": { "type": "Point", "coordinates": [ -6.9416407, 33.9336337 ] } },
{ "type": "Feature", "properties": { "full_id": "n3922157456", "osm_id": "3922157456", "amenity": "cafe" }, "geometry": { "type": "Point", "coordinates": [ -6.9405963, 33.9335787 ] } },
{ "type": "Feature", "properties": { "full_id": "n3922160058", "osm_id": "3922160058", "amenity": "bank" }, "geometry": { "type": "Point", "coordinates": [ -6.9402037, 33.9333754 ] } },
{ "type": "Feature", "properties": { "full_id": "n3922160059", "osm_id": "3922160059", "amenity": "pharmacy" }, "geometry": { "type": "Point", "coordinates": [ -6.940455, 33.9335925 ] } },
{ "type": "Feature", "properties": { "full_id": "n3922160061", "osm_id": "3922160061", "amenity": "bank" }, "geometry": { "type": "Point", "coordinates": [ -6.9403847, 33.9338925 ] } },
{ "type": "Feature", "properties": { "full_id": "n3922160062", "osm_id": "3922160062", "amenity": "fast_food" }, "geometry": { "type": "Point", "coordinates": [ -6.9401595, 33.9333373 ] } },
{ "type": "Feature", "properties": { "full_id": "n3922160064", "osm_id": "3922160064", "amenity": "cafe" }, "geometry": { "type": "Point", "coordinates": [ -6.941671, 33.9338934 ] } },
{ "type": "Feature", "properties": { "full_id": "n3922171243", "osm_id": "3922171243", "amenity": "cafe" }, "geometry": { "type": "Point", "coordinates": [ -6.9402353, 33.9331858 ] } },
{ "type": "Feature", "properties": { "full_id": "n3925604029", "osm_id": "3925604029", "amenity": "restaurant" }, "geometry": { "type": "Point", "coordinates": [ -6.9758095, 33.9176006 ] } },
{ "type": "Feature", "properties": { "full_id": "n3925616040", "osm_id": "3925616040", "amenity": "cafe" }, "geometry": { "type": "Point", "coordinates": [ -6.9969906, 33.9006547 ] } },
{ "type": "Feature", "properties": { "full_id": "n3925715771", "osm_id": "3925715771", "amenity": "bar" }, "geometry": { "type": "Point", "coordinates": [ -6.9651823, 33.9193643 ] } },
{ "type": "Feature", "properties": { "full_id": "n3925716433", "osm_id": "3925716433", "amenity": "bar" }, "geometry": { "type": "Point", "coordinates": [ -6.9654628, 33.9191749 ] } },
{ "type": "Feature", "properties": { "full_id": "n3925834614", "osm_id": "3925834614", "amenity": "parking" }, "geometry": { "type": "Point", "coordinates": [ -6.9404283, 33.9373645 ] } },
{ "type": "Feature", "properties": { "full_id": "n4129213277", "osm_id": "4129213277", "amenity": "place_of_worship" }, "geometry": { "type": "Point", "coordinates": [ -6.9184346, 33.9082192 ] } },
{ "type": "Feature", "properties": { "full_id": "n4151506690", "osm_id": "4151506690", "amenity": "pharmacy" }, "geometry": { "type": "Point", "coordinates": [ -6.9340169, 33.9436808 ] } },
{ "type": "Feature", "properties": { "full_id": "n4151538490", "osm_id": "4151538490", "amenity": "pharmacy" }, "geometry": { "type": "Point", "coordinates": [ -6.9365945, 33.9414093 ] } },
{ "type": "Feature", "properties": { "full_id": "n4151540989", "osm_id": "4151540989", "amenity": "place_of_worship" }, "geometry": { "type": "Point", "coordinates": [ -6.9362111, 33.941836 ] } },
{ "type": "Feature", "properties": { "full_id": "n4290912302", "osm_id": "4290912302", "amenity": "cafe" }, "geometry": { "type": "Point", "coordinates": [ -7.0390128, 33.8509915 ] } },
{ "type": "Feature", "properties": { "full_id": "n4290912303", "osm_id": "4290912303", "amenity": "post_office" }, "geometry": { "type": "Point", "coordinates": [ -7.0388536, 33.8517968 ] } },
{ "type": "Feature", "properties": { "full_id": "n4290912305", "osm_id": "4290912305", "amenity": "cafe" }, "geometry": { "type": "Point", "coordinates": [ -7.0388138, 33.8511563 ] } },
{ "type": "Feature", "properties": { "full_id": "n4290912309", "osm_id": "4290912309", "amenity": "pharmacy" }, "geometry": { "type": "Point", "coordinates": [ -7.0377629, 33.850861 ] } },
{ "type": "Feature", "properties": { "full_id": "n4308440798", "osm_id": "4308440798", "amenity": "restaurant" }, "geometry": { "type": "Point", "coordinates": [ -7.0422761, 33.8487582 ] } },
{ "type": "Feature", "properties": { "full_id": "n4308440800", "osm_id": "4308440800", "amenity": "cafe" }, "geometry": { "type": "Point", "coordinates": [ -7.0414676, 33.8487578 ] } },
{ "type": "Feature", "properties": { "full_id": "n4308440802", "osm_id": "4308440802", "amenity": "cafe" }, "geometry": { "type": "Point", "coordinates": [ -7.0383406, 33.85027 ] } },
{ "type": "Feature", "properties": { "full_id": "n4313087989", "osm_id": "4313087989", "amenity": "courthouse" }, "geometry": { "type": "Point", "coordinates": [ -6.9370757, 33.9252672 ] } },
{ "type": "Feature", "properties": { "full_id": "n4319617594", "osm_id": "4319617594", "amenity": "restaurant" }, "geometry": { "type": "Point", "coordinates": [ -6.9419718, 33.9366632 ] } },
{ "type": "Feature", "properties": { "full_id": "n4361871550", "osm_id": "4361871550", "amenity": "post_office" }, "geometry": { "type": "Point", "coordinates": [ -6.9216481, 33.9107907 ] } },
{ "type": "Feature", "properties": { "full_id": "n4395061289", "osm_id": "4395061289", "amenity": "childcare" }, "geometry": { "type": "Point", "coordinates": [ -6.9530464, 33.9256431 ] } },
{ "type": "Feature", "properties": { "full_id": "n4396178393", "osm_id": "4396178393", "amenity": "cafe" }, "geometry": { "type": "Point", "coordinates": [ -6.9161467, 33.92492 ] } },
{ "type": "Feature", "properties": { "full_id": "n4441775690", "osm_id": "4441775690", "amenity": "cafe" }, "geometry": { "type": "Point", "coordinates": [ -6.9137995, 33.9096278 ] } },
{ "type": "Feature", "properties": { "full_id": "n4463206797", "osm_id": "4463206797", "amenity": "community_centre" }, "geometry": { "type": "Point", "coordinates": [ -6.9188251, 33.9123856 ] } },
{ "type": "Feature", "properties": { "full_id": "n4508499492", "osm_id": "4508499492", "amenity": "doctors" }, "geometry": { "type": "Point", "coordinates": [ -6.9281468, 33.9304766 ] } },
{ "type": "Feature", "properties": { "full_id": "n4508520189", "osm_id": "4508520189", "amenity": "doctors" }, "geometry": { "type": "Point", "coordinates": [ -6.9300393, 33.9249017 ] } },
{ "type": "Feature", "properties": { "full_id": "n4512198890", "osm_id": "4512198890", "amenity": "pharmacy" }, "geometry": { "type": "Point", "coordinates": [ -6.9310203, 33.9230063 ] } },
{ "type": "Feature", "properties": { "full_id": "n4561950831", "osm_id": "4561950831", "amenity": "fuel" }, "geometry": { "type": "Point", "coordinates": [ -6.9216491, 33.9212825 ] } },
{ "type": "Feature", "properties": { "full_id": "n4561971606", "osm_id": "4561971606", "amenity": "fuel" }, "geometry": { "type": "Point", "coordinates": [ -7.0465842, 33.8453042 ] } },
{ "type": "Feature", "properties": { "full_id": "n4568504770", "osm_id": "4568504770", "amenity": "cafe" }, "geometry": { "type": "Point", "coordinates": [ -6.9340574, 33.9000669 ] } },
{ "type": "Feature", "properties": { "full_id": "n4577814289", "osm_id": "4577814289", "amenity": "cafe" }, "geometry": { "type": "Point", "coordinates": [ -7.0418844, 33.8489617 ] } },
{ "type": "Feature", "properties": { "full_id": "n5002701621", "osm_id": "5002701621", "amenity": "school" }, "geometry": { "type": "Point", "coordinates": [ -6.9548333, 33.9257773 ] } },
{ "type": "Feature", "properties": { "full_id": "n5002702121", "osm_id": "5002702121", "amenity": "place_of_worship" }, "geometry": { "type": "Point", "coordinates": [ -6.9517114, 33.9229901 ] } },
{ "type": "Feature", "properties": { "full_id": "n5075076121", "osm_id": "5075076121", "amenity": "restaurant" }, "geometry": { "type": "Point", "coordinates": [ -6.9240105, 33.9125229 ] } },
{ "type": "Feature", "properties": { "full_id": "n5141272123", "osm_id": "5141272123", "amenity": "cafe" }, "geometry": { "type": "Point", "coordinates": [ -6.8935466, 33.9416112 ] } },
{ "type": "Feature", "properties": { "full_id": "n5275700224", "osm_id": "5275700224", "amenity": "restaurant" }, "geometry": { "type": "Point", "coordinates": [ -6.8972272, 33.9383852 ] } },
{ "type": "Feature", "properties": { "full_id": "n5395967021", "osm_id": "5395967021", "amenity": "fuel" }, "geometry": { "type": "Point", "coordinates": [ -6.7779187, 33.9058131 ] } },
{ "type": "Feature", "properties": { "full_id": "n5395967022", "osm_id": "5395967022", "amenity": "restaurant" }, "geometry": { "type": "Point", "coordinates": [ -6.7777328, 33.9060656 ] } },
{ "type": "Feature", "properties": { "full_id": "n5417632147", "osm_id": "5417632147", "amenity": "cafe" }, "geometry": { "type": "Point", "coordinates": [ -6.7592882, 33.9306177 ] } },
{ "type": "Feature", "properties": { "full_id": "n5417632190", "osm_id": "5417632190", "amenity": "toilets" }, "geometry": { "type": "Point", "coordinates": [ -6.759079, 33.9306845 ] } },
{ "type": "Feature", "properties": { "full_id": "n5417632211", "osm_id": "5417632211", "amenity": "parking" }, "geometry": { "type": "Point", "coordinates": [ -6.7597735, 33.9294268 ] } },
{ "type": "Feature", "properties": { "full_id": "n5417632389", "osm_id": "5417632389", "amenity": "parking" }, "geometry": { "type": "Point", "coordinates": [ -6.7772322, 33.9067151 ] } },
{ "type": "Feature", "properties": { "full_id": "n5581428809", "osm_id": "5581428809", "amenity": "fountain" }, "geometry": { "type": "Point", "coordinates": [ -6.9169516, 33.9255657 ] } },
{ "type": "Feature", "properties": { "full_id": "n5642483344", "osm_id": "5642483344", "amenity": "place_of_worship" }, "geometry": { "type": "Point", "coordinates": [ -6.9702522, 33.8863538 ] } },
{ "type": "Feature", "properties": { "full_id": "n5642483618", "osm_id": "5642483618", "amenity": "fuel" }, "geometry": { "type": "Point", "coordinates": [ -6.9638115, 33.890688 ] } },
{ "type": "Feature", "properties": { "full_id": "n5642483729", "osm_id": "5642483729", "amenity": "parking" }, "geometry": { "type": "Point", "coordinates": [ -6.9959368, 33.8903957 ] } },
{ "type": "Feature", "properties": { "full_id": "n5642484100", "osm_id": "5642484100", "amenity": "parking" }, "geometry": { "type": "Point", "coordinates": [ -6.9973233, 33.8639819 ] } },
{ "type": "Feature", "properties": { "full_id": "n5695093296", "osm_id": "5695093296", "amenity": "car_wash" }, "geometry": { "type": "Point", "coordinates": [ -6.8954642, 33.940237 ] } },
{ "type": "Feature", "properties": { "full_id": "n5906480210", "osm_id": "5906480210", "amenity": "pharmacy" }, "geometry": { "type": "Point", "coordinates": [ -6.8930863, 33.9405327 ] } },
{ "type": "Feature", "properties": { "full_id": "n6162427185", "osm_id": "6162427185", "amenity": "cafe" }, "geometry": { "type": "Point", "coordinates": [ -6.8030817, 33.8020524 ] } },
{ "type": "Feature", "properties": { "full_id": "n6202998185", "osm_id": "6202998185", "amenity": "pharmacy" }, "geometry": { "type": "Point", "coordinates": [ -6.9291602, 33.9267824 ] } },
{ "type": "Feature", "properties": { "full_id": "n6213065846", "osm_id": "6213065846", "amenity": "police" }, "geometry": { "type": "Point", "coordinates": [ -6.98883, 33.9077318 ] } },
{ "type": "Feature", "properties": { "full_id": "n6213065847", "osm_id": "6213065847", "amenity": "bar" }, "geometry": { "type": "Point", "coordinates": [ -6.9886912, 33.9079525 ] } },
{ "type": "Feature", "properties": { "full_id": "n6222921998", "osm_id": "6222921998", "amenity": "restaurant" }, "geometry": { "type": "Point", "coordinates": [ -6.954233, 33.9290099 ] } },
{ "type": "Feature", "properties": { "full_id": "n6222922388", "osm_id": "6222922388", "amenity": "restaurant" }, "geometry": { "type": "Point", "coordinates": [ -6.9545868, 33.928883 ] } },
{ "type": "Feature", "properties": { "full_id": "n6312480138", "osm_id": "6312480138", "amenity": "cafe" }, "geometry": { "type": "Point", "coordinates": [ -6.8970794, 33.9218904 ] } },
{ "type": "Feature", "properties": { "full_id": "n6543697247", "osm_id": "6543697247", "amenity": "fuel" }, "geometry": { "type": "Point", "coordinates": [ -6.7883241, 33.7996168 ] } },
{ "type": "Feature", "properties": { "full_id": "n6568826515", "osm_id": "6568826515", "amenity": "fuel" }, "geometry": { "type": "Point", "coordinates": [ -6.9069404, 33.8313565 ] } },
{ "type": "Feature", "properties": { "full_id": "n6576880433", "osm_id": "6576880433", "amenity": "restaurant" }, "geometry": { "type": "Point", "coordinates": [ -6.8525788, 33.8723243 ] } },
{ "type": "Feature", "properties": { "full_id": "n6576884932", "osm_id": "6576884932", "amenity": "restaurant" }, "geometry": { "type": "Point", "coordinates": [ -6.853302, 33.852046 ] } },
{ "type": "Feature", "properties": { "full_id": "n6745907391", "osm_id": "6745907391", "amenity": "parking_entrance" }, "geometry": { "type": "Point", "coordinates": [ -6.9437884, 33.9352169 ] } },
{ "type": "Feature", "properties": { "full_id": "n6958937887", "osm_id": "6958937887", "amenity": "parking" }, "geometry": { "type": "Point", "coordinates": [ -6.894119, 33.9434607 ] } },
{ "type": "Feature", "properties": { "full_id": "n6974290930", "osm_id": "6974290930", "amenity": "restaurant" }, "geometry": { "type": "Point", "coordinates": [ -6.9589927, 33.9248348 ] } },
{ "type": "Feature", "properties": { "full_id": "n7191465583", "osm_id": "7191465583", "amenity": "fast_food" }, "geometry": { "type": "Point", "coordinates": [ -6.8546731, 33.8560663 ] } },
{ "type": "Feature", "properties": { "full_id": "n7191479816", "osm_id": "7191479816", "amenity": "place_of_worship" }, "geometry": { "type": "Point", "coordinates": [ -6.8484607, 33.8591839 ] } },
{ "type": "Feature", "properties": { "full_id": "n7800830217", "osm_id": "7800830217", "amenity": "animal_breeding" }, "geometry": { "type": "Point", "coordinates": [ -6.7893742, 33.8735016 ] } },
{ "type": "Feature", "properties": { "full_id": "n7845558014", "osm_id": "7845558014", "amenity": "fast_food" }, "geometry": { "type": "Point", "coordinates": [ -6.9442278, 33.9351004 ] } },
{ "type": "Feature", "properties": { "full_id": "n8186513805", "osm_id": "8186513805", "amenity": "restaurant" }, "geometry": { "type": "Point", "coordinates": [ -6.9058166, 33.9102217 ] } },
{ "type": "Feature", "properties": { "full_id": "n8193729296", "osm_id": "8193729296", "amenity": "cafe" }, "geometry": { "type": "Point", "coordinates": [ -6.9065088, 33.9107258 ] } },
{ "type": "Feature", "properties": { "full_id": "n8426743017", "osm_id": "8426743017", "amenity": "atm" }, "geometry": { "type": "Point", "coordinates": [ -6.9331821, 33.9249953 ] } },
{ "type": "Feature", "properties": { "full_id": "n8568571714", "osm_id": "8568571714", "amenity": "pharmacy" }, "geometry": { "type": "Point", "coordinates": [ -6.8041633, 33.7970987 ] } },
{ "type": "Feature", "properties": { "full_id": "n8568611309", "osm_id": "8568611309", "amenity": "pharmacy" }, "geometry": { "type": "Point", "coordinates": [ -6.8013431, 33.7949159 ] } },
{ "type": "Feature", "properties": { "full_id": "n8568611310", "osm_id": "8568611310", "amenity": "pharmacy" }, "geometry": { "type": "Point", "coordinates": [ -6.7924179, 33.7991956 ] } },
{ "type": "Feature", "properties": { "full_id": "n8568612816", "osm_id": "8568612816", "amenity": "pharmacy" }, "geometry": { "type": "Point", "coordinates": [ -6.8091067, 33.7941705 ] } },
{ "type": "Feature", "properties": { "full_id": "n8568639207", "osm_id": "8568639207", "amenity": "pharmacy" }, "geometry": { "type": "Point", "coordinates": [ -6.7919483, 33.7871423 ] } },
{ "type": "Feature", "properties": { "full_id": "n8568645160", "osm_id": "8568645160", "amenity": "pharmacy" }, "geometry": { "type": "Point", "coordinates": [ -6.7949233, 33.792023 ] } },
{ "type": "Feature", "properties": { "full_id": "n8568650851", "osm_id": "8568650851", "amenity": "pharmacy" }, "geometry": { "type": "Point", "coordinates": [ -6.7979113, 33.7905159 ] } },
{ "type": "Feature", "properties": { "full_id": "n8568658245", "osm_id": "8568658245", "amenity": "pharmacy" }, "geometry": { "type": "Point", "coordinates": [ -6.8097714, 33.8054178 ] } },
{ "type": "Feature", "properties": { "full_id": "n8568660296", "osm_id": "8568660296", "amenity": "pharmacy" }, "geometry": { "type": "Point", "coordinates": [ -6.795735, 33.7992385 ] } },
{ "type": "Feature", "properties": { "full_id": "n8568665178", "osm_id": "8568665178", "amenity": "pharmacy" }, "geometry": { "type": "Point", "coordinates": [ -6.7983072, 33.804855 ] } },
{ "type": "Feature", "properties": { "full_id": "n8568665417", "osm_id": "8568665417", "amenity": "pharmacy" }, "geometry": { "type": "Point", "coordinates": [ -6.8012979, 33.797694 ] } },
{ "type": "Feature", "properties": { "full_id": "n8568666298", "osm_id": "8568666298", "amenity": "pharmacy" }, "geometry": { "type": "Point", "coordinates": [ -6.8076288, 33.7985681 ] } },
{ "type": "Feature", "properties": { "full_id": "n8568667425", "osm_id": "8568667425", "amenity": "pharmacy" }, "geometry": { "type": "Point", "coordinates": [ -6.7900107, 33.8034268 ] } },
{ "type": "Feature", "properties": { "full_id": "n8568670814", "osm_id": "8568670814", "amenity": "pharmacy" }, "geometry": { "type": "Point", "coordinates": [ -6.8053378, 33.8012817 ] } },
{ "type": "Feature", "properties": { "full_id": "n8568670815", "osm_id": "8568670815", "amenity": "pharmacy" }, "geometry": { "type": "Point", "coordinates": [ -6.794128, 33.8026438 ] } },
{ "type": "Feature", "properties": { "full_id": "n8568674489", "osm_id": "8568674489", "amenity": "pharmacy" }, "geometry": { "type": "Point", "coordinates": [ -6.7803525, 33.8032234 ] } },
{ "type": "Feature", "properties": { "full_id": "n8568676555", "osm_id": "8568676555", "amenity": "pharmacy" }, "geometry": { "type": "Point", "coordinates": [ -6.7973193, 33.8020546 ] } },
{ "type": "Feature", "properties": { "full_id": "n8568676690", "osm_id": "8568676690", "amenity": "pharmacy" }, "geometry": { "type": "Point", "coordinates": [ -6.7869474, 33.8050299 ] } },
{ "type": "Feature", "properties": { "full_id": "n8568680875", "osm_id": "8568680875", "amenity": "pharmacy" }, "geometry": { "type": "Point", "coordinates": [ -6.7952564, 33.8098186 ] } },
{ "type": "Feature", "properties": { "full_id": "n8568683492", "osm_id": "8568683492", "amenity": "pharmacy" }, "geometry": { "type": "Point", "coordinates": [ -6.7844797, 33.8040832 ] } },
{ "type": "Feature", "properties": { "full_id": "n8568692534", "osm_id": "8568692534", "amenity": "pharmacy" }, "geometry": { "type": "Point", "coordinates": [ -6.7855209, 33.8012124 ] } },
{ "type": "Feature", "properties": { "full_id": "n8568693351", "osm_id": "8568693351", "amenity": "pharmacy" }, "geometry": { "type": "Point", "coordinates": [ -6.7761639, 33.8066036 ] } },
{ "type": "Feature", "properties": { "full_id": "n8568693608", "osm_id": "8568693608", "amenity": "pharmacy" }, "geometry": { "type": "Point", "coordinates": [ -6.7859226, 33.806791 ] } },
{ "type": "Feature", "properties": { "full_id": "n8568705562", "osm_id": "8568705562", "amenity": "pharmacy" }, "geometry": { "type": "Point", "coordinates": [ -6.7818332, 33.8063695 ] } },
{ "type": "Feature", "properties": { "full_id": "n8568705571", "osm_id": "8568705571", "amenity": "pharmacy" }, "geometry": { "type": "Point", "coordinates": [ -6.791105, 33.8067405 ] } },
{ "type": "Feature", "properties": { "full_id": "n8568711663", "osm_id": "8568711663", "amenity": "pharmacy" }, "geometry": { "type": "Point", "coordinates": [ -6.9331717, 33.8647617 ] } },
{ "type": "Feature", "properties": { "full_id": "n8568713114", "osm_id": "8568713114", "amenity": "pharmacy" }, "geometry": { "type": "Point", "coordinates": [ -6.9018171, 33.8273291 ] } },
{ "type": "Feature", "properties": { "full_id": "n8568720221", "osm_id": "8568720221", "amenity": "pharmacy" }, "geometry": { "type": "Point", "coordinates": [ -6.9039744, 33.8280874 ] } },
{ "type": "Feature", "properties": { "full_id": "n8568720714", "osm_id": "8568720714", "amenity": "pharmacy" }, "geometry": { "type": "Point", "coordinates": [ -6.9011989, 33.8308233 ] } },
{ "type": "Feature", "properties": { "full_id": "n8568727653", "osm_id": "8568727653", "amenity": "pharmacy" }, "geometry": { "type": "Point", "coordinates": [ -6.9158519, 33.8289753 ] } },
{ "type": "Feature", "properties": { "full_id": "n8568728356", "osm_id": "8568728356", "amenity": "pharmacy" }, "geometry": { "type": "Point", "coordinates": [ -6.9032987, 33.826477 ] } },
{ "type": "Feature", "properties": { "full_id": "n8568730157", "osm_id": "8568730157", "amenity": "pharmacy" }, "geometry": { "type": "Point", "coordinates": [ -6.9041089, 33.8271995 ] } },
{ "type": "Feature", "properties": { "full_id": "n8568739993", "osm_id": "8568739993", "amenity": "pharmacy" }, "geometry": { "type": "Point", "coordinates": [ -6.9131197, 33.8303983 ] } },
{ "type": "Feature", "properties": { "full_id": "n8568742293", "osm_id": "8568742293", "amenity": "pharmacy" }, "geometry": { "type": "Point", "coordinates": [ -6.9065651, 33.8302219 ] } },
{ "type": "Feature", "properties": { "full_id": "n8568749796", "osm_id": "8568749796", "amenity": "pharmacy" }, "geometry": { "type": "Point", "coordinates": [ -6.913033, 33.8387902 ] } },
{ "type": "Feature", "properties": { "full_id": "n8568754740", "osm_id": "8568754740", "amenity": "pharmacy" }, "geometry": { "type": "Point", "coordinates": [ -6.9324059, 33.8388973 ] } },
{ "type": "Feature", "properties": { "full_id": "n8568755367", "osm_id": "8568755367", "amenity": "pharmacy" }, "geometry": { "type": "Point", "coordinates": [ -6.925908, 33.8360458 ] } },
{ "type": "Feature", "properties": { "full_id": "n8568757163", "osm_id": "8568757163", "amenity": "pharmacy" }, "geometry": { "type": "Point", "coordinates": [ -6.9238843, 33.8335635 ] } },
{ "type": "Feature", "properties": { "full_id": "n8568758030", "osm_id": "8568758030", "amenity": "pharmacy" }, "geometry": { "type": "Point", "coordinates": [ -6.9220432, 33.8369218 ] } },
{ "type": "Feature", "properties": { "full_id": "n8568758312", "osm_id": "8568758312", "amenity": "pharmacy" }, "geometry": { "type": "Point", "coordinates": [ -6.9281727, 33.8485737 ] } },
{ "type": "Feature", "properties": { "full_id": "n8568762835", "osm_id": "8568762835", "amenity": "pharmacy" }, "geometry": { "type": "Point", "coordinates": [ -6.9247683, 33.838862 ] } },
{ "type": "Feature", "properties": { "full_id": "n8568781565", "osm_id": "8568781565", "amenity": "pharmacy" }, "geometry": { "type": "Point", "coordinates": [ -6.9280706, 33.8335296 ] } },
{ "type": "Feature", "properties": { "full_id": "n8568781719", "osm_id": "8568781719", "amenity": "pharmacy" }, "geometry": { "type": "Point", "coordinates": [ -6.9312341, 33.8475508 ] } },
{ "type": "Feature", "properties": { "full_id": "n8568787273", "osm_id": "8568787273", "amenity": "pharmacy" }, "geometry": { "type": "Point", "coordinates": [ -6.9296526, 33.8637995 ] } },
{ "type": "Feature", "properties": { "full_id": "n8568788435", "osm_id": "8568788435", "amenity": "pharmacy" }, "geometry": { "type": "Point", "coordinates": [ -6.9359075, 33.8470047 ] } },
{ "type": "Feature", "properties": { "full_id": "n8568788741", "osm_id": "8568788741", "amenity": "pharmacy" }, "geometry": { "type": "Point", "coordinates": [ -6.9332897, 33.8504085 ] } },
{ "type": "Feature", "properties": { "full_id": "n8568810397", "osm_id": "8568810397", "amenity": "pharmacy" }, "geometry": { "type": "Point", "coordinates": [ -6.9288978, 33.8610201 ] } },
{ "type": "Feature", "properties": { "full_id": "n8568828557", "osm_id": "8568828557", "amenity": "pharmacy" }, "geometry": { "type": "Point", "coordinates": [ -6.9186411, 33.8708641 ] } },
{ "type": "Feature", "properties": { "full_id": "n8571527975", "osm_id": "8571527975", "amenity": "pharmacy" }, "geometry": { "type": "Point", "coordinates": [ -6.7862524, 33.8104789 ] } },
{ "type": "Feature", "properties": { "full_id": "n8571648405", "osm_id": "8571648405", "amenity": "pharmacy" }, "geometry": { "type": "Point", "coordinates": [ -6.803564, 33.8038708 ] } },
{ "type": "Feature", "properties": { "full_id": "n8571776294", "osm_id": "8571776294", "amenity": "pharmacy" }, "geometry": { "type": "Point", "coordinates": [ -6.8000439, 33.8000619 ] } },
{ "type": "Feature", "properties": { "full_id": "n8575002186", "osm_id": "8575002186", "amenity": "pharmacy" }, "geometry": { "type": "Point", "coordinates": [ -6.7928416, 33.808085 ] } },
{ "type": "Feature", "properties": { "full_id": "n8977417625", "osm_id": "8977417625", "amenity": "taxi" }, "geometry": { "type": "Point", "coordinates": [ -7.0371897, 33.8526566 ] } },
{ "type": "Feature", "properties": { "full_id": "n9064209417", "osm_id": "9064209417", "amenity": "fast_food" }, "geometry": { "type": "Point", "coordinates": [ -7.0584334, 33.8684555 ] } },
{ "type": "Feature", "properties": { "full_id": "n9064265818", "osm_id": "9064265818", "amenity": "restaurant" }, "geometry": { "type": "Point", "coordinates": [ -7.0627496, 33.8684766 ] } },
{ "type": "Feature", "properties": { "full_id": "n9111340468", "osm_id": "9111340468", "amenity": "pharmacy" }, "geometry": { "type": "Point", "coordinates": [ -7.0781534, 33.8299291 ] } },
{ "type": "Feature", "properties": { "full_id": "n9111349848", "osm_id": "9111349848", "amenity": "pharmacy" }, "geometry": { "type": "Point", "coordinates": [ -7.0559183, 33.8434966 ] } },
{ "type": "Feature", "properties": { "full_id": "n9111362755", "osm_id": "9111362755", "amenity": "pharmacy" }, "geometry": { "type": "Point", "coordinates": [ -7.0570035, 33.8331123 ] } },
{ "type": "Feature", "properties": { "full_id": "n9111368457", "osm_id": "9111368457", "amenity": "pharmacy" }, "geometry": { "type": "Point", "coordinates": [ -7.0538728, 33.8314388 ] } },
{ "type": "Feature", "properties": { "full_id": "n9111432868", "osm_id": "9111432868", "amenity": "pharmacy" }, "geometry": { "type": "Point", "coordinates": [ -7.0462371, 33.8440205 ] } },
{ "type": "Feature", "properties": { "full_id": "n9111436116", "osm_id": "9111436116", "amenity": "pharmacy" }, "geometry": { "type": "Point", "coordinates": [ -7.0385862, 33.8375833 ] } },
{ "type": "Feature", "properties": { "full_id": "n9111438676", "osm_id": "9111438676", "amenity": "pharmacy" }, "geometry": { "type": "Point", "coordinates": [ -7.0451249, 33.8392868 ] } },
{ "type": "Feature", "properties": { "full_id": "n9111443364", "osm_id": "9111443364", "amenity": "pharmacy" }, "geometry": { "type": "Point", "coordinates": [ -7.0450252, 33.8455538 ] } },
{ "type": "Feature", "properties": { "full_id": "n9114718504", "osm_id": "9114718504", "amenity": "pharmacy" }, "geometry": { "type": "Point", "coordinates": [ -7.0328618, 33.8436255 ] } },
{ "type": "Feature", "properties": { "full_id": "n9114739145", "osm_id": "9114739145", "amenity": "pharmacy" }, "geometry": { "type": "Point", "coordinates": [ -7.0433719, 33.8470104 ] } },
{ "type": "Feature", "properties": { "full_id": "n9114739146", "osm_id": "9114739146", "amenity": "pharmacy" }, "geometry": { "type": "Point", "coordinates": [ -7.0412448, 33.8483679 ] } },
{ "type": "Feature", "properties": { "full_id": "n9114742511", "osm_id": "9114742511", "amenity": "pharmacy" }, "geometry": { "type": "Point", "coordinates": [ -7.02746, 33.8456772 ] } },
{ "type": "Feature", "properties": { "full_id": "n9114764689", "osm_id": "9114764689", "amenity": "pharmacy" }, "geometry": { "type": "Point", "coordinates": [ -7.0362838, 33.8443302 ] } },
{ "type": "Feature", "properties": { "full_id": "n9114781037", "osm_id": "9114781037", "amenity": "pharmacy" }, "geometry": { "type": "Point", "coordinates": [ -7.0396416, 33.8430193 ] } },
{ "type": "Feature", "properties": { "full_id": "n9114822153", "osm_id": "9114822153", "amenity": "pharmacy" }, "geometry": { "type": "Point", "coordinates": [ -7.0396307, 33.8488898 ] } },
{ "type": "Feature", "properties": { "full_id": "n9117540182", "osm_id": "9117540182", "amenity": "pharmacy" }, "geometry": { "type": "Point", "coordinates": [ -7.0351058, 33.8508787 ] } },
{ "type": "Feature", "properties": { "full_id": "n9117761676", "osm_id": "9117761676", "amenity": "pharmacy" }, "geometry": { "type": "Point", "coordinates": [ -7.0399973, 33.8517991 ] } },
{ "type": "Feature", "properties": { "full_id": "n9117774491", "osm_id": "9117774491", "amenity": "pharmacy" }, "geometry": { "type": "Point", "coordinates": [ -7.0308915, 33.8572628 ] } },
{ "type": "Feature", "properties": { "full_id": "n9117804491", "osm_id": "9117804491", "amenity": "pharmacy" }, "geometry": { "type": "Point", "coordinates": [ -7.0287165, 33.8576178 ] } },
{ "type": "Feature", "properties": { "full_id": "n9120438561", "osm_id": "9120438561", "amenity": "pharmacy" }, "geometry": { "type": "Point", "coordinates": [ -7.0011622, 33.8787188 ] } },
{ "type": "Feature", "properties": { "full_id": "n9120476195", "osm_id": "9120476195", "amenity": "pharmacy" }, "geometry": { "type": "Point", "coordinates": [ -7.0347048, 33.8538426 ] } },
{ "type": "Feature", "properties": { "full_id": "n9120480685", "osm_id": "9120480685", "amenity": "pharmacy" }, "geometry": { "type": "Point", "coordinates": [ -7.0258699, 33.8552192 ] } },
{ "type": "Feature", "properties": { "full_id": "n9120490259", "osm_id": "9120490259", "amenity": "pharmacy" }, "geometry": { "type": "Point", "coordinates": [ -7.0319172, 33.848757 ] } },
{ "type": "Feature", "properties": { "full_id": "n9120496088", "osm_id": "9120496088", "amenity": "pharmacy" }, "geometry": { "type": "Point", "coordinates": [ -7.0238618, 33.8511311 ] } },
{ "type": "Feature", "properties": { "full_id": "n9120496497", "osm_id": "9120496497", "amenity": "pharmacy" }, "geometry": { "type": "Point", "coordinates": [ -7.0277403, 33.8514549 ] } },
{ "type": "Feature", "properties": { "full_id": "n9120532445", "osm_id": "9120532445", "amenity": "pharmacy" }, "geometry": { "type": "Point", "coordinates": [ -7.0160351, 33.8560629 ] } },
{ "type": "Feature", "properties": { "full_id": "n9120541046", "osm_id": "9120541046", "amenity": "pharmacy" }, "geometry": { "type": "Point", "coordinates": [ -7.0183203, 33.8606475 ] } },
{ "type": "Feature", "properties": { "full_id": "n9127081452", "osm_id": "9127081452", "amenity": "pharmacy" }, "geometry": { "type": "Point", "coordinates": [ -6.9783761, 33.8746108 ] } },
{ "type": "Feature", "properties": { "full_id": "n9127183064", "osm_id": "9127183064", "amenity": "pharmacy" }, "geometry": { "type": "Point", "coordinates": [ -6.9678158, 33.8844585 ] } },
{ "type": "Feature", "properties": { "full_id": "n9129850523", "osm_id": "9129850523", "amenity": "pharmacy" }, "geometry": { "type": "Point", "coordinates": [ -6.9646063, 33.8867602 ] } },
{ "type": "Feature", "properties": { "full_id": "n9129865081", "osm_id": "9129865081", "amenity": "pharmacy" }, "geometry": { "type": "Point", "coordinates": [ -6.9606901, 33.8925579 ] } },
{ "type": "Feature", "properties": { "full_id": "n9129925427", "osm_id": "9129925427", "amenity": "pharmacy" }, "geometry": { "type": "Point", "coordinates": [ -6.9355343, 33.8959471 ] } },
{ "type": "Feature", "properties": { "full_id": "n9129945339", "osm_id": "9129945339", "amenity": "pharmacy" }, "geometry": { "type": "Point", "coordinates": [ -6.93196, 33.8946815 ] } },
{ "type": "Feature", "properties": { "full_id": "n9129969336", "osm_id": "9129969336", "amenity": "pharmacy" }, "geometry": { "type": "Point", "coordinates": [ -6.9297096, 33.8966775 ] } },
{ "type": "Feature", "properties": { "full_id": "n9130005815", "osm_id": "9130005815", "amenity": "pharmacy" }, "geometry": { "type": "Point", "coordinates": [ -6.9346514, 33.9014891 ] } },
{ "type": "Feature", "properties": { "full_id": "n9130016599", "osm_id": "9130016599", "amenity": "pharmacy" }, "geometry": { "type": "Point", "coordinates": [ -6.9319935, 33.9039311 ] } },
{ "type": "Feature", "properties": { "full_id": "n9130034583", "osm_id": "9130034583", "amenity": "pharmacy" }, "geometry": { "type": "Point", "coordinates": [ -6.9282568, 33.9025831 ] } },
{ "type": "Feature", "properties": { "full_id": "n9130035572", "osm_id": "9130035572", "amenity": "pharmacy" }, "geometry": { "type": "Point", "coordinates": [ -6.9306125, 33.8995265 ] } },
{ "type": "Feature", "properties": { "full_id": "n9130079452", "osm_id": "9130079452", "amenity": "pharmacy" }, "geometry": { "type": "Point", "coordinates": [ -6.9343977, 33.906197 ] } },
{ "type": "Feature", "properties": { "full_id": "n9135658626", "osm_id": "9135658626", "amenity": "pharmacy" }, "geometry": { "type": "Point", "coordinates": [ -6.9211785, 33.8906682 ] } },
{ "type": "Feature", "properties": { "full_id": "n9135670373", "osm_id": "9135670373", "amenity": "pharmacy" }, "geometry": { "type": "Point", "coordinates": [ -6.9249127, 33.899662 ] } },
{ "type": "Feature", "properties": { "full_id": "n9135689189", "osm_id": "9135689189", "amenity": "pharmacy" }, "geometry": { "type": "Point", "coordinates": [ -6.9236075, 33.9076189 ] } },
{ "type": "Feature", "properties": { "full_id": "n9135694276", "osm_id": "9135694276", "amenity": "pharmacy" }, "geometry": { "type": "Point", "coordinates": [ -6.9233913, 33.9018538 ] } },
{ "type": "Feature", "properties": { "full_id": "n9135714322", "osm_id": "9135714322", "amenity": "pharmacy" }, "geometry": { "type": "Point", "coordinates": [ -6.9260325, 33.9049666 ] } },
{ "type": "Feature", "properties": { "full_id": "n9135727523", "osm_id": "9135727523", "amenity": "pharmacy" }, "geometry": { "type": "Point", "coordinates": [ -6.9230663, 33.9053782 ] } },
{ "type": "Feature", "properties": { "full_id": "n9135730543", "osm_id": "9135730543", "amenity": "pharmacy" }, "geometry": { "type": "Point", "coordinates": [ -6.9270748, 33.9072147 ] } },
{ "type": "Feature", "properties": { "full_id": "n9135766454", "osm_id": "9135766454", "amenity": "pharmacy" }, "geometry": { "type": "Point", "coordinates": [ -6.9295412, 33.9059939 ] } },
{ "type": "Feature", "properties": { "full_id": "n9135790575", "osm_id": "9135790575", "amenity": "pharmacy" }, "geometry": { "type": "Point", "coordinates": [ -6.9283621, 33.913484 ] } },
{ "type": "Feature", "properties": { "full_id": "n9135940495", "osm_id": "9135940495", "amenity": "pharmacy" }, "geometry": { "type": "Point", "coordinates": [ -6.9322297, 33.9107361 ] } },
{ "type": "Feature", "properties": { "full_id": "n9135960663", "osm_id": "9135960663", "amenity": "pharmacy" }, "geometry": { "type": "Point", "coordinates": [ -6.9311325, 33.9087987 ] } },
{ "type": "Feature", "properties": { "full_id": "n9137967753", "osm_id": "9137967753", "amenity": "pharmacy" }, "geometry": { "type": "Point", "coordinates": [ -6.970836, 33.9161007 ] } },
{ "type": "Feature", "properties": { "full_id": "n9138095203", "osm_id": "9138095203", "amenity": "pharmacy" }, "geometry": { "type": "Point", "coordinates": [ -6.9330918, 33.9467779 ] } },
{ "type": "Feature", "properties": { "full_id": "n9138129062", "osm_id": "9138129062", "amenity": "pharmacy" }, "geometry": { "type": "Point", "coordinates": [ -6.9698401, 33.9116419 ] } },
{ "type": "Feature", "properties": { "full_id": "n9138168442", "osm_id": "9138168442", "amenity": "pharmacy" }, "geometry": { "type": "Point", "coordinates": [ -6.9618995, 33.9140096 ] } },
{ "type": "Feature", "properties": { "full_id": "n9138172113", "osm_id": "9138172113", "amenity": "pharmacy" }, "geometry": { "type": "Point", "coordinates": [ -6.9620737, 33.9209668 ] } },
{ "type": "Feature", "properties": { "full_id": "n9140086277", "osm_id": "9140086277", "amenity": "pharmacy" }, "geometry": { "type": "Point", "coordinates": [ -6.9588618, 33.9248926 ] } },
{ "type": "Feature", "properties": { "full_id": "n9140112567", "osm_id": "9140112567", "amenity": "pharmacy" }, "geometry": { "type": "Point", "coordinates": [ -6.9393493, 33.9372478 ] } },
{ "type": "Feature", "properties": { "full_id": "n9142027704", "osm_id": "9142027704", "amenity": "pharmacy" }, "geometry": { "type": "Point", "coordinates": [ -6.9695212, 33.8914394 ] } },
{ "type": "Feature", "properties": { "full_id": "n9142395016", "osm_id": "9142395016", "amenity": "pharmacy" }, "geometry": { "type": "Point", "coordinates": [ -6.9866044, 33.8849696 ] } },
{ "type": "Feature", "properties": { "full_id": "n9142409793", "osm_id": "9142409793", "amenity": "pharmacy" }, "geometry": { "type": "Point", "coordinates": [ -6.9404058, 33.9147773 ] } },
{ "type": "Feature", "properties": { "full_id": "n9142419637", "osm_id": "9142419637", "amenity": "pharmacy" }, "geometry": { "type": "Point", "coordinates": [ -6.9373046, 33.9128603 ] } },
{ "type": "Feature", "properties": { "full_id": "n9142451756", "osm_id": "9142451756", "amenity": "pharmacy" }, "geometry": { "type": "Point", "coordinates": [ -6.9361179, 33.9182108 ] } },
{ "type": "Feature", "properties": { "full_id": "n9142587436", "osm_id": "9142587436", "amenity": "pharmacy" }, "geometry": { "type": "Point", "coordinates": [ -6.9337317, 33.9187879 ] } },
{ "type": "Feature", "properties": { "full_id": "n9152751579", "osm_id": "9152751579", "amenity": "pharmacy" }, "geometry": { "type": "Point", "coordinates": [ -6.9374179, 33.9270462 ] } },
{ "type": "Feature", "properties": { "full_id": "n9152760168", "osm_id": "9152760168", "amenity": "pharmacy" }, "geometry": { "type": "Point", "coordinates": [ -6.930025, 33.9187315 ] } },
{ "type": "Feature", "properties": { "full_id": "n9152766012", "osm_id": "9152766012", "amenity": "pharmacy" }, "geometry": { "type": "Point", "coordinates": [ -6.9362756, 33.9249094 ] } },
{ "type": "Feature", "properties": { "full_id": "n9152802395", "osm_id": "9152802395", "amenity": "pharmacy" }, "geometry": { "type": "Point", "coordinates": [ -6.928671, 33.9231017 ] } },
{ "type": "Feature", "properties": { "full_id": "n9152809426", "osm_id": "9152809426", "amenity": "pharmacy" }, "geometry": { "type": "Point", "coordinates": [ -6.9205466, 33.9251264 ] } },
{ "type": "Feature", "properties": { "full_id": "n9152827436", "osm_id": "9152827436", "amenity": "pharmacy" }, "geometry": { "type": "Point", "coordinates": [ -6.9248428, 33.9238885 ] } },
{ "type": "Feature", "properties": { "full_id": "n9152867537", "osm_id": "9152867537", "amenity": "pharmacy" }, "geometry": { "type": "Point", "coordinates": [ -6.9272041, 33.9257001 ] } },
{ "type": "Feature", "properties": { "full_id": "n9152869576", "osm_id": "9152869576", "amenity": "pharmacy" }, "geometry": { "type": "Point", "coordinates": [ -6.9325478, 33.9270952 ] } },
{ "type": "Feature", "properties": { "full_id": "n9152869622", "osm_id": "9152869622", "amenity": "pharmacy" }, "geometry": { "type": "Point", "coordinates": [ -6.9265001, 33.9281361 ] } },
{ "type": "Feature", "properties": { "full_id": "n9152918269", "osm_id": "9152918269", "amenity": "pharmacy" }, "geometry": { "type": "Point", "coordinates": [ -6.929014, 33.9296684 ] } },
{ "type": "Feature", "properties": { "full_id": "n9155474012", "osm_id": "9155474012", "amenity": "pharmacy" }, "geometry": { "type": "Point", "coordinates": [ -6.920648, 33.937401 ] } },
{ "type": "Feature", "properties": { "full_id": "n9155577073", "osm_id": "9155577073", "amenity": "pharmacy" }, "geometry": { "type": "Point", "coordinates": [ -6.9206679, 33.8974704 ] } },
{ "type": "Feature", "properties": { "full_id": "n9155579071", "osm_id": "9155579071", "amenity": "pharmacy" }, "geometry": { "type": "Point", "coordinates": [ -6.9170177, 33.8980005 ] } },
{ "type": "Feature", "properties": { "full_id": "n9155588156", "osm_id": "9155588156", "amenity": "pharmacy" }, "geometry": { "type": "Point", "coordinates": [ -6.9187741, 33.9016216 ] } },
{ "type": "Feature", "properties": { "full_id": "n9155617069", "osm_id": "9155617069", "amenity": "pharmacy" }, "geometry": { "type": "Point", "coordinates": [ -6.9140238, 33.903609 ] } },
{ "type": "Feature", "properties": { "full_id": "n9155628951", "osm_id": "9155628951", "amenity": "pharmacy" }, "geometry": { "type": "Point", "coordinates": [ -6.9121661, 33.9058091 ] } },
{ "type": "Feature", "properties": { "full_id": "n9155630551", "osm_id": "9155630551", "amenity": "pharmacy" }, "geometry": { "type": "Point", "coordinates": [ -6.9178434, 33.904325 ] } },
{ "type": "Feature", "properties": { "full_id": "n9155655239", "osm_id": "9155655239", "amenity": "pharmacy" }, "geometry": { "type": "Point", "coordinates": [ -6.9152836, 33.9066687 ] } },
{ "type": "Feature", "properties": { "full_id": "n9155662704", "osm_id": "9155662704", "amenity": "pharmacy" }, "geometry": { "type": "Point", "coordinates": [ -6.9086815, 33.9079077 ] } },
{ "type": "Feature", "properties": { "full_id": "n9155678176", "osm_id": "9155678176", "amenity": "pharmacy" }, "geometry": { "type": "Point", "coordinates": [ -6.9087569, 33.910868 ] } },
{ "type": "Feature", "properties": { "full_id": "n9155678272", "osm_id": "9155678272", "amenity": "pharmacy" }, "geometry": { "type": "Point", "coordinates": [ -6.9053822, 33.9109904 ] } },
{ "type": "Feature", "properties": { "full_id": "n9155692374", "osm_id": "9155692374", "amenity": "pharmacy" }, "geometry": { "type": "Point", "coordinates": [ -6.906729, 33.913744 ] } },
{ "type": "Feature", "properties": { "full_id": "n9155707235", "osm_id": "9155707235", "amenity": "pharmacy" }, "geometry": { "type": "Point", "coordinates": [ -6.9003706, 33.9201526 ] } },
{ "type": "Feature", "properties": { "full_id": "n9158259302", "osm_id": "9158259302", "amenity": "pharmacy" }, "geometry": { "type": "Point", "coordinates": [ -6.8854504, 33.9217184 ] } },
{ "type": "Feature", "properties": { "full_id": "n9158296438", "osm_id": "9158296438", "amenity": "pharmacy" }, "geometry": { "type": "Point", "coordinates": [ -6.8889785, 33.9146273 ] } },
{ "type": "Feature", "properties": { "full_id": "n9158312985", "osm_id": "9158312985", "amenity": "pharmacy" }, "geometry": { "type": "Point", "coordinates": [ -6.8867194, 33.9157845 ] } },
{ "type": "Feature", "properties": { "full_id": "n9158318437", "osm_id": "9158318437", "amenity": "pharmacy" }, "geometry": { "type": "Point", "coordinates": [ -6.8904975, 33.9170967 ] } },
{ "type": "Feature", "properties": { "full_id": "n9158342019", "osm_id": "9158342019", "amenity": "pharmacy" }, "geometry": { "type": "Point", "coordinates": [ -6.8874284, 33.9192774 ] } },
{ "type": "Feature", "properties": { "full_id": "n9158361929", "osm_id": "9158361929", "amenity": "pharmacy" }, "geometry": { "type": "Point", "coordinates": [ -6.8909732, 33.928809 ] } },
{ "type": "Feature", "properties": { "full_id": "n9158376299", "osm_id": "9158376299", "amenity": "pharmacy" }, "geometry": { "type": "Point", "coordinates": [ -6.8865728, 33.9262605 ] } },
{ "type": "Feature", "properties": { "full_id": "n9158400462", "osm_id": "9158400462", "amenity": "pharmacy" }, "geometry": { "type": "Point", "coordinates": [ -6.893479, 33.9264648 ] } },
{ "type": "Feature", "properties": { "full_id": "n9158434288", "osm_id": "9158434288", "amenity": "pharmacy" }, "geometry": { "type": "Point", "coordinates": [ -6.8900068, 33.9262586 ] } },
{ "type": "Feature", "properties": { "full_id": "n9158464029", "osm_id": "9158464029", "amenity": "pharmacy" }, "geometry": { "type": "Point", "coordinates": [ -6.8919994, 33.9242032 ] } },
{ "type": "Feature", "properties": { "full_id": "n9158489885", "osm_id": "9158489885", "amenity": "pharmacy" }, "geometry": { "type": "Point", "coordinates": [ -6.897484, 33.9228441 ] } },
{ "type": "Feature", "properties": { "full_id": "n9158516408", "osm_id": "9158516408", "amenity": "pharmacy" }, "geometry": { "type": "Point", "coordinates": [ -6.8950291, 33.9228264 ] } },
{ "type": "Feature", "properties": { "full_id": "n9158575295", "osm_id": "9158575295", "amenity": "pharmacy" }, "geometry": { "type": "Point", "coordinates": [ -6.8966467, 33.9198499 ] } },
{ "type": "Feature", "properties": { "full_id": "n9158580680", "osm_id": "9158580680", "amenity": "pharmacy" }, "geometry": { "type": "Point", "coordinates": [ -6.8932382, 33.921263 ] } },
{ "type": "Feature", "properties": { "full_id": "n9158690007", "osm_id": "9158690007", "amenity": "pharmacy" }, "geometry": { "type": "Point", "coordinates": [ -6.8897352, 33.9216662 ] } },
{ "type": "Feature", "properties": { "full_id": "n9158755725", "osm_id": "9158755725", "amenity": "pharmacy" }, "geometry": { "type": "Point", "coordinates": [ -6.8913652, 33.9201295 ] } },
{ "type": "Feature", "properties": { "full_id": "n9158923202", "osm_id": "9158923202", "amenity": "pharmacy" }, "geometry": { "type": "Point", "coordinates": [ -6.8940202, 33.9177626 ] } },
{ "type": "Feature", "properties": { "full_id": "n9160454851", "osm_id": "9160454851", "amenity": "pharmacy" }, "geometry": { "type": "Point", "coordinates": [ -6.8849284, 33.9371878 ] } },
{ "type": "Feature", "properties": { "full_id": "n9160464959", "osm_id": "9160464959", "amenity": "pharmacy" }, "geometry": { "type": "Point", "coordinates": [ -6.8844553, 33.9405698 ] } },
{ "type": "Feature", "properties": { "full_id": "n9160469770", "osm_id": "9160469770", "amenity": "pharmacy" }, "geometry": { "type": "Point", "coordinates": [ -6.8834139, 33.9427007 ] } },
{ "type": "Feature", "properties": { "full_id": "n9160511077", "osm_id": "9160511077", "amenity": "pharmacy" }, "geometry": { "type": "Point", "coordinates": [ -6.8862505, 33.9423669 ] } },
{ "type": "Feature", "properties": { "full_id": "n9160515876", "osm_id": "9160515876", "amenity": "pharmacy" }, "geometry": { "type": "Point", "coordinates": [ -6.8876555, 33.9364125 ] } },
{ "type": "Feature", "properties": { "full_id": "n9160529262", "osm_id": "9160529262", "amenity": "pharmacy" }, "geometry": { "type": "Point", "coordinates": [ -6.8877409, 33.9403017 ] } },
{ "type": "Feature", "properties": { "full_id": "n9160536758", "osm_id": "9160536758", "amenity": "pharmacy" }, "geometry": { "type": "Point", "coordinates": [ -6.8866628, 33.9389333 ] } },
{ "type": "Feature", "properties": { "full_id": "n9160585971", "osm_id": "9160585971", "amenity": "pharmacy" }, "geometry": { "type": "Point", "coordinates": [ -6.8933101, 33.9371887 ] } },
{ "type": "Feature", "properties": { "full_id": "n9160642265", "osm_id": "9160642265", "amenity": "pharmacy" }, "geometry": { "type": "Point", "coordinates": [ -6.8911083, 33.9390192 ] } },
{ "type": "Feature", "properties": { "full_id": "n9160747452", "osm_id": "9160747452", "amenity": "pharmacy" }, "geometry": { "type": "Point", "coordinates": [ -6.8951207, 33.9386033 ] } },
{ "type": "Feature", "properties": { "full_id": "n9160758769", "osm_id": "9160758769", "amenity": "pharmacy" }, "geometry": { "type": "Point", "coordinates": [ -6.8919746, 33.9344817 ] } },
{ "type": "Feature", "properties": { "full_id": "n9160773673", "osm_id": "9160773673", "amenity": "pharmacy" }, "geometry": { "type": "Point", "coordinates": [ -6.9004563, 33.9410053 ] } },
{ "type": "Feature", "properties": { "full_id": "n9160794476", "osm_id": "9160794476", "amenity": "pharmacy" }, "geometry": { "type": "Point", "coordinates": [ -6.8975602, 33.9416153 ] } },
{ "type": "Feature", "properties": { "full_id": "n9162455587", "osm_id": "9162455587", "amenity": "pharmacy" }, "geometry": { "type": "Point", "coordinates": [ -6.8948429, 33.9334471 ] } },
{ "type": "Feature", "properties": { "full_id": "n9162456936", "osm_id": "9162456936", "amenity": "pharmacy" }, "geometry": { "type": "Point", "coordinates": [ -6.8982848, 33.9366248 ] } },
{ "type": "Feature", "properties": { "full_id": "n9162503647", "osm_id": "9162503647", "amenity": "pharmacy" }, "geometry": { "type": "Point", "coordinates": [ -6.8980801, 33.9327124 ] } },
{ "type": "Feature", "properties": { "full_id": "n9162503648", "osm_id": "9162503648", "amenity": "pharmacy" }, "geometry": { "type": "Point", "coordinates": [ -6.8992114, 33.9300581 ] } },
{ "type": "Feature", "properties": { "full_id": "n9162519401", "osm_id": "9162519401", "amenity": "pharmacy" }, "geometry": { "type": "Point", "coordinates": [ -6.9014276, 33.9312391 ] } },
{ "type": "Feature", "properties": { "full_id": "n9162529966", "osm_id": "9162529966", "amenity": "pharmacy" }, "geometry": { "type": "Point", "coordinates": [ -6.9039631, 33.9305512 ] } },
{ "type": "Feature", "properties": { "full_id": "n9162554544", "osm_id": "9162554544", "amenity": "pharmacy" }, "geometry": { "type": "Point", "coordinates": [ -6.9071789, 33.9327517 ] } },
{ "type": "Feature", "properties": { "full_id": "n9162697231", "osm_id": "9162697231", "amenity": "pharmacy" }, "geometry": { "type": "Point", "coordinates": [ -6.8991335, 33.9393475 ] } },
{ "type": "Feature", "properties": { "full_id": "n9162719792", "osm_id": "9162719792", "amenity": "pharmacy" }, "geometry": { "type": "Point", "coordinates": [ -6.9020855, 33.9337937 ] } },
{ "type": "Feature", "properties": { "full_id": "n9162721554", "osm_id": "9162721554", "amenity": "pharmacy" }, "geometry": { "type": "Point", "coordinates": [ -6.9064874, 33.9357349 ] } },
{ "type": "Feature", "properties": { "full_id": "n9162735514", "osm_id": "9162735514", "amenity": "pharmacy" }, "geometry": { "type": "Point", "coordinates": [ -6.9097087, 33.9343147 ] } },
{ "type": "Feature", "properties": { "full_id": "n9165032218", "osm_id": "9165032218", "amenity": "pharmacy" }, "geometry": { "type": "Point", "coordinates": [ -6.8957097, 33.9286568 ] } },
{ "type": "Feature", "properties": { "full_id": "n9165039174", "osm_id": "9165039174", "amenity": "pharmacy" }, "geometry": { "type": "Point", "coordinates": [ -6.8932609, 33.9303761 ] } },
{ "type": "Feature", "properties": { "full_id": "n9165066529", "osm_id": "9165066529", "amenity": "pharmacy" }, "geometry": { "type": "Point", "coordinates": [ -6.8967799, 33.927296 ] } },
{ "type": "Feature", "properties": { "full_id": "n9165092886", "osm_id": "9165092886", "amenity": "pharmacy" }, "geometry": { "type": "Point", "coordinates": [ -6.9000699, 33.9287041 ] } },
{ "type": "Feature", "properties": { "full_id": "n9165108210", "osm_id": "9165108210", "amenity": "pharmacy" }, "geometry": { "type": "Point", "coordinates": [ -6.901968, 33.9266607 ] } },
{ "type": "Feature", "properties": { "full_id": "n9165139581", "osm_id": "9165139581", "amenity": "pharmacy" }, "geometry": { "type": "Point", "coordinates": [ -6.8994468, 33.9254898 ] } },
{ "type": "Feature", "properties": { "full_id": "n9165254177", "osm_id": "9165254177", "amenity": "pharmacy" }, "geometry": { "type": "Point", "coordinates": [ -6.917565, 33.9245592 ] } },
{ "type": "Feature", "properties": { "full_id": "n9165261383", "osm_id": "9165261383", "amenity": "pharmacy" }, "geometry": { "type": "Point", "coordinates": [ -6.9079699, 33.9281315 ] } },
{ "type": "Feature", "properties": { "full_id": "n9165265721", "osm_id": "9165265721", "amenity": "pharmacy" }, "geometry": { "type": "Point", "coordinates": [ -6.9095421, 33.921258 ] } },
{ "type": "Feature", "properties": { "full_id": "n9165293018", "osm_id": "9165293018", "amenity": "pharmacy" }, "geometry": { "type": "Point", "coordinates": [ -6.9086836, 33.9250446 ] } },
{ "type": "Feature", "properties": { "full_id": "n9165315371", "osm_id": "9165315371", "amenity": "pharmacy" }, "geometry": { "type": "Point", "coordinates": [ -6.9051324, 33.9234948 ] } },
{ "type": "Feature", "properties": { "full_id": "n9165319321", "osm_id": "9165319321", "amenity": "pharmacy" }, "geometry": { "type": "Point", "coordinates": [ -6.9057074, 33.9263421 ] } },
{ "type": "Feature", "properties": { "full_id": "n9165331032", "osm_id": "9165331032", "amenity": "pharmacy" }, "geometry": { "type": "Point", "coordinates": [ -6.9030973, 33.9210433 ] } },
{ "type": "Feature", "properties": { "full_id": "n9165388895", "osm_id": "9165388895", "amenity": "pharmacy" }, "geometry": { "type": "Point", "coordinates": [ -6.9031235, 33.9186575 ] } },
{ "type": "Feature", "properties": { "full_id": "n9165388962", "osm_id": "9165388962", "amenity": "pharmacy" }, "geometry": { "type": "Point", "coordinates": [ -6.9053563, 33.9187178 ] } },
{ "type": "Feature", "properties": { "full_id": "n9165566976", "osm_id": "9165566976", "amenity": "pharmacy" }, "geometry": { "type": "Point", "coordinates": [ -6.906389, 33.9207794 ] } },
{ "type": "Feature", "properties": { "full_id": "n9165644778", "osm_id": "9165644778", "amenity": "pharmacy" }, "geometry": { "type": "Point", "coordinates": [ -6.9172712, 33.9252812 ] } },
{ "type": "Feature", "properties": { "full_id": "n9167536234", "osm_id": "9167536234", "amenity": "pharmacy" }, "geometry": { "type": "Point", "coordinates": [ -6.9064637, 33.9160794 ] } },
{ "type": "Feature", "properties": { "full_id": "n9167541186", "osm_id": "9167541186", "amenity": "pharmacy" }, "geometry": { "type": "Point", "coordinates": [ -6.9088554, 33.9189754 ] } },
{ "type": "Feature", "properties": { "full_id": "n9167554484", "osm_id": "9167554484", "amenity": "pharmacy" }, "geometry": { "type": "Point", "coordinates": [ -6.9124989, 33.9211395 ] } },
{ "type": "Feature", "properties": { "full_id": "n9167559820", "osm_id": "9167559820", "amenity": "pharmacy" }, "geometry": { "type": "Point", "coordinates": [ -6.9093014, 33.9160241 ] } },
{ "type": "Feature", "properties": { "full_id": "n9167570811", "osm_id": "9167570811", "amenity": "pharmacy" }, "geometry": { "type": "Point", "coordinates": [ -6.9107743, 33.9130534 ] } },
{ "type": "Feature", "properties": { "full_id": "n9167587241", "osm_id": "9167587241", "amenity": "pharmacy" }, "geometry": { "type": "Point", "coordinates": [ -6.9120998, 33.9156295 ] } },
{ "type": "Feature", "properties": { "full_id": "n9167630545", "osm_id": "9167630545", "amenity": "pharmacy" }, "geometry": { "type": "Point", "coordinates": [ -6.9155249, 33.9107831 ] } },
{ "type": "Feature", "properties": { "full_id": "n9167641595", "osm_id": "9167641595", "amenity": "pharmacy" }, "geometry": { "type": "Point", "coordinates": [ -6.9132135, 33.910824 ] } },
{ "type": "Feature", "properties": { "full_id": "n9170145544", "osm_id": "9170145544", "amenity": "pharmacy" }, "geometry": { "type": "Point", "coordinates": [ -6.9138331, 33.9233742 ] } },
{ "type": "Feature", "properties": { "full_id": "n9170167724", "osm_id": "9170167724", "amenity": "pharmacy" }, "geometry": { "type": "Point", "coordinates": [ -6.9162382, 33.922906 ] } },
{ "type": "Feature", "properties": { "full_id": "n9170171147", "osm_id": "9170171147", "amenity": "pharmacy" }, "geometry": { "type": "Point", "coordinates": [ -6.9199735, 33.9221981 ] } },
{ "type": "Feature", "properties": { "full_id": "n9170204661", "osm_id": "9170204661", "amenity": "pharmacy" }, "geometry": { "type": "Point", "coordinates": [ -6.9224901, 33.9153701 ] } },
{ "type": "Feature", "properties": { "full_id": "n9170234866", "osm_id": "9170234866", "amenity": "pharmacy" }, "geometry": { "type": "Point", "coordinates": [ -6.9206488, 33.9067659 ] } },
{ "type": "Feature", "properties": { "full_id": "n9171994914", "osm_id": "9171994914", "amenity": "pharmacy" }, "geometry": { "type": "Point", "coordinates": [ -6.9210455, 33.90906 ] } },
{ "type": "Feature", "properties": { "full_id": "n9172045768", "osm_id": "9172045768", "amenity": "pharmacy" }, "geometry": { "type": "Point", "coordinates": [ -6.9195283, 33.911779 ] } },
{ "type": "Feature", "properties": { "full_id": "n9172064641", "osm_id": "9172064641", "amenity": "pharmacy" }, "geometry": { "type": "Point", "coordinates": [ -6.9219571, 33.9112587 ] } },
{ "type": "Feature", "properties": { "full_id": "n9172102395", "osm_id": "9172102395", "amenity": "pharmacy" }, "geometry": { "type": "Point", "coordinates": [ -6.9142993, 33.9183439 ] } },
{ "type": "Feature", "properties": { "full_id": "n9172111660", "osm_id": "9172111660", "amenity": "pharmacy" }, "geometry": { "type": "Point", "coordinates": [ -6.9242799, 33.9132048 ] } },
{ "type": "Feature", "properties": { "full_id": "n9172140569", "osm_id": "9172140569", "amenity": "pharmacy" }, "geometry": { "type": "Point", "coordinates": [ -6.9159627, 33.917612 ] } },
{ "type": "Feature", "properties": { "full_id": "n9172149836", "osm_id": "9172149836", "amenity": "pharmacy" }, "geometry": { "type": "Point", "coordinates": [ -6.9164897, 33.9204252 ] } },
{ "type": "Feature", "properties": { "full_id": "n9172160156", "osm_id": "9172160156", "amenity": "pharmacy" }, "geometry": { "type": "Point", "coordinates": [ -6.9199853, 33.9169582 ] } },
{ "type": "Feature", "properties": { "full_id": "n9172206026", "osm_id": "9172206026", "amenity": "pharmacy" }, "geometry": { "type": "Point", "coordinates": [ -6.9173491, 33.9141061 ] } },
{ "type": "Feature", "properties": { "full_id": "n9172243652", "osm_id": "9172243652", "amenity": "pharmacy" }, "geometry": { "type": "Point", "coordinates": [ -6.9209603, 33.9140077 ] } },
{ "type": "Feature", "properties": { "full_id": "n9172249918", "osm_id": "9172249918", "amenity": "pharmacy" }, "geometry": { "type": "Point", "coordinates": [ -6.9190345, 33.9154505 ] } },
{ "type": "Feature", "properties": { "full_id": "n9174518570", "osm_id": "9174518570", "amenity": "pharmacy" }, "geometry": { "type": "Point", "coordinates": [ -6.9404555, 33.9051823 ] } },
{ "type": "Feature", "properties": { "full_id": "n9174678956", "osm_id": "9174678956", "amenity": "pharmacy" }, "geometry": { "type": "Point", "coordinates": [ -6.9194801, 33.9226632 ] } },
{ "type": "Feature", "properties": { "full_id": "n9593859487", "osm_id": "9593859487", "amenity": "parking_entrance" }, "geometry": { "type": "Point", "coordinates": [ -6.9456139, 33.9340508 ] } },
{ "type": "Feature", "properties": { "full_id": "n9696367716", "osm_id": "9696367716", "amenity": "cafe" }, "geometry": { "type": "Point", "coordinates": [ -6.8899956, 33.9296822 ] } },
{ "type": "Feature", "properties": { "full_id": "n9715832560", "osm_id": "9715832560", "amenity": "internet_cafe" }, "geometry": { "type": "Point", "coordinates": [ -6.890101, 33.929722 ] } },
{ "type": "Feature", "properties": { "full_id": "n9732098891", "osm_id": "9732098891", "amenity": "surf_school" }, "geometry": { "type": "Point", "coordinates": [ -7.0569831, 33.8690348 ] } },
{ "type": "Feature", "properties": { "full_id": "n9834590417", "osm_id": "9834590417", "amenity": "school" }, "geometry": { "type": "Point", "coordinates": [ -7.0573787, 33.8326688 ] } },
{ "type": "Feature", "properties": { "full_id": "n9849571040", "osm_id": "9849571040", "amenity": "restaurant" }, "geometry": { "type": "Point", "coordinates": [ -7.0574257, 33.8675078 ] } },
{ "type": "Feature", "properties": { "full_id": "n9874676832", "osm_id": "9874676832", "amenity": "place_of_worship" }, "geometry": { "type": "Point", "coordinates": [ -7.0714419, 33.8630088 ] } },
{ "type": "Feature", "properties": { "full_id": "n9976884417", "osm_id": "9976884417", "amenity": "fuel" }, "geometry": { "type": "Point", "coordinates": [ -7.059252, 33.8363676 ] } },
{ "type": "Feature", "properties": { "full_id": "n9983760309", "osm_id": "9983760309", "amenity": "school" }, "geometry": { "type": "Point", "coordinates": [ -7.0462293, 33.8400034 ] } },
{ "type": "Feature", "properties": { "full_id": "n9983811643", "osm_id": "9983811643", "amenity": "place_of_worship" }, "geometry": { "type": "Point", "coordinates": [ -7.0586028, 33.8334894 ] } },
{ "type": "Feature", "properties": { "full_id": "n9983812766", "osm_id": "9983812766", "amenity": "place_of_worship" }, "geometry": { "type": "Point", "coordinates": [ -7.0620924, 33.8348038 ] } },
{ "type": "Feature", "properties": { "full_id": "n9983864179", "osm_id": "9983864179", "amenity": "bank" }, "geometry": { "type": "Point", "coordinates": [ -7.0417271, 33.849261 ] } },
{ "type": "Feature", "properties": { "full_id": "n9983864180", "osm_id": "9983864180", "amenity": "bank" }, "geometry": { "type": "Point", "coordinates": [ -7.0412818, 33.849687 ] } },
{ "type": "Feature", "properties": { "full_id": "n9983864181", "osm_id": "9983864181", "amenity": "bank" }, "geometry": { "type": "Point", "coordinates": [ -7.0404835, 33.8496216 ] } },
{ "type": "Feature", "properties": { "full_id": "n9983889885", "osm_id": "9983889885", "amenity": "fuel" }, "geometry": { "type": "Point", "coordinates": [ -7.0441574, 33.8464526 ] } },
{ "type": "Feature", "properties": { "full_id": "n9983915607", "osm_id": "9983915607", "amenity": "taxi" }, "geometry": { "type": "Point", "coordinates": [ -7.0393422, 33.8511922 ] } },
{ "type": "Feature", "properties": { "full_id": "n9983919408", "osm_id": "9983919408", "amenity": "place_of_worship" }, "geometry": { "type": "Point", "coordinates": [ -7.0419648, 33.8462367 ] } },
{ "type": "Feature", "properties": { "full_id": "n9983919409", "osm_id": "9983919409", "amenity": "place_of_worship" }, "geometry": { "type": "Point", "coordinates": [ -7.0454709, 33.8453212 ] } },
{ "type": "Feature", "properties": { "full_id": "n9983920170", "osm_id": "9983920170", "amenity": "fuel" }, "geometry": { "type": "Point", "coordinates": [ -7.0377735, 33.8526931 ] } },
{ "type": "Feature", "properties": { "full_id": "n9983928969", "osm_id": "9983928969", "amenity": "hospital" }, "geometry": { "type": "Point", "coordinates": [ -7.0339299, 33.8551214 ] } },
{ "type": "Feature", "properties": { "full_id": "n9983980429", "osm_id": "9983980429", "amenity": "place_of_worship" }, "geometry": { "type": "Point", "coordinates": [ -7.0502039, 33.8517454 ] } },
{ "type": "Feature", "properties": { "full_id": "n9983988872", "osm_id": "9983988872", "amenity": "police" }, "geometry": { "type": "Point", "coordinates": [ -7.0374243, 33.8534977 ] } },
{ "type": "Feature", "properties": { "full_id": "n9985889505", "osm_id": "9985889505", "amenity": "place_of_worship" }, "geometry": { "type": "Point", "coordinates": [ -7.0260902, 33.8546793 ] } },
{ "type": "Feature", "properties": { "full_id": "n9985889506", "osm_id": "9985889506", "amenity": "fuel" }, "geometry": { "type": "Point", "coordinates": [ -7.0399351, 33.8236832 ] } },
{ "type": "Feature", "properties": { "full_id": "n9985889507", "osm_id": "9985889507", "amenity": "place_of_worship" }, "geometry": { "type": "Point", "coordinates": [ -7.0482382, 33.8405058 ] } },
{ "type": "Feature", "properties": { "full_id": "n9985889508", "osm_id": "9985889508", "amenity": "hospital" }, "geometry": { "type": "Point", "coordinates": [ -7.0477275, 33.8411937 ] } },
{ "type": "Feature", "properties": { "full_id": "n9992999015", "osm_id": "9992999015", "amenity": "money_transfer" }, "geometry": { "type": "Point", "coordinates": [ -7.0594909, 33.8362178 ] } },
{ "type": "Feature", "properties": { "full_id": "n9993840608", "osm_id": "9993840608", "amenity": "cafe" }, "geometry": { "type": "Point", "coordinates": [ -7.0590766, 33.8356315 ] } },
{ "type": "Feature", "properties": { "full_id": "n9993855656", "osm_id": "9993855656", "amenity": "place_of_worship" }, "geometry": { "type": "Point", "coordinates": [ -7.0629859, 33.8438771 ] } },
{ "type": "Feature", "properties": { "full_id": "n9993864471", "osm_id": "9993864471", "amenity": "place_of_worship" }, "geometry": { "type": "Point", "coordinates": [ -7.0172979, 33.8582802 ] } },
{ "type": "Feature", "properties": { "full_id": "n9993864472", "osm_id": "9993864472", "amenity": "fuel" }, "geometry": { "type": "Point", "coordinates": [ -7.0181403, 33.8613343 ] } },
{ "type": "Feature", "properties": { "full_id": "n9993864477", "osm_id": "9993864477", "amenity": "cafe" }, "geometry": { "type": "Point", "coordinates": [ -7.0440889, 33.8463711 ] } },
{ "type": "Feature", "properties": { "full_id": "n9993864478", "osm_id": "9993864478", "amenity": "restaurant" }, "geometry": { "type": "Point", "coordinates": [ -7.0442535, 33.84621 ] } },
{ "type": "Feature", "properties": { "full_id": "n10033975617", "osm_id": "10033975617", "amenity": "fuel" }, "geometry": { "type": "Point", "coordinates": [ -7.0745778, 33.829688 ] } },
{ "type": "Feature", "properties": { "full_id": "n10067088317", "osm_id": "10067088317", "amenity": "bank" }, "geometry": { "type": "Point", "coordinates": [ -7.0447874, 33.8465491 ] } },
{ "type": "Feature", "properties": { "full_id": "n10067088417", "osm_id": "10067088417", "amenity": "cafe" }, "geometry": { "type": "Point", "coordinates": [ -7.0450151, 33.8463591 ] } },
{ "type": "Feature", "properties": { "full_id": "n10082810979", "osm_id": "10082810979", "amenity": "fuel" }, "geometry": { "type": "Point", "coordinates": [ -6.836715, 33.8000113 ] } },
{ "type": "Feature", "properties": { "full_id": "n10085901716", "osm_id": "10085901716", "amenity": "pharmacy" }, "geometry": { "type": "Point", "coordinates": [ -7.0558201, 33.8383537 ] } },
{ "type": "Feature", "properties": { "full_id": "n10090643817", "osm_id": "10090643817", "amenity": "fuel" }, "geometry": { "type": "Point", "coordinates": [ -6.9225314, 33.8843068 ] } },
{ "type": "Feature", "properties": { "full_id": "n10093405177", "osm_id": "10093405177", "amenity": "fuel" }, "geometry": { "type": "Point", "coordinates": [ -6.9214976, 33.8928981 ] } },
{ "type": "Feature", "properties": { "full_id": "n10148295182", "osm_id": "10148295182", "amenity": "parking" }, "geometry": { "type": "Point", "coordinates": [ -6.9374497, 33.9071486 ] } },
{ "type": "Feature", "properties": { "full_id": "n10245171509", "osm_id": "10245171509", "amenity": "cafe" }, "geometry": { "type": "Point", "coordinates": [ -7.0518634, 33.8613183 ] } },
{ "type": "Feature", "properties": { "full_id": "n10246506110", "osm_id": "10246506110", "amenity": "drinking_water" }, "geometry": { "type": "Point", "coordinates": [ -7.1064324, 33.8335596 ] } },
{ "type": "Feature", "properties": { "full_id": "n10550697709", "osm_id": "10550697709", "amenity": "pharmacy" }, "geometry": { "type": "Point", "coordinates": [ -7.0595421, 33.8396912 ] } },
{ "type": "Feature", "properties": { "full_id": "n10550717309", "osm_id": "10550717309", "amenity": "doctors" }, "geometry": { "type": "Point", "coordinates": [ -7.0596637, 33.8348515 ] } },
{ "type": "Feature", "properties": { "full_id": "n10550717710", "osm_id": "10550717710", "amenity": "pharmacy" }, "geometry": { "type": "Point", "coordinates": [ -7.059588, 33.8346611 ] } },
{ "type": "Feature", "properties": { "full_id": "n10651852005", "osm_id": "10651852005", "amenity": "school" }, "geometry": { "type": "Point", "coordinates": [ -7.0736183, 33.82967 ] } },
{ "type": "Feature", "properties": { "full_id": "n10652025305", "osm_id": "10652025305", "amenity": "school" }, "geometry": { "type": "Point", "coordinates": [ -7.0549249, 33.8433734 ] } },
{ "type": "Feature", "properties": { "full_id": "n10706428383", "osm_id": "10706428383", "amenity": "fuel" }, "geometry": { "type": "Point", "coordinates": [ -6.9780658, 33.8735879 ] } },
{ "type": "Feature", "properties": { "full_id": "n10707915996", "osm_id": "10707915996", "amenity": "fuel" }, "geometry": { "type": "Point", "coordinates": [ -6.9161443, 33.8656084 ] } },
{ "type": "Feature", "properties": { "full_id": "n10726299107", "osm_id": "10726299107", "amenity": "school" }, "geometry": { "type": "Point", "coordinates": [ -7.0350226, 33.8537401 ] } },
{ "type": "Feature", "properties": { "full_id": "n10726479405", "osm_id": "10726479405", "amenity": "place_of_worship" }, "geometry": { "type": "Point", "coordinates": [ -7.0752564, 33.8208671 ] } },
{ "type": "Feature", "properties": { "full_id": "n10881079641", "osm_id": "10881079641", "amenity": "parking_entrance" }, "geometry": { "type": "Point", "coordinates": [ -6.9529925, 33.9303729 ] } },
{ "type": "Feature", "properties": { "full_id": "n11123387608", "osm_id": "11123387608", "amenity": "water_point" }, "geometry": { "type": "Point", "coordinates": [ -6.967841, 33.7323786 ] } },
{ "type": "Feature", "properties": { "full_id": "n11126828106", "osm_id": "11126828106", "amenity": "hunting_stand" }, "geometry": { "type": "Point", "coordinates": [ -7.1111728, 33.8394298 ] } },
{ "type": "Feature", "properties": { "full_id": "n11141458205", "osm_id": "11141458205", "amenity": "payment_terminal" }, "geometry": { "type": "Point", "coordinates": [ -6.9930165, 33.8944338 ] } },
{ "type": "Feature", "properties": { "full_id": "n11191225492", "osm_id": "11191225492", "amenity": "bank" }, "geometry": { "type": "Point", "coordinates": [ -6.8959937, 33.9243248 ] } },
{ "type": "Feature", "properties": { "full_id": "n11205010390", "osm_id": "11205010390", "amenity": "driving_school" }, "geometry": { "type": "Point", "coordinates": [ -6.9366424, 33.9244734 ] } },
{ "type": "Feature", "properties": { "full_id": "n11205073287", "osm_id": "11205073287", "amenity": "driving_school" }, "geometry": { "type": "Point", "coordinates": [ -6.9345269, 33.9212505 ] } },
{ "type": "Feature", "properties": { "full_id": "n11219561408", "osm_id": "11219561408", "amenity": "driving_school" }, "geometry": { "type": "Point", "coordinates": [ -6.9338968, 33.926385 ] } },
{ "type": "Feature", "properties": { "full_id": "n11233189735", "osm_id": "11233189735", "amenity": "bank" }, "geometry": { "type": "Point", "coordinates": [ -6.8844139, 33.9408281 ] } },
{ "type": "Feature", "properties": { "full_id": "n11355440076", "osm_id": "11355440076", "amenity": "driving_school" }, "geometry": { "type": "Point", "coordinates": [ -6.921052, 33.9091123 ] } },
{ "type": "Feature", "properties": { "full_id": "n11449623160", "osm_id": "11449623160", "amenity": "driving_school" }, "geometry": { "type": "Point", "coordinates": [ -6.9253475, 33.9159474 ] } },
{ "type": "Feature", "properties": { "full_id": "n11450026977", "osm_id": "11450026977", "amenity": "place_of_worship" }, "geometry": { "type": "Point", "coordinates": [ -6.9173322, 33.9347496 ] } },
{ "type": "Feature", "properties": { "full_id": "n11466668469", "osm_id": "11466668469", "amenity": "cafe" }, "geometry": { "type": "Point", "coordinates": [ -6.9552836, 33.9283767 ] } },
{ "type": "Feature", "properties": { "full_id": "n11466668569", "osm_id": "11466668569", "amenity": "fast_food" }, "geometry": { "type": "Point", "coordinates": [ -6.9553838, 33.9282984 ] } },
{ "type": "Feature", "properties": { "full_id": "n11476305669", "osm_id": "11476305669", "amenity": "cafe" }, "geometry": { "type": "Point", "coordinates": [ -6.9238826, 33.9035709 ] } },
{ "type": "Feature", "properties": { "full_id": "n11476456169", "osm_id": "11476456169", "amenity": "cafe" }, "geometry": { "type": "Point", "coordinates": [ -6.9247033, 33.9029759 ] } },
{ "type": "Feature", "properties": { "full_id": "n11478910971", "osm_id": "11478910971", "amenity": "cafe" }, "geometry": { "type": "Point", "coordinates": [ -6.9233194, 33.9019101 ] } },
{ "type": "Feature", "properties": { "full_id": "n11478910973", "osm_id": "11478910973", "amenity": "cafe" }, "geometry": { "type": "Point", "coordinates": [ -6.9235928, 33.9016703 ] } },
{ "type": "Feature", "properties": { "full_id": "n11480611169", "osm_id": "11480611169", "amenity": "cafe" }, "geometry": { "type": "Point", "coordinates": [ -6.9246997, 33.9007965 ] } },
{ "type": "Feature", "properties": { "full_id": "n11480612270", "osm_id": "11480612270", "amenity": "cafe" }, "geometry": { "type": "Point", "coordinates": [ -6.9247832, 33.9015739 ] } },
{ "type": "Feature", "properties": { "full_id": "n11480612369", "osm_id": "11480612369", "amenity": "cafe" }, "geometry": { "type": "Point", "coordinates": [ -6.9254138, 33.901993 ] } },
{ "type": "Feature", "properties": { "full_id": "n11481086569", "osm_id": "11481086569", "amenity": "driving_school" }, "geometry": { "type": "Point", "coordinates": [ -6.924747, 33.902709 ] } },
{ "type": "Feature", "properties": { "full_id": "n11482335859", "osm_id": "11482335859", "amenity": "bank" }, "geometry": { "type": "Point", "coordinates": [ -6.9245225, 33.9067722 ] } },
{ "type": "Feature", "properties": { "full_id": "n11483819469", "osm_id": "11483819469", "amenity": "fast_food" }, "geometry": { "type": "Point", "coordinates": [ -6.9249313, 33.9033236 ] } },
{ "type": "Feature", "properties": { "full_id": "n11486219169", "osm_id": "11486219169", "amenity": "doctors" }, "geometry": { "type": "Point", "coordinates": [ -6.9230067, 33.9021592 ] } },
{ "type": "Feature", "properties": { "full_id": "n11486502187", "osm_id": "11486502187", "amenity": "dentist" }, "geometry": { "type": "Point", "coordinates": [ -6.9250253, 33.9079367 ] } },
{ "type": "Feature", "properties": { "full_id": "n11486620369", "osm_id": "11486620369", "amenity": "cafe" }, "geometry": { "type": "Point", "coordinates": [ -6.9222876, 33.9027602 ] } },
{ "type": "Feature", "properties": { "full_id": "n11486799269", "osm_id": "11486799269", "amenity": "cafe" }, "geometry": { "type": "Point", "coordinates": [ -6.9218954, 33.90211 ] } },
{ "type": "Feature", "properties": { "full_id": "n11497118970", "osm_id": "11497118970", "amenity": "cafe" }, "geometry": { "type": "Point", "coordinates": [ -6.9253351, 33.9062589 ] } },
{ "type": "Feature", "properties": { "full_id": "n11497132870", "osm_id": "11497132870", "amenity": "cafe" }, "geometry": { "type": "Point", "coordinates": [ -6.9241294, 33.9071821 ] } },
{ "type": "Feature", "properties": { "full_id": "n11497133069", "osm_id": "11497133069", "amenity": "cafe" }, "geometry": { "type": "Point", "coordinates": [ -6.9246018, 33.9066245 ] } },
{ "type": "Feature", "properties": { "full_id": "n11503814869", "osm_id": "11503814869", "amenity": "fast_food" }, "geometry": { "type": "Point", "coordinates": [ -6.9241199, 33.9004113 ] } },
{ "type": "Feature", "properties": { "full_id": "n11503828872", "osm_id": "11503828872", "amenity": "cafe" }, "geometry": { "type": "Point", "coordinates": [ -6.925753, 33.8999284 ] } },
{ "type": "Feature", "properties": { "full_id": "n11504048669", "osm_id": "11504048669", "amenity": "fast_food" }, "geometry": { "type": "Point", "coordinates": [ -6.9256242, 33.9005033 ] } },
{ "type": "Feature", "properties": { "full_id": "n11512457469", "osm_id": "11512457469", "amenity": "nursing_home" }, "geometry": { "type": "Point", "coordinates": [ -6.9717504, 33.8870741 ] } },
{ "type": "Feature", "properties": { "full_id": "n11513556369", "osm_id": "11513556369", "amenity": "kindergarten" }, "geometry": { "type": "Point", "coordinates": [ -6.9220204, 33.9044081 ] } },
{ "type": "Feature", "properties": { "full_id": "n11513556370", "osm_id": "11513556370", "amenity": "fast_food" }, "geometry": { "type": "Point", "coordinates": [ -6.9225359, 33.9051359 ] } },
{ "type": "Feature", "properties": { "full_id": "n11514222269", "osm_id": "11514222269", "amenity": "cafe" }, "geometry": { "type": "Point", "coordinates": [ -6.9256969, 33.905853 ] } },
{ "type": "Feature", "properties": { "full_id": "n11549884512", "osm_id": "11549884512", "amenity": "restaurant" }, "geometry": { "type": "Point", "coordinates": [ -6.9427548, 33.9341892 ] } },
{ "type": "Feature", "properties": { "full_id": "n11549915261", "osm_id": "11549915261", "amenity": "school" }, "geometry": { "type": "Point", "coordinates": [ -6.9456937, 33.8126144 ] } },
{ "type": "Feature", "properties": { "full_id": "n11576562270", "osm_id": "11576562270", "amenity": "cafe" }, "geometry": { "type": "Point", "coordinates": [ -6.9256296, 33.9018426 ] } },
{ "type": "Feature", "properties": { "full_id": "n11603470988", "osm_id": "11603470988", "amenity": "cafe" }, "geometry": { "type": "Point", "coordinates": [ -6.8946117, 33.9405135 ] } },
{ "type": "Feature", "properties": { "full_id": "n11603596742", "osm_id": "11603596742", "amenity": null }, "geometry": { "type": "Point", "coordinates": [ -6.9018524, 33.9295175 ] } },
{ "type": "Feature", "properties": { "full_id": "n11630201157", "osm_id": "11630201157", "amenity": "place_of_worship" }, "geometry": { "type": "Point", "coordinates": [ -6.9658043, 33.9165884 ] } },
{ "type": "Feature", "properties": { "full_id": "n11631467491", "osm_id": "11631467491", "amenity": "fast_food" }, "geometry": { "type": "Point", "coordinates": [ -6.9429564, 33.9345746 ] } },
{ "type": "Feature", "properties": { "full_id": "n11631467492", "osm_id": "11631467492", "amenity": "restaurant" }, "geometry": { "type": "Point", "coordinates": [ -6.943313, 33.9347715 ] } },
{ "type": "Feature", "properties": { "full_id": "n11631467493", "osm_id": "11631467493", "amenity": "restaurant" }, "geometry": { "type": "Point", "coordinates": [ -6.9429808, 33.9350269 ] } },
{ "type": "Feature", "properties": { "full_id": "n11648904369", "osm_id": "11648904369", "amenity": "cafe" }, "geometry": { "type": "Point", "coordinates": [ -6.919916, 33.9038606 ] } },
{ "type": "Feature", "properties": { "full_id": "n11648904370", "osm_id": "11648904370", "amenity": "cafe" }, "geometry": { "type": "Point", "coordinates": [ -6.919706, 33.9040033 ] } },
{ "type": "Feature", "properties": { "full_id": "n11648904569", "osm_id": "11648904569", "amenity": "cafe" }, "geometry": { "type": "Point", "coordinates": [ -6.9196417, 33.9040726 ] } },
{ "type": "Feature", "properties": { "full_id": "n11659472969", "osm_id": "11659472969", "amenity": "cafe" }, "geometry": { "type": "Point", "coordinates": [ -6.9161457, 33.9207502 ] } },
{ "type": "Feature", "properties": { "full_id": "n11659473069", "osm_id": "11659473069", "amenity": "cafe" }, "geometry": { "type": "Point", "coordinates": [ -6.9160852, 33.9207913 ] } },
{ "type": "Feature", "properties": { "full_id": "n11659473169", "osm_id": "11659473169", "amenity": "cafe" }, "geometry": { "type": "Point", "coordinates": [ -6.9159753, 33.9212445 ] } },
{ "type": "Feature", "properties": { "full_id": "n11659473170", "osm_id": "11659473170", "amenity": "cafe" }, "geometry": { "type": "Point", "coordinates": [ -6.9162541, 33.9210536 ] } },
{ "type": "Feature", "properties": { "full_id": "n11704521970", "osm_id": "11704521970", "amenity": "fast_food" }, "geometry": { "type": "Point", "coordinates": [ -6.9166813, 33.9205848 ] } },
{ "type": "Feature", "properties": { "full_id": "n11704522269", "osm_id": "11704522269", "amenity": "fast_food" }, "geometry": { "type": "Point", "coordinates": [ -6.9165718, 33.9207017 ] } },
{ "type": "Feature", "properties": { "full_id": "n11704522369", "osm_id": "11704522369", "amenity": "cafe" }, "geometry": { "type": "Point", "coordinates": [ -6.9166011, 33.9206728 ] } },
{ "type": "Feature", "properties": { "full_id": "n11704522370", "osm_id": "11704522370", "amenity": "fast_food" }, "geometry": { "type": "Point", "coordinates": [ -6.9166208, 33.9206365 ] } },
{ "type": "Feature", "properties": { "full_id": "n11704522371", "osm_id": "11704522371", "amenity": "cafe" }, "geometry": { "type": "Point", "coordinates": [ -6.9214195, 33.9064516 ] } },
{ "type": "Feature", "properties": { "full_id": "n11704524069", "osm_id": "11704524069", "amenity": "cafe" }, "geometry": { "type": "Point", "coordinates": [ -6.9167661, 33.9205116 ] } },
{ "type": "Feature", "properties": { "full_id": "n11820181678", "osm_id": "11820181678", "amenity": "pharmacy" }, "geometry": { "type": "Point", "coordinates": [ -6.9584707, 33.9215482 ] } },
{ "type": "Feature", "properties": { "full_id": "n11878468169", "osm_id": "11878468169", "amenity": "cafe" }, "geometry": { "type": "Point", "coordinates": [ -6.922608, 33.9072903 ] } },
{ "type": "Feature", "properties": { "full_id": "n11934950169", "osm_id": "11934950169", "amenity": "money_transfer" }, "geometry": { "type": "Point", "coordinates": [ -7.0387604, 33.8511896 ] } },
{ "type": "Feature", "properties": { "full_id": "n11934950170", "osm_id": "11934950170", "amenity": "atm" }, "geometry": { "type": "Point", "coordinates": [ -7.0388764, 33.8511542 ] } },
{ "type": "Feature", "properties": { "full_id": "n11941957472", "osm_id": "11941957472", "amenity": "place_of_worship" }, "geometry": { "type": "Point", "coordinates": [ -6.9368792, 33.9153225 ] } },
{ "type": "Feature", "properties": { "full_id": "n11942016605", "osm_id": "11942016605", "amenity": "cafe" }, "geometry": { "type": "Point", "coordinates": [ -6.9401415, 33.9148657 ] } },
{ "type": "Feature", "properties": { "full_id": "n12086239870", "osm_id": "12086239870", "amenity": "dentist" }, "geometry": { "type": "Point", "coordinates": [ -6.8971295, 33.9304968 ] } },
{ "type": "Feature", "properties": { "full_id": "n12120284602", "osm_id": "12120284602", "amenity": "taxi" }, "geometry": { "type": "Point", "coordinates": [ -7.0579591, 33.8347808 ] } },
{ "type": "Feature", "properties": { "full_id": "n12120284603", "osm_id": "12120284603", "amenity": "taxi" }, "geometry": { "type": "Point", "coordinates": [ -7.0571923, 33.8378001 ] } },
{ "type": "Feature", "properties": { "full_id": "n12120288132", "osm_id": "12120288132", "amenity": "vehicle_inspection" }, "geometry": { "type": "Point", "coordinates": [ -7.047505, 33.843843 ] } },
{ "type": "Feature", "properties": { "full_id": "n12151781275", "osm_id": "12151781275", "amenity": "fuel" }, "geometry": { "type": "Point", "coordinates": [ -6.9732451, 33.8693109 ] } },
{ "type": "Feature", "properties": { "full_id": "n12211356198", "osm_id": "12211356198", "amenity": "pharmacy" }, "geometry": { "type": "Point", "coordinates": [ -6.8990926, 33.9170964 ] } },
{ "type": "Feature", "properties": { "full_id": "n12306948901", "osm_id": "12306948901", "amenity": "driving_school" }, "geometry": { "type": "Point", "coordinates": [ -6.9173587, 33.9024437 ] } },
{ "type": "Feature", "properties": { "full_id": "n12346139246", "osm_id": "12346139246", "amenity": "fuel" }, "geometry": { "type": "Point", "coordinates": [ -6.7894168, 33.8031709 ] } },
{ "type": "Feature", "properties": { "full_id": "n12378556469", "osm_id": "12378556469", "amenity": "bank" }, "geometry": { "type": "Point", "coordinates": [ -7.0572376, 33.8380871 ] } },
{ "type": "Feature", "properties": { "full_id": "n12378556470", "osm_id": "12378556470", "amenity": "money_transfer" }, "geometry": { "type": "Point", "coordinates": [ -7.0571116, 33.8376371 ] } },
{ "type": "Feature", "properties": { "full_id": "n12430242927", "osm_id": "12430242927", "amenity": "driving_school" }, "geometry": { "type": "Point", "coordinates": [ -6.9558713, 33.9274767 ] } },
{ "type": "Feature", "properties": { "full_id": "n12492258205", "osm_id": "12492258205", "amenity": "cafe" }, "geometry": { "type": "Point", "coordinates": [ -6.9169121, 33.9028745 ] } },
{ "type": "Feature", "properties": { "full_id": "n12492258402", "osm_id": "12492258402", "amenity": "cafe" }, "geometry": { "type": "Point", "coordinates": [ -6.9172785, 33.9032719 ] } },
{ "type": "Feature", "properties": { "full_id": "n12492258403", "osm_id": "12492258403", "amenity": "car_wash" }, "geometry": { "type": "Point", "coordinates": [ -6.9169591, 33.9029674 ] } },
{ "type": "Feature", "properties": { "full_id": "n12492258405", "osm_id": "12492258405", "amenity": "fast_food" }, "geometry": { "type": "Point", "coordinates": [ -6.9172852, 33.9023239 ] } },
{ "type": "Feature", "properties": { "full_id": "n12500656301", "osm_id": "12500656301", "amenity": "driving_school" }, "geometry": { "type": "Point", "coordinates": [ -6.921263, 33.8719795 ] } },
{ "type": "Feature", "properties": { "full_id": "n12504195994", "osm_id": "12504195994", "amenity": "driving_school" }, "geometry": { "type": "Point", "coordinates": [ -6.9238864, 33.8387163 ] } },
{ "type": "Feature", "properties": { "full_id": "n12595631270", "osm_id": "12595631270", "amenity": "cafe" }, "geometry": { "type": "Point", "coordinates": [ -6.8902533, 33.9296652 ] } },
{ "type": "Feature", "properties": { "full_id": "n12600402030", "osm_id": "12600402030", "amenity": "restaurant" }, "geometry": { "type": "Point", "coordinates": [ -6.9417237, 33.9360253 ] } },
{ "type": "Feature", "properties": { "full_id": "n12600438048", "osm_id": "12600438048", "amenity": "fast_food" }, "geometry": { "type": "Point", "coordinates": [ -6.938644, 33.9387111 ] } },
{ "type": "Feature", "properties": { "full_id": "n12600438049", "osm_id": "12600438049", "amenity": "cafe" }, "geometry": { "type": "Point", "coordinates": [ -6.9393055, 33.9380172 ] } },
{ "type": "Feature", "properties": { "full_id": "n12600438050", "osm_id": "12600438050", "amenity": "fast_food" }, "geometry": { "type": "Point", "coordinates": [ -6.9396536, 33.9377483 ] } },
{ "type": "Feature", "properties": { "full_id": "n12600438051", "osm_id": "12600438051", "amenity": "restaurant" }, "geometry": { "type": "Point", "coordinates": [ -6.939563, 33.9378375 ] } },
{ "type": "Feature", "properties": { "full_id": "n12600438052", "osm_id": "12600438052", "amenity": "cafe" }, "geometry": { "type": "Point", "coordinates": [ -6.9391227, 33.9381852 ] } },
{ "type": "Feature", "properties": { "full_id": "n12600457973", "osm_id": "12600457973", "amenity": "fast_food" }, "geometry": { "type": "Point", "coordinates": [ -6.9402222, 33.9372003 ] } },
{ "type": "Feature", "properties": { "full_id": "n12623251752", "osm_id": "12623251752", "amenity": "parking_entrance" }, "geometry": { "type": "Point", "coordinates": [ -6.8550382, 33.8606 ] } },
{ "type": "Feature", "properties": { "full_id": "n12646053801", "osm_id": "12646053801", "amenity": "cafe" }, "geometry": { "type": "Point", "coordinates": [ -6.8895348, 33.9241648 ] } },
{ "type": "Feature", "properties": { "full_id": "n12819282611", "osm_id": "12819282611", "amenity": "driving_school" }, "geometry": { "type": "Point", "coordinates": [ -6.9220372, 33.9179022 ] } },
{ "type": "Feature", "properties": { "full_id": "n12998955869", "osm_id": "12998955869", "amenity": "driving_school" }, "geometry": { "type": "Point", "coordinates": [ -6.9391844, 33.8460481 ] } },
{ "type": "Feature", "properties": { "full_id": "n13162286797", "osm_id": "13162286797", "amenity": "school" }, "geometry": { "type": "Point", "coordinates": [ -7.063051, 33.8388595 ] } },
{ "type": "Feature", "properties": { "full_id": "n13162286798", "osm_id": "13162286798", "amenity": "school" }, "geometry": { "type": "Point", "coordinates": [ -7.0637082, 33.8384245 ] } },
{ "type": "Feature", "properties": { "full_id": "n13162368835", "osm_id": "13162368835", "amenity": "school" }, "geometry": { "type": "Point", "coordinates": [ -6.8140153, 33.7935068 ] } },
{ "type": "Feature", "properties": { "full_id": "n13162368836", "osm_id": "13162368836", "amenity": "school" }, "geometry": { "type": "Point", "coordinates": [ -6.813087, 33.7930468 ] } },
{ "type": "Feature", "properties": { "full_id": "n13162368837", "osm_id": "13162368837", "amenity": "school" }, "geometry": { "type": "Point", "coordinates": [ -6.8124203, 33.7931014 ] } },
{ "type": "Feature", "properties": { "full_id": "n13196840497", "osm_id": "13196840497", "amenity": "charging_station" }, "geometry": { "type": "Point", "coordinates": [ -6.943033, 33.9279502 ] } },
{ "type": "Feature", "properties": { "full_id": "n13208536999", "osm_id": "13208536999", "amenity": "bank" }, "geometry": { "type": "Point", "coordinates": [ -7.0415399, 33.8494316 ] } },
{ "type": "Feature", "properties": { "full_id": "n13247516013", "osm_id": "13247516013", "amenity": "pharmacy" }, "geometry": { "type": "Point", "coordinates": [ -6.9386288, 33.8268628 ] } },
{ "type": "Feature", "properties": { "full_id": "n13257877464", "osm_id": "13257877464", "amenity": "cafe" }, "geometry": { "type": "Point", "coordinates": [ -6.9321474, 33.9225984 ] } },
{ "type": "Feature", "properties": { "full_id": "n13695496469", "osm_id": "13695496469", "amenity": "cafe" }, "geometry": { "type": "Point", "coordinates": [ -6.956724, 33.9237413 ] } },
{ "type": "Feature", "properties": { "full_id": "n13695496472", "osm_id": "13695496472", "amenity": "community_centre" }, "geometry": { "type": "Point", "coordinates": [ -6.959232, 33.9257613 ] } },
{ "type": "Feature", "properties": { "full_id": "n13695496473", "osm_id": "13695496473", "amenity": "bank" }, "geometry": { "type": "Point", "coordinates": [ -6.9590328, 33.9258508 ] } },
{ "type": "Feature", "properties": { "full_id": "n13695496474", "osm_id": "13695496474", "amenity": "cafe" }, "geometry": { "type": "Point", "coordinates": [ -6.9586352, 33.9260911 ] } },
{ "type": "Feature", "properties": { "full_id": "n13695496480", "osm_id": "13695496480", "amenity": "cafe" }, "geometry": { "type": "Point", "coordinates": [ -6.9560017, 33.923108 ] } },
{ "type": "Feature", "properties": { "full_id": "n13695499440", "osm_id": "13695499440", "amenity": "restaurant" }, "geometry": { "type": "Point", "coordinates": [ -6.851492, 33.8727447 ] } },
{ "type": "Feature", "properties": { "full_id": "n13695499443", "osm_id": "13695499443", "amenity": "cafe" }, "geometry": { "type": "Point", "coordinates": [ -6.8547117, 33.8686907 ] } },
{ "type": "Feature", "properties": { "full_id": "n13697839964", "osm_id": "13697839964", "amenity": "restaurant" }, "geometry": { "type": "Point", "coordinates": [ -6.9416224, 33.9342343 ] } },
{ "type": "Feature", "properties": { "full_id": "n13697839965", "osm_id": "13697839965", "amenity": "restaurant" }, "geometry": { "type": "Point", "coordinates": [ -6.9415873, 33.9342038 ] } },
{ "type": "Feature", "properties": { "full_id": "n13697840199", "osm_id": "13697840199", "amenity": "pharmacy" }, "geometry": { "type": "Point", "coordinates": [ -6.974859, 33.9108503 ] } },
{ "type": "Feature", "properties": { "full_id": "n13697857703", "osm_id": "13697857703", "amenity": "cafe" }, "geometry": { "type": "Point", "coordinates": [ -6.9739934, 33.9101202 ] } },
{ "type": "Feature", "properties": { "full_id": "n13713779326", "osm_id": "13713779326", "amenity": "prep_school" }, "geometry": { "type": "Point", "coordinates": [ -6.9258186, 33.9056824 ] } },
{ "type": "Feature", "properties": { "full_id": "n13713798709", "osm_id": "13713798709", "amenity": "restaurant" }, "geometry": { "type": "Point", "coordinates": [ -7.0591341, 33.8684725 ] } },
{ "type": "Feature", "properties": { "full_id": "n13715722806", "osm_id": "13715722806", "amenity": "cafe" }, "geometry": { "type": "Point", "coordinates": [ -6.9738695, 33.9100261 ] } },
{ "type": "Feature", "properties": { "full_id": "n13715722807", "osm_id": "13715722807", "amenity": "cafe" }, "geometry": { "type": "Point", "coordinates": [ -6.9735221, 33.909827 ] } },
{ "type": "Feature", "properties": { "full_id": "n13819535601", "osm_id": "13819535601", "amenity": "place_of_worship" }, "geometry": { "type": "Point", "coordinates": [ -6.8971059, 33.936044 ] } },
{ "type": "Feature", "properties": { "full_id": "n13820174102", "osm_id": "13820174102", "amenity": "cafe" }, "geometry": { "type": "Point", "coordinates": [ -6.884867, 33.940711 ] } },
{ "type": "Feature", "properties": { "full_id": "n13820265501", "osm_id": "13820265501", "amenity": "cafe" }, "geometry": { "type": "Point", "coordinates": [ -6.884337, 33.941104 ] } },
{ "type": "Feature", "properties": { "full_id": "n13820265502", "osm_id": "13820265502", "amenity": "restaurant" }, "geometry": { "type": "Point", "coordinates": [ -6.885797, 33.938974 ] } },
{ "type": "Feature", "properties": { "full_id": "n13820265701", "osm_id": "13820265701", "amenity": "restaurant" }, "geometry": { "type": "Point", "coordinates": [ -6.884898, 33.940381 ] } },
{ "type": "Feature", "properties": { "full_id": "n13820265702", "osm_id": "13820265702", "amenity": "restaurant" }, "geometry": { "type": "Point", "coordinates": [ -6.885377, 33.939808 ] } },
{ "type": "Feature", "properties": { "full_id": "n13820265703", "osm_id": "13820265703", "amenity": "cafe" }, "geometry": { "type": "Point", "coordinates": [ -6.88729, 33.939005 ] } },
{ "type": "Feature", "properties": { "full_id": "n13820265704", "osm_id": "13820265704", "amenity": "cafe" }, "geometry": { "type": "Point", "coordinates": [ -6.8874182, 33.9404236 ] } },
{ "type": "Feature", "properties": { "full_id": "n13820265705", "osm_id": "13820265705", "amenity": "cafe" }, "geometry": { "type": "Point", "coordinates": [ -6.888257, 33.940854 ] } },
{ "type": "Feature", "properties": { "full_id": "n13820265801", "osm_id": "13820265801", "amenity": "cafe" }, "geometry": { "type": "Point", "coordinates": [ -6.885647, 33.939233 ] } },
{ "type": "Feature", "properties": { "full_id": "n13820265901", "osm_id": "13820265901", "amenity": "cafe" }, "geometry": { "type": "Point", "coordinates": [ -6.88769, 33.940233 ] } },
{ "type": "Feature", "properties": { "full_id": "n13820266001", "osm_id": "13820266001", "amenity": "restaurant" }, "geometry": { "type": "Point", "coordinates": [ -6.886894, 33.940279 ] } },
{ "type": "Feature", "properties": { "full_id": "n13842483501", "osm_id": "13842483501", "amenity": "cafe" }, "geometry": { "type": "Point", "coordinates": [ -6.888836, 33.942293 ] } },
{ "type": "Feature", "properties": { "full_id": "n13842483502", "osm_id": "13842483502", "amenity": "restaurant" }, "geometry": { "type": "Point", "coordinates": [ -6.89284, 33.941687 ] } },
{ "type": "Feature", "properties": { "full_id": "n13842483503", "osm_id": "13842483503", "amenity": "restaurant" }, "geometry": { "type": "Point", "coordinates": [ -6.8939873, 33.9415732 ] } },
{ "type": "Feature", "properties": { "full_id": "n13842483504", "osm_id": "13842483504", "amenity": "cafe" }, "geometry": { "type": "Point", "coordinates": [ -6.894245, 33.941464 ] } },
{ "type": "Feature", "properties": { "full_id": "n13842483505", "osm_id": "13842483505", "amenity": "restaurant" }, "geometry": { "type": "Point", "coordinates": [ -6.8944291, 33.9413118 ] } },
{ "type": "Feature", "properties": { "full_id": "n13842483506", "osm_id": "13842483506", "amenity": "cafe" }, "geometry": { "type": "Point", "coordinates": [ -6.893596, 33.940952 ] } },
{ "type": "Feature", "properties": { "full_id": "n13842483507", "osm_id": "13842483507", "amenity": "restaurant" }, "geometry": { "type": "Point", "coordinates": [ -6.893074, 33.940856 ] } },
{ "type": "Feature", "properties": { "full_id": "n13842483508", "osm_id": "13842483508", "amenity": "restaurant" }, "geometry": { "type": "Point", "coordinates": [ -6.895058, 33.940014 ] } },
{ "type": "Feature", "properties": { "full_id": "n13842483509", "osm_id": "13842483509", "amenity": "restaurant" }, "geometry": { "type": "Point", "coordinates": [ -6.894774, 33.937326 ] } },
{ "type": "Feature", "properties": { "full_id": "n13842483510", "osm_id": "13842483510", "amenity": "cafe" }, "geometry": { "type": "Point", "coordinates": [ -6.899858, 33.930008 ] } },
{ "type": "Feature", "properties": { "full_id": "n13842483511", "osm_id": "13842483511", "amenity": "pharmacy" }, "geometry": { "type": "Point", "coordinates": [ -6.899264, 33.929956 ] } },
{ "type": "Feature", "properties": { "full_id": "n13842483512", "osm_id": "13842483512", "amenity": "bank" }, "geometry": { "type": "Point", "coordinates": [ -6.898619, 33.927928 ] } },
{ "type": "Feature", "properties": { "full_id": "n13842483513", "osm_id": "13842483513", "amenity": "restaurant" }, "geometry": { "type": "Point", "coordinates": [ -6.898188, 33.927746 ] } },
{ "type": "Feature", "properties": { "full_id": "n13842483514", "osm_id": "13842483514", "amenity": "restaurant" }, "geometry": { "type": "Point", "coordinates": [ -6.907072, 33.933373 ] } },
{ "type": "Feature", "properties": { "full_id": "n13842483515", "osm_id": "13842483515", "amenity": "place_of_worship" }, "geometry": { "type": "Point", "coordinates": [ -6.906848, 33.9227215 ] } },
{ "type": "Feature", "properties": { "full_id": "n13842483516", "osm_id": "13842483516", "amenity": "restaurant" }, "geometry": { "type": "Point", "coordinates": [ -6.906661, 33.918862 ] } },
{ "type": "Feature", "properties": { "full_id": "n13842483602", "osm_id": "13842483602", "amenity": "pharmacy" }, "geometry": { "type": "Point", "coordinates": [ -6.88849, 33.941054 ] } },
{ "type": "Feature", "properties": { "full_id": "n13842483603", "osm_id": "13842483603", "amenity": "restaurant" }, "geometry": { "type": "Point", "coordinates": [ -6.890713, 33.939778 ] } },
{ "type": "Feature", "properties": { "full_id": "n13842483604", "osm_id": "13842483604", "amenity": "restaurant" }, "geometry": { "type": "Point", "coordinates": [ -6.891529, 33.939535 ] } },
{ "type": "Feature", "properties": { "full_id": "n13842483605", "osm_id": "13842483605", "amenity": "restaurant" }, "geometry": { "type": "Point", "coordinates": [ -6.8919, 33.941054 ] } },
{ "type": "Feature", "properties": { "full_id": "n13842483606", "osm_id": "13842483606", "amenity": "restaurant" }, "geometry": { "type": "Point", "coordinates": [ -6.89368, 33.941479 ] } },
{ "type": "Feature", "properties": { "full_id": "n13842483607", "osm_id": "13842483607", "amenity": "cafe" }, "geometry": { "type": "Point", "coordinates": [ -6.894284, 33.94012 ] } },
{ "type": "Feature", "properties": { "full_id": "n13842483608", "osm_id": "13842483608", "amenity": "restaurant" }, "geometry": { "type": "Point", "coordinates": [ -6.89658, 33.937791 ] } },
{ "type": "Feature", "properties": { "full_id": "n13842483609", "osm_id": "13842483609", "amenity": "restaurant" }, "geometry": { "type": "Point", "coordinates": [ -6.895722, 33.931324 ] } },
{ "type": "Feature", "properties": { "full_id": "n13842483610", "osm_id": "13842483610", "amenity": "restaurant" }, "geometry": { "type": "Point", "coordinates": [ -6.897671, 33.930329 ] } },
{ "type": "Feature", "properties": { "full_id": "n13842483611", "osm_id": "13842483611", "amenity": "restaurant" }, "geometry": { "type": "Point", "coordinates": [ -6.893689, 33.926132 ] } },
{ "type": "Feature", "properties": { "full_id": "n13842483612", "osm_id": "13842483612", "amenity": "cafe" }, "geometry": { "type": "Point", "coordinates": [ -6.903789, 33.925361 ] } },
{ "type": "Feature", "properties": { "full_id": "n13842483613", "osm_id": "13842483613", "amenity": "cafe" }, "geometry": { "type": "Point", "coordinates": [ -6.904303, 33.917686 ] } },
{ "type": "Feature", "properties": { "full_id": "n13842483701", "osm_id": "13842483701", "amenity": "cafe" }, "geometry": { "type": "Point", "coordinates": [ -6.893226, 33.941354 ] } },
{ "type": "Feature", "properties": { "full_id": "n13842483702", "osm_id": "13842483702", "amenity": "restaurant" }, "geometry": { "type": "Point", "coordinates": [ -6.894693, 33.940442 ] } },
{ "type": "Feature", "properties": { "full_id": "n13842483703", "osm_id": "13842483703", "amenity": "restaurant" }, "geometry": { "type": "Point", "coordinates": [ -6.895737, 33.939306 ] } },
{ "type": "Feature", "properties": { "full_id": "n13842483704", "osm_id": "13842483704", "amenity": "restaurant" }, "geometry": { "type": "Point", "coordinates": [ -6.897696, 33.941954 ] } },
{ "type": "Feature", "properties": { "full_id": "n13842483705", "osm_id": "13842483705", "amenity": "restaurant" }, "geometry": { "type": "Point", "coordinates": [ -6.898742, 33.939446 ] } },
{ "type": "Feature", "properties": { "full_id": "n13842483706", "osm_id": "13842483706", "amenity": "restaurant" }, "geometry": { "type": "Point", "coordinates": [ -6.898168, 33.931025 ] } },
{ "type": "Feature", "properties": { "full_id": "n13842483708", "osm_id": "13842483708", "amenity": "cafe" }, "geometry": { "type": "Point", "coordinates": [ -6.907569, 33.914516 ] } },
{ "type": "Feature", "properties": { "full_id": "n13842483901", "osm_id": "13842483901", "amenity": "restaurant" }, "geometry": { "type": "Point", "coordinates": [ -6.8999603, 33.939882 ] } },
{ "type": "Feature", "properties": { "full_id": "n13842483902", "osm_id": "13842483902", "amenity": "restaurant" }, "geometry": { "type": "Point", "coordinates": [ -6.895296, 33.931204 ] } },
{ "type": "Feature", "properties": { "full_id": "n13842484001", "osm_id": "13842484001", "amenity": "cafe" }, "geometry": { "type": "Point", "coordinates": [ -6.894435, 33.925664 ] } },
{ "type": "Feature", "properties": { "full_id": "n13844983401", "osm_id": "13844983401", "amenity": "money_transfer" }, "geometry": { "type": "Point", "coordinates": [ -6.916694, 33.92033 ] } },
{ "type": "Feature", "properties": { "full_id": "n13844983501", "osm_id": "13844983501", "amenity": "restaurant" }, "geometry": { "type": "Point", "coordinates": [ -6.916704, 33.920255 ] } },
{ "type": "Feature", "properties": { "full_id": "n13998111278", "osm_id": "13998111278", "amenity": "fuel" }, "geometry": { "type": "Point", "coordinates": [ -6.9026843, 33.9013979 ] } },
{ "type": "Feature", "properties": { "full_id": "n14015911001", "osm_id": "14015911001", "amenity": "taxi" }, "geometry": { "type": "Point", "coordinates": [ -6.9755861, 33.8870407 ] } }
]
}
