{
"type": "FeatureCollection",
"name": "Equipements",
"crs": { "type": "name", "properties": { "name": "urn:ogc:def:crs:OGC:1.3:CRS84" } },
"features": [
{ "type": "Feature", "properties": { "ville": "Ain Attig", "designation": "A16", "definition": "Poste de police", "surface_min": null, "largeur_min": null, "hauteur_max": null, "cos": null, "cus": null, "type_construction": "Administrations", "Surface": 706, "layer": "A_eq_final", "path": "C:\\Users\\hp\\Downloads\\A_eq_final.geojson" }, "geometry": { "type": "Point", "coordinates": [ -6.97528853633465, 33.883957023900734 ] } },
{ "type": "Feature", "properties": { "ville": "Ain Attig", "designation": "A17", "definition": "Poste de police", "surface_min": null, "largeur_min": null, "hauteur_max": null, "cos": null, "cus": null, "type_construction": "Administrations", "Surface": 872, "layer": "A_eq_final", "path": "C:\\Users\\hp\\Downloads\\A_eq_final.geojson" }, "geometry": { "type": "Point", "coordinates": [ -6.972813939640309, 33.874497359487329 ] } },
{ "type": "Feature", "properties": { "ville": "Ain Attig", "designation": "A14", "definition": "Arrondissement de police", "surface_min": null, "largeur_min": null, "hauteur_max": null, "cos": null, "cus": null, "type_construction": "Administrations", "Surface": 5881, "layer": "A_eq_final", "path": "C:\\Users\\hp\\Downloads\\A_eq_final.geojson" }, "geometry": { "type": "Point", "coordinates": [ -6.978192548923944, 33.886394835163102 ] } },
{ "type": "Feature", "properties": { "ville": "Ain Attig", "designation": "A1", "definition": "Administration", "surface_min": null, "largeur_min": null, "hauteur_max": null, "cos": null, "cus": null, "type_construction": "Administrations", "Surface": 1158, "layer": "A_eq_final", "path": "C:\\Users\\hp\\Downloads\\A_eq_final.geojson" }, "geometry": { "type": "Point", "coordinates": [ -6.987456426902955, 33.867545378670705 ] } },
{ "type": "Feature", "properties": { "ville": "Ain Attig", "designation": "A7", "definition": "Cité de Police", "surface_min": null, "largeur_min": null, "hauteur_max": null, "cos": null, "cus": null, "type_construction": "Administrations", "Surface": 1596, "layer": "A_eq_final", "path": "C:\\Users\\hp\\Downloads\\A_eq_final.geojson" }, "geometry": { "type": "Point", "coordinates": [ -6.955305507089085, 33.892520445033647 ] } },
{ "type": "Feature", "properties": { "ville": "Ain Attig", "designation": "A9", "definition": "Administration", "surface_min": null, "largeur_min": null, "hauteur_max": null, "cos": null, "cus": null, "type_construction": "Administrations", "Surface": 1481, "layer": "A_eq_final", "path": "C:\\Users\\hp\\Downloads\\A_eq_final.geojson" }, "geometry": { "type": "Point", "coordinates": [ -6.954413252048669, 33.884434024233741 ] } },
{ "type": "Feature", "properties": { "ville": "Ain Attig", "designation": "A10", "definition": "Arrondissement de police", "surface_min": null, "largeur_min": null, "hauteur_max": null, "cos": null, "cus": null, "type_construction": "Administrations", "Surface": 3110, "layer": "A_eq_final", "path": "C:\\Users\\hp\\Downloads\\A_eq_final.geojson" }, "geometry": { "type": "Point", "coordinates": [ -6.953977438424205, 33.884675805346077 ] } },
{ "type": "Feature", "properties": { "ville": "Ain Attig", "designation": "A3", "definition": "Caîdat", "surface_min": null, "largeur_min": null, "hauteur_max": null, "cos": null, "cus": null, "type_construction": "Administrations", "Surface": 1663, "layer": "A_eq_final", "path": "C:\\Users\\hp\\Downloads\\A_eq_final.geojson" }, "geometry": { "type": "Point", "coordinates": [ -6.953062200238772, 33.896454456610918 ] } },
{ "type": "Feature", "properties": { "ville": "Ain Attig", "designation": "A15", "definition": "Centre Administatif", "surface_min": null, "largeur_min": null, "hauteur_max": null, "cos": null, "cus": null, "type_construction": "Administrations", "Surface": 2603, "layer": "A_eq_final", "path": "C:\\Users\\hp\\Downloads\\A_eq_final.geojson" }, "geometry": { "type": "Point", "coordinates": [ -6.968713178464625, 33.899011595495033 ] } },
{ "type": "Feature", "properties": { "ville": "Ain Attig", "designation": "A13", "definition": "Administration", "surface_min": null, "largeur_min": null, "hauteur_max": null, "cos": null, "cus": null, "type_construction": "Administrations", "Surface": 990, "layer": "A_eq_final", "path": "C:\\Users\\hp\\Downloads\\A_eq_final.geojson" }, "geometry": { "type": "Point", "coordinates": [ -6.991180777226347, 33.887116380480848 ] } },
{ "type": "Feature", "properties": { "ville": "Ain Attig", "designation": "A19", "definition": "Poste de police", "surface_min": null, "largeur_min": null, "hauteur_max": null, "cos": null, "cus": null, "type_construction": "Administrations", "Surface": 1872, "layer": "A_eq_final", "path": "C:\\Users\\hp\\Downloads\\A_eq_final.geojson" }, "geometry": { "type": "Point", "coordinates": [ -6.97612450492177, 33.877702680464218 ] } },
{ "type": "Feature", "properties": { "ville": "Ain Attig", "designation": "A2", "definition": "Gendarmerie", "surface_min": null, "largeur_min": null, "hauteur_max": null, "cos": null, "cus": null, "type_construction": "Administrations", "Surface": 4217, "layer": "A_eq_final", "path": "C:\\Users\\hp\\Downloads\\A_eq_final.geojson" }, "geometry": { "type": "Point", "coordinates": [ -6.952660546198415, 33.896434109862469 ] } },
{ "type": "Feature", "properties": { "ville": "Ain Attig", "designation": "A4", "definition": "Sureté Nationale Groupe d'intervention Rapide", "surface_min": null, "largeur_min": null, "hauteur_max": null, "cos": null, "cus": null, "type_construction": "Administrations", "Surface": 7789, "layer": "A_eq_final", "path": "C:\\Users\\hp\\Downloads\\A_eq_final.geojson" }, "geometry": { "type": "Point", "coordinates": [ -6.976264221790855, 33.873826840212757 ] } },
{ "type": "Feature", "properties": { "ville": "Ain Attig", "designation": "A5", "definition": "Siége de la commune", "surface_min": null, "largeur_min": null, "hauteur_max": null, "cos": null, "cus": null, "type_construction": "Administrations", "Surface": 2208, "layer": "A_eq_final", "path": "C:\\Users\\hp\\Downloads\\A_eq_final.geojson" }, "geometry": { "type": "Point", "coordinates": [ -6.953471735878245, 33.896273317964095 ] } },
{ "type": "Feature", "properties": { "ville": "Ain Attig", "designation": "A6", "definition": "Brigade protection civile", "surface_min": null, "largeur_min": null, "hauteur_max": null, "cos": null, "cus": null, "type_construction": "Administrations", "Surface": 20548, "layer": "A_eq_final", "path": "C:\\Users\\hp\\Downloads\\A_eq_final.geojson" }, "geometry": { "type": "Point", "coordinates": [ -6.990680654423918, 33.884929230231755 ] } },
{ "type": "Feature", "properties": { "ville": "Ain Attig", "designation": "A8", "definition": "Poste de police", "surface_min": null, "largeur_min": null, "hauteur_max": null, "cos": null, "cus": null, "type_construction": "Administrations", "Surface": 1157, "layer": "A_eq_final", "path": "C:\\Users\\hp\\Downloads\\A_eq_final.geojson" }, "geometry": { "type": "Point", "coordinates": [ -6.987036287320061, 33.86782916704319 ] } },
{ "type": "Feature", "properties": { "ville": "Ain Attig", "designation": "A11", "definition": "Maison de service public", "surface_min": null, "largeur_min": null, "hauteur_max": null, "cos": null, "cus": null, "type_construction": "Administrations", "Surface": 1410, "layer": "A_eq_final", "path": "C:\\Users\\hp\\Downloads\\A_eq_final.geojson" }, "geometry": { "type": "Point", "coordinates": [ -6.99101204615803, 33.886244128806631 ] } },
{ "type": "Feature", "properties": { "ville": "Ain Attig", "designation": "A12", "definition": "Commissariat", "surface_min": null, "largeur_min": null, "hauteur_max": null, "cos": null, "cus": null, "type_construction": "Administrations", "Surface": 1703, "layer": "A_eq_final", "path": "C:\\Users\\hp\\Downloads\\A_eq_final.geojson" }, "geometry": { "type": "Point", "coordinates": [ -6.964671297759155, 33.886398792439998 ] } },
{ "type": "Feature", "properties": { "ville": "El Menzeh", "designation": "A03", "definition": "Sureté nationale", "surface_min": null, "largeur_min": null, "hauteur_max": null, "cos": null, "cus": null, "type_construction": "Administration", "Surface": 2173, "layer": "A_eq_final", "path": "C:\\Users\\hp\\Downloads\\A_eq_final.geojson" }, "geometry": { "type": "Point", "coordinates": [ -6.84097810341463, 33.849068401168587 ] } },
{ "type": "Feature", "properties": { "ville": "El Menzeh", "designation": "A04", "definition": "Protection civile", "surface_min": null, "largeur_min": null, "hauteur_max": null, "cos": null, "cus": null, "type_construction": "Administration", "Surface": 2731, "layer": "A_eq_final", "path": "C:\\Users\\hp\\Downloads\\A_eq_final.geojson" }, "geometry": { "type": "Point", "coordinates": [ -6.847821601842893, 33.818863235199728 ] } },
{ "type": "Feature", "properties": { "ville": "El Menzeh", "designation": "A02", "definition": "Sureté nationale", "surface_min": null, "largeur_min": null, "hauteur_max": null, "cos": null, "cus": null, "type_construction": "Administration", "Surface": 3284, "layer": "A_eq_final", "path": "C:\\Users\\hp\\Downloads\\A_eq_final.geojson" }, "geometry": { "type": "Point", "coordinates": [ -6.83021539548752, 33.838539737371363 ] } },
{ "type": "Feature", "properties": { "ville": "El Menzeh", "designation": "A01", "definition": "Sureté nationale", "surface_min": null, "largeur_min": null, "hauteur_max": null, "cos": null, "cus": null, "type_construction": "Administration", "Surface": 1755, "layer": "A_eq_final", "path": "C:\\Users\\hp\\Downloads\\A_eq_final.geojson" }, "geometry": { "type": "Point", "coordinates": [ -6.834620293240304, 33.825580292604791 ] } },
{ "type": "Feature", "properties": { "ville": "Harhoura", "designation": "A 13", "definition": "Perception", "surface_min": null, "largeur_min": null, "hauteur_max": null, "cos": null, "cus": null, "type_construction": "Administrations", "Surface": 833, "layer": "A_eq_final", "path": "C:\\Users\\hp\\Downloads\\A_eq_final.geojson" }, "geometry": { "type": "Point", "coordinates": [ -6.984652689411157, 33.902468557583205 ] } },
{ "type": "Feature", "properties": { "ville": "Harhoura", "designation": "A 11", "definition": "Arrondissement de police", "surface_min": null, "largeur_min": null, "hauteur_max": null, "cos": null, "cus": null, "type_construction": "Administrations", "Surface": 2305, "layer": "A_eq_final", "path": "C:\\Users\\hp\\Downloads\\A_eq_final.geojson" }, "geometry": { "type": "Point", "coordinates": [ -6.986307689954959, 33.905781672742734 ] } },
{ "type": "Feature", "properties": { "ville": "Harhoura", "designation": "A 18", "definition": "Citée et Arrondissement de police", "surface_min": null, "largeur_min": null, "hauteur_max": null, "cos": null, "cus": null, "type_construction": "Administrations", "Surface": 6262, "layer": "A_eq_final", "path": "C:\\Users\\hp\\Downloads\\A_eq_final.geojson" }, "geometry": { "type": "Point", "coordinates": [ -6.973164931377934, 33.905735321950857 ] } },
{ "type": "Feature", "properties": { "ville": "Harhoura", "designation": "A 03", "definition": "Perception", "surface_min": null, "largeur_min": null, "hauteur_max": null, "cos": null, "cus": null, "type_construction": "Administrations", "Surface": 1325, "layer": "A_eq_final", "path": "C:\\Users\\hp\\Downloads\\A_eq_final.geojson" }, "geometry": { "type": "Point", "coordinates": [ -6.975797584000873, 33.908339946382839 ] } },
{ "type": "Feature", "properties": { "ville": "Harhoura", "designation": "A 14", "definition": "Arrondissement de police", "surface_min": null, "largeur_min": null, "hauteur_max": null, "cos": null, "cus": null, "type_construction": "Administrations", "Surface": 1388, "layer": "A_eq_final", "path": "C:\\Users\\hp\\Downloads\\A_eq_final.geojson" }, "geometry": { "type": "Point", "coordinates": [ -6.963432322582752, 33.915178958281615 ] } },
{ "type": "Feature", "properties": { "ville": "Harhoura", "designation": "A 17", "definition": "Centre Administratif", "surface_min": null, "largeur_min": null, "hauteur_max": null, "cos": null, "cus": null, "type_construction": "Administrations", "Surface": 2009, "layer": "A_eq_final", "path": "C:\\Users\\hp\\Downloads\\A_eq_final.geojson" }, "geometry": { "type": "Point", "coordinates": [ -6.967356594361947, 33.915243849973152 ] } },
{ "type": "Feature", "properties": { "ville": "Harhoura", "designation": "A 12", "definition": "Equipement communal", "surface_min": null, "largeur_min": null, "hauteur_max": null, "cos": null, "cus": null, "type_construction": "Administrations", "Surface": 194, "layer": "A_eq_final", "path": "C:\\Users\\hp\\Downloads\\A_eq_final.geojson" }, "geometry": { "type": "Point", "coordinates": [ -6.955582230130134, 33.92178498271246 ] } },
{ "type": "Feature", "properties": { "ville": "Harhoura", "designation": "A 08", "definition": "Arrondissement de police", "surface_min": null, "largeur_min": null, "hauteur_max": null, "cos": null, "cus": null, "type_construction": "Administrations", "Surface": 983, "layer": "A_eq_final", "path": "C:\\Users\\hp\\Downloads\\A_eq_final.geojson" }, "geometry": { "type": "Point", "coordinates": [ -6.955590792045287, 33.928927359619912 ] } },
{ "type": "Feature", "properties": { "ville": "Harhoura", "designation": "A 07", "definition": "Gendarmerie", "surface_min": null, "largeur_min": null, "hauteur_max": null, "cos": null, "cus": null, "type_construction": "Administrations", "Surface": 551, "layer": "A_eq_final", "path": "C:\\Users\\hp\\Downloads\\A_eq_final.geojson" }, "geometry": { "type": "Point", "coordinates": [ -6.953438843595494, 33.929743569105568 ] } },
{ "type": "Feature", "properties": { "ville": "Harhoura", "designation": "A 06", "definition": "Croissant rouge", "surface_min": null, "largeur_min": null, "hauteur_max": null, "cos": null, "cus": null, "type_construction": "Administrations", "Surface": 515, "layer": "A_eq_final", "path": "C:\\Users\\hp\\Downloads\\A_eq_final.geojson" }, "geometry": { "type": "Point", "coordinates": [ -6.952208311161915, 33.931154288492202 ] } },
{ "type": "Feature", "properties": { "ville": "Harhoura", "designation": "A 02", "definition": "Pachalik et caidat", "surface_min": null, "largeur_min": null, "hauteur_max": null, "cos": null, "cus": null, "type_construction": "Administrations", "Surface": 979, "layer": "A_eq_final", "path": "C:\\Users\\hp\\Downloads\\A_eq_final.geojson" }, "geometry": { "type": "Point", "coordinates": [ -6.940010907701418, 33.938661778525095 ] } },
{ "type": "Feature", "properties": { "ville": "Harhoura", "designation": "A 05", "definition": "Caidat", "surface_min": null, "largeur_min": null, "hauteur_max": null, "cos": null, "cus": null, "type_construction": "Administrations", "Surface": 1405, "layer": "A_eq_final", "path": "C:\\Users\\hp\\Downloads\\A_eq_final.geojson" }, "geometry": { "type": "Point", "coordinates": [ -6.975514463345537, 33.908582393308627 ] } },
{ "type": "Feature", "properties": { "ville": "Harhoura", "designation": "A 10", "definition": "Siège communal", "surface_min": null, "largeur_min": null, "hauteur_max": null, "cos": null, "cus": null, "type_construction": "Administrations", "Surface": 4445, "layer": "A_eq_final", "path": "C:\\Users\\hp\\Downloads\\A_eq_final.geojson" }, "geometry": { "type": "Point", "coordinates": [ -6.959948504188643, 33.925624933744558 ] } },
{ "type": "Feature", "properties": { "ville": "Harhoura", "designation": "A 09", "definition": "Centre administratif", "surface_min": null, "largeur_min": null, "hauteur_max": null, "cos": null, "cus": null, "type_construction": "Administrations", "Surface": 1794, "layer": "A_eq_final", "path": "C:\\Users\\hp\\Downloads\\A_eq_final.geojson" }, "geometry": { "type": "Point", "coordinates": [ -6.960416082295308, 33.926037008824302 ] } },
{ "type": "Feature", "properties": { "ville": "Harhoura", "designation": "A 16", "definition": "Parc municipal", "surface_min": null, "largeur_min": null, "hauteur_max": null, "cos": null, "cus": null, "type_construction": "Administrations", "Surface": 1658, "layer": "A_eq_final", "path": "C:\\Users\\hp\\Downloads\\A_eq_final.geojson" }, "geometry": { "type": "Point", "coordinates": [ -6.966977722575078, 33.915577185459902 ] } },
{ "type": "Feature", "properties": { "ville": "Harhoura", "designation": "A 22", "definition": "Centre administraif", "surface_min": null, "largeur_min": null, "hauteur_max": null, "cos": null, "cus": null, "type_construction": "Administrations", "Surface": 765, "layer": "A_eq_final", "path": "C:\\Users\\hp\\Downloads\\A_eq_final.geojson" }, "geometry": { "type": "Point", "coordinates": [ -6.984969272567882, 33.902456566200648 ] } },
{ "type": "Feature", "properties": { "ville": "Harhoura", "designation": "A 21", "definition": "Arrondissement de police", "surface_min": null, "largeur_min": null, "hauteur_max": null, "cos": null, "cus": null, "type_construction": "Administrations", "Surface": 1236, "layer": "A_eq_final", "path": "C:\\Users\\hp\\Downloads\\A_eq_final.geojson" }, "geometry": { "type": "Point", "coordinates": [ -6.984385948316143, 33.902678274470894 ] } },
{ "type": "Feature", "properties": { "ville": "Harhoura", "designation": "A 15", "definition": "Poste de police", "surface_min": null, "largeur_min": null, "hauteur_max": null, "cos": null, "cus": null, "type_construction": "Administrations", "Surface": 499, "layer": "A_eq_final", "path": "C:\\Users\\hp\\Downloads\\A_eq_final.geojson" }, "geometry": { "type": "Point", "coordinates": [ -6.968072212653767, 33.912689807199222 ] } },
{ "type": "Feature", "properties": { "ville": "Harhoura", "designation": "A 19", "definition": "Poste de police", "surface_min": null, "largeur_min": null, "hauteur_max": null, "cos": null, "cus": null, "type_construction": "Administrations", "Surface": 702, "layer": "A_eq_final", "path": "C:\\Users\\hp\\Downloads\\A_eq_final.geojson" }, "geometry": { "type": "Point", "coordinates": [ -6.958244813624373, 33.923460488802313 ] } },
{ "type": "Feature", "properties": { "ville": "Harhoura", "designation": "A 04", "definition": "Caidat", "surface_min": null, "largeur_min": null, "hauteur_max": null, "cos": null, "cus": null, "type_construction": "Administrations", "Surface": 674, "layer": "A_eq_final", "path": "C:\\Users\\hp\\Downloads\\A_eq_final.geojson" }, "geometry": { "type": "Point", "coordinates": [ -6.939977680041769, 33.933930517800853 ] } },
{ "type": "Feature", "properties": { "ville": "Harhoura", "designation": "A 23", "definition": "Protection civile", "surface_min": null, "largeur_min": null, "hauteur_max": null, "cos": null, "cus": null, "type_construction": "Administrations", "Surface": 2012, "layer": "A_eq_final", "path": "C:\\Users\\hp\\Downloads\\A_eq_final.geojson" }, "geometry": { "type": "Point", "coordinates": [ -6.990511310779953, 33.901012703414494 ] } },
{ "type": "Feature", "properties": { "ville": "Harhoura", "designation": "A 20", "definition": "Gendarmerie", "surface_min": null, "largeur_min": null, "hauteur_max": null, "cos": null, "cus": null, "type_construction": "Administrations", "Surface": 385, "layer": "A_eq_final", "path": "C:\\Users\\hp\\Downloads\\A_eq_final.geojson" }, "geometry": { "type": "Point", "coordinates": [ -6.988694728751854, 33.907715318844652 ] } },
{ "type": "Feature", "properties": { "ville": "Harhoura", "designation": "A 01", "definition": "Arrondissement", "surface_min": null, "largeur_min": null, "hauteur_max": null, "cos": null, "cus": null, "type_construction": "Administrations", "Surface": 1028, "layer": "A_eq_final", "path": "C:\\Users\\hp\\Downloads\\A_eq_final.geojson" }, "geometry": { "type": "Point", "coordinates": [ -6.926117225125685, 33.952053973640602 ] } },
{ "type": "Feature", "properties": { "ville": "Sidi Yahya des Zaers", "designation": "A3", "definition": "IAM VNT", "surface_min": null, "largeur_min": null, "hauteur_max": null, "cos": null, "cus": null, "type_construction": "Administration", "Surface": 281, "layer": "A_eq_final", "path": "C:\\Users\\hp\\Downloads\\A_eq_final.geojson" }, "geometry": { "type": "Point", "coordinates": [ -6.938668782540314, 33.819585345378357 ] } },
{ "type": "Feature", "properties": { "ville": "Sidi Yahya des Zaers", "designation": "A1", "definition": "Arrondissement de police VNT", "surface_min": null, "largeur_min": null, "hauteur_max": null, "cos": null, "cus": null, "type_construction": "Administration", "Surface": 951, "layer": "A_eq_final", "path": "C:\\Users\\hp\\Downloads\\A_eq_final.geojson" }, "geometry": { "type": "Point", "coordinates": [ -6.938903624357454, 33.819548024726771 ] } },
{ "type": "Feature", "properties": { "ville": "Sidi Yahya des Zaers", "designation": "A2", "definition": null, "surface_min": null, "largeur_min": null, "hauteur_max": null, "cos": null, "cus": null, "type_construction": "Administration", "Surface": 250, "layer": "A_eq_final", "path": "C:\\Users\\hp\\Downloads\\A_eq_final.geojson" }, "geometry": { "type": "Point", "coordinates": [ -6.938703125892381, 33.819706575183467 ] } },
{ "type": "Feature", "properties": { "ville": "Sidi Yahya des Zaers", "designation": "A38", "definition": "Arrondissement de police", "surface_min": null, "largeur_min": null, "hauteur_max": null, "cos": null, "cus": null, "type_construction": "Administration", "Surface": 781, "layer": "A_eq_final", "path": "C:\\Users\\hp\\Downloads\\A_eq_final.geojson" }, "geometry": { "type": "Point", "coordinates": [ -6.907423357077201, 33.82268374757998 ] } },
{ "type": "Feature", "properties": { "ville": "Sidi Yahya des Zaers", "designation": "A35", "definition": "Gendaremerie", "surface_min": null, "largeur_min": null, "hauteur_max": null, "cos": null, "cus": null, "type_construction": "Administration", "Surface": 2140, "layer": "A_eq_final", "path": "C:\\Users\\hp\\Downloads\\A_eq_final.geojson" }, "geometry": { "type": "Point", "coordinates": [ -6.903068174498443, 33.82375786192425 ] } },
{ "type": "Feature", "properties": { "ville": "Sidi Yahya des Zaers", "designation": "A47", "definition": "Arrondissement de police", "surface_min": null, "largeur_min": null, "hauteur_max": null, "cos": null, "cus": null, "type_construction": "Administration", "Surface": 1213, "layer": "A_eq_final", "path": "C:\\Users\\hp\\Downloads\\A_eq_final.geojson" }, "geometry": { "type": "Point", "coordinates": [ -6.922132452165394, 33.825348632044445 ] } },
{ "type": "Feature", "properties": { "ville": "Sidi Yahya des Zaers", "designation": "A8", "definition": "Arrondissement de Police VNT", "surface_min": null, "largeur_min": null, "hauteur_max": null, "cos": null, "cus": null, "type_construction": "Administration", "Surface": 526, "layer": "A_eq_final", "path": "C:\\Users\\hp\\Downloads\\A_eq_final.geojson" }, "geometry": { "type": "Point", "coordinates": [ -6.92168272251322, 33.825672705950858 ] } },
{ "type": "Feature", "properties": { "ville": "Sidi Yahya des Zaers", "designation": "A34", "definition": "Logement de fonction", "surface_min": null, "largeur_min": null, "hauteur_max": null, "cos": null, "cus": null, "type_construction": "Administration", "Surface": 1672, "layer": "A_eq_final", "path": "C:\\Users\\hp\\Downloads\\A_eq_final.geojson" }, "geometry": { "type": "Point", "coordinates": [ -6.905482984927676, 33.82624360291554 ] } },
{ "type": "Feature", "properties": { "ville": "Sidi Yahya des Zaers", "designation": "A7", "definition": "IAM VNT", "surface_min": null, "largeur_min": null, "hauteur_max": null, "cos": null, "cus": null, "type_construction": "Administration", "Surface": 943, "layer": "A_eq_final", "path": "C:\\Users\\hp\\Downloads\\A_eq_final.geojson" }, "geometry": { "type": "Point", "coordinates": [ -6.921891954302021, 33.8262214951122 ] } },
{ "type": "Feature", "properties": { "ville": "Sidi Yahya des Zaers", "designation": "A33", "definition": "Bureau de poste", "surface_min": null, "largeur_min": null, "hauteur_max": null, "cos": null, "cus": null, "type_construction": "Administration", "Surface": 1291, "layer": "A_eq_final", "path": "C:\\Users\\hp\\Downloads\\A_eq_final.geojson" }, "geometry": { "type": "Point", "coordinates": [ -6.904794612397569, 33.826447549832032 ] } },
{ "type": "Feature", "properties": { "ville": "Sidi Yahya des Zaers", "designation": "A32", "definition": "IAM", "surface_min": null, "largeur_min": null, "hauteur_max": null, "cos": null, "cus": null, "type_construction": "Administration", "Surface": 625, "layer": "A_eq_final", "path": "C:\\Users\\hp\\Downloads\\A_eq_final.geojson" }, "geometry": { "type": "Point", "coordinates": [ -6.904880501386681, 33.826711272082811 ] } },
{ "type": "Feature", "properties": { "ville": "Sidi Yahya des Zaers", "designation": "A39", "definition": "Centre d’Enregistrement des Données Identitaires", "surface_min": null, "largeur_min": null, "hauteur_max": null, "cos": null, "cus": null, "type_construction": "Administration", "Surface": 300, "layer": "A_eq_final", "path": "C:\\Users\\hp\\Downloads\\A_eq_final.geojson" }, "geometry": { "type": "Point", "coordinates": [ -6.913403813754226, 33.829574992879316 ] } },
{ "type": "Feature", "properties": { "ville": "Sidi Yahya des Zaers", "designation": "A26", "definition": "IAM VNT", "surface_min": null, "largeur_min": null, "hauteur_max": null, "cos": null, "cus": null, "type_construction": "Administration", "Surface": 561, "layer": "A_eq_final", "path": "C:\\Users\\hp\\Downloads\\A_eq_final.geojson" }, "geometry": { "type": "Point", "coordinates": [ -6.91263865243392, 33.829840871849541 ] } },
{ "type": "Feature", "properties": { "ville": "Sidi Yahya des Zaers", "designation": "A31", "definition": "Siège communal", "surface_min": null, "largeur_min": null, "hauteur_max": null, "cos": null, "cus": null, "type_construction": "Administration", "Surface": 4225, "layer": "A_eq_final", "path": "C:\\Users\\hp\\Downloads\\A_eq_final.geojson" }, "geometry": { "type": "Point", "coordinates": [ -6.905786998995147, 33.830207904077312 ] } },
{ "type": "Feature", "properties": { "ville": "Sidi Yahya des Zaers", "designation": "A29", "definition": "Arrondissement de police", "surface_min": null, "largeur_min": null, "hauteur_max": null, "cos": null, "cus": null, "type_construction": "Administration", "Surface": 1156, "layer": "A_eq_final", "path": "C:\\Users\\hp\\Downloads\\A_eq_final.geojson" }, "geometry": { "type": "Point", "coordinates": [ -6.905244312949842, 33.83044473380513 ] } },
{ "type": "Feature", "properties": { "ville": "Sidi Yahya des Zaers", "designation": "A30", "definition": "Caïdat", "surface_min": null, "largeur_min": null, "hauteur_max": null, "cos": null, "cus": null, "type_construction": "Administration", "Surface": 1831, "layer": "A_eq_final", "path": "C:\\Users\\hp\\Downloads\\A_eq_final.geojson" }, "geometry": { "type": "Point", "coordinates": [ -6.905856487870953, 33.830657555414334 ] } },
{ "type": "Feature", "properties": { "ville": "Sidi Yahya des Zaers", "designation": "A40", "definition": "Mini GIG", "surface_min": null, "largeur_min": null, "hauteur_max": null, "cos": null, "cus": null, "type_construction": "Administration", "Surface": 5594, "layer": "A_eq_final", "path": "C:\\Users\\hp\\Downloads\\A_eq_final.geojson" }, "geometry": { "type": "Point", "coordinates": [ -6.903179852482594, 33.831094939951846 ] } },
{ "type": "Feature", "properties": { "ville": "Sidi Yahya des Zaers", "designation": "A4", "definition": "Arrondissement de Police VNT", "surface_min": null, "largeur_min": null, "hauteur_max": null, "cos": null, "cus": null, "type_construction": "Administration", "Surface": 524, "layer": "A_eq_final", "path": "C:\\Users\\hp\\Downloads\\A_eq_final.geojson" }, "geometry": { "type": "Point", "coordinates": [ -6.928392736257605, 33.83221584301797 ] } },
{ "type": "Feature", "properties": { "ville": "Sidi Yahya des Zaers", "designation": "A5", "definition": "IAM VNT", "surface_min": null, "largeur_min": null, "hauteur_max": null, "cos": null, "cus": null, "type_construction": "Administration", "Surface": 2902, "layer": "A_eq_final", "path": "C:\\Users\\hp\\Downloads\\A_eq_final.geojson" }, "geometry": { "type": "Point", "coordinates": [ -6.928016734898836, 33.83219137569138 ] } },
{ "type": "Feature", "properties": { "ville": "Sidi Yahya des Zaers", "designation": "A15", "definition": "Conservation foncière VNT", "surface_min": null, "largeur_min": null, "hauteur_max": null, "cos": null, "cus": null, "type_construction": "Administration", "Surface": 3519, "layer": "A_eq_final", "path": "C:\\Users\\hp\\Downloads\\A_eq_final.geojson" }, "geometry": { "type": "Point", "coordinates": [ -6.917500139239862, 33.832428548137813 ] } },
{ "type": "Feature", "properties": { "ville": "Sidi Yahya des Zaers", "designation": "A11", "definition": "Equipement administratif VNT", "surface_min": null, "largeur_min": null, "hauteur_max": null, "cos": null, "cus": null, "type_construction": "Administration", "Surface": 781, "layer": "A_eq_final", "path": "C:\\Users\\hp\\Downloads\\A_eq_final.geojson" }, "geometry": { "type": "Point", "coordinates": [ -6.916912152463373, 33.833327655726563 ] } },
{ "type": "Feature", "properties": { "ville": "Sidi Yahya des Zaers", "designation": "A46", "definition": "Arrondissement de police", "surface_min": null, "largeur_min": null, "hauteur_max": null, "cos": null, "cus": null, "type_construction": "Administration", "Surface": 1799, "layer": "A_eq_final", "path": "C:\\Users\\hp\\Downloads\\A_eq_final.geojson" }, "geometry": { "type": "Point", "coordinates": [ -6.938407137659345, 33.832966906956202 ] } },
{ "type": "Feature", "properties": { "ville": "Sidi Yahya des Zaers", "designation": "A18", "definition": "Perception (Impôts) VNT", "surface_min": null, "largeur_min": null, "hauteur_max": null, "cos": null, "cus": null, "type_construction": "Administration", "Surface": 1018, "layer": "A_eq_final", "path": "C:\\Users\\hp\\Downloads\\A_eq_final.geojson" }, "geometry": { "type": "Point", "coordinates": [ -6.917599730271642, 33.833658556246611 ] } },
{ "type": "Feature", "properties": { "ville": "Sidi Yahya des Zaers", "designation": "A42", "definition": "Protection Civile", "surface_min": null, "largeur_min": null, "hauteur_max": null, "cos": null, "cus": null, "type_construction": "Administration", "Surface": 4221, "layer": "A_eq_final", "path": "C:\\Users\\hp\\Downloads\\A_eq_final.geojson" }, "geometry": { "type": "Point", "coordinates": [ -6.911183239754998, 33.833356678768304 ] } },
{ "type": "Feature", "properties": { "ville": "Sidi Yahya des Zaers", "designation": "A27", "definition": "Centre d’Enregistrement des Données Identitaires", "surface_min": null, "largeur_min": null, "hauteur_max": null, "cos": null, "cus": null, "type_construction": "Administration", "Surface": 571, "layer": "A_eq_final", "path": "C:\\Users\\hp\\Downloads\\A_eq_final.geojson" }, "geometry": { "type": "Point", "coordinates": [ -6.914778728241629, 33.834168578667558 ] } },
{ "type": "Feature", "properties": { "ville": "Sidi Yahya des Zaers", "designation": "A14", "definition": "Municipalité", "surface_min": null, "largeur_min": null, "hauteur_max": null, "cos": null, "cus": null, "type_construction": "Administration", "Surface": 3405, "layer": "A_eq_final", "path": "C:\\Users\\hp\\Downloads\\A_eq_final.geojson" }, "geometry": { "type": "Point", "coordinates": [ -6.919271362388303, 33.8340670793188 ] } },
{ "type": "Feature", "properties": { "ville": "Sidi Yahya des Zaers", "designation": "A25", "definition": "Poste de Police VNT", "surface_min": null, "largeur_min": null, "hauteur_max": null, "cos": null, "cus": null, "type_construction": "Administration", "Surface": 128, "layer": "A_eq_final", "path": "C:\\Users\\hp\\Downloads\\A_eq_final.geojson" }, "geometry": { "type": "Point", "coordinates": [ -6.916435734402221, 33.834548396326092 ] } },
{ "type": "Feature", "properties": { "ville": "Sidi Yahya des Zaers", "designation": "A22", "definition": "Equipement administratif VNT", "surface_min": null, "largeur_min": null, "hauteur_max": null, "cos": null, "cus": null, "type_construction": "Administration", "Surface": 865, "layer": "A_eq_final", "path": "C:\\Users\\hp\\Downloads\\A_eq_final.geojson" }, "geometry": { "type": "Point", "coordinates": [ -6.919516510347047, 33.834620929270002 ] } },
{ "type": "Feature", "properties": { "ville": "Sidi Yahya des Zaers", "designation": "A19", "definition": "Equipement administratif VNT", "surface_min": null, "largeur_min": null, "hauteur_max": null, "cos": null, "cus": null, "type_construction": "Administration", "Surface": 674, "layer": "A_eq_final", "path": "C:\\Users\\hp\\Downloads\\A_eq_final.geojson" }, "geometry": { "type": "Point", "coordinates": [ -6.91834898471477, 33.834727657694678 ] } },
{ "type": "Feature", "properties": { "ville": "Sidi Yahya des Zaers", "designation": "A17", "definition": "Equipement administratif VNT", "surface_min": null, "largeur_min": null, "hauteur_max": null, "cos": null, "cus": null, "type_construction": "Administration", "Surface": 1300, "layer": "A_eq_final", "path": "C:\\Users\\hp\\Downloads\\A_eq_final.geojson" }, "geometry": { "type": "Point", "coordinates": [ -6.920018571141227, 33.83466145167754 ] } },
{ "type": "Feature", "properties": { "ville": "Sidi Yahya des Zaers", "designation": "A13", "definition": "Equipement administratif VNT", "surface_min": null, "largeur_min": null, "hauteur_max": null, "cos": null, "cus": null, "type_construction": "Administration", "Surface": 677, "layer": "A_eq_final", "path": "C:\\Users\\hp\\Downloads\\A_eq_final.geojson" }, "geometry": { "type": "Point", "coordinates": [ -6.918163073189509, 33.834852726920303 ] } },
{ "type": "Feature", "properties": { "ville": "Sidi Yahya des Zaers", "designation": "A16", "definition": "Equipement administratif VNT", "surface_min": null, "largeur_min": null, "hauteur_max": null, "cos": null, "cus": null, "type_construction": "Administration", "Surface": 730, "layer": "A_eq_final", "path": "C:\\Users\\hp\\Downloads\\A_eq_final.geojson" }, "geometry": { "type": "Point", "coordinates": [ -6.919735069495434, 33.834825590185638 ] } },
{ "type": "Feature", "properties": { "ville": "Sidi Yahya des Zaers", "designation": "A23", "definition": "ONE VNT", "surface_min": null, "largeur_min": null, "hauteur_max": null, "cos": null, "cus": null, "type_construction": "Administration", "Surface": 865, "layer": "A_eq_final", "path": "C:\\Users\\hp\\Downloads\\A_eq_final.geojson" }, "geometry": { "type": "Point", "coordinates": [ -6.918566079089733, 33.834946376615449 ] } },
{ "type": "Feature", "properties": { "ville": "Sidi Yahya des Zaers", "designation": "A36", "definition": "Poste de police VNT", "surface_min": null, "largeur_min": null, "hauteur_max": null, "cos": null, "cus": null, "type_construction": "Administration", "Surface": 157, "layer": "A_eq_final", "path": "C:\\Users\\hp\\Downloads\\A_eq_final.geojson" }, "geometry": { "type": "Point", "coordinates": [ -6.917286797828722, 33.835510822768782 ] } },
{ "type": "Feature", "properties": { "ville": "Sidi Yahya des Zaers", "designation": "A37", "definition": "Poste Ecrivains publics Librairie Services VNT", "surface_min": null, "largeur_min": null, "hauteur_max": null, "cos": null, "cus": null, "type_construction": "Administration", "Surface": 277, "layer": "A_eq_final", "path": "C:\\Users\\hp\\Downloads\\A_eq_final.geojson" }, "geometry": { "type": "Point", "coordinates": [ -6.918227328062164, 33.835860645964225 ] } },
{ "type": "Feature", "properties": { "ville": "Sidi Yahya des Zaers", "designation": "A9", "definition": "IAM VNT", "surface_min": null, "largeur_min": null, "hauteur_max": null, "cos": null, "cus": null, "type_construction": "Administration", "Surface": 1104, "layer": "A_eq_final", "path": "C:\\Users\\hp\\Downloads\\A_eq_final.geojson" }, "geometry": { "type": "Point", "coordinates": [ -6.918037411851792, 33.839639011775908 ] } },
{ "type": "Feature", "properties": { "ville": "Sidi Yahya des Zaers", "designation": "A6", "definition": "Protection Civile", "surface_min": null, "largeur_min": null, "hauteur_max": null, "cos": null, "cus": null, "type_construction": "Administration", "Surface": 1051, "layer": "A_eq_final", "path": "C:\\Users\\hp\\Downloads\\A_eq_final.geojson" }, "geometry": { "type": "Point", "coordinates": [ -6.943986782265722, 33.841313260148723 ] } },
{ "type": "Feature", "properties": { "ville": "Sidi Yahya des Zaers", "designation": "A28", "definition": "IAM VNT", "surface_min": null, "largeur_min": null, "hauteur_max": null, "cos": null, "cus": null, "type_construction": "Administration", "Surface": 1394, "layer": "A_eq_final", "path": "C:\\Users\\hp\\Downloads\\A_eq_final.geojson" }, "geometry": { "type": "Point", "coordinates": [ -6.944281125754642, 33.84121644192323 ] } },
{ "type": "Feature", "properties": { "ville": "Sidi Yahya des Zaers", "designation": "A10", "definition": "Préfecture", "surface_min": null, "largeur_min": null, "hauteur_max": null, "cos": null, "cus": null, "type_construction": "Administration", "Surface": 5209, "layer": "A_eq_final", "path": "C:\\Users\\hp\\Downloads\\A_eq_final.geojson" }, "geometry": { "type": "Point", "coordinates": [ -6.918028976892255, 33.832827049492472 ] } },
{ "type": "Feature", "properties": { "ville": "Sidi Yahya des Zaers", "designation": "A12", "definition": "Equipement administratif VNT", "surface_min": null, "largeur_min": null, "hauteur_max": null, "cos": null, "cus": null, "type_construction": "Administration", "Surface": 1503, "layer": "A_eq_final", "path": "C:\\Users\\hp\\Downloads\\A_eq_final.geojson" }, "geometry": { "type": "Point", "coordinates": [ -6.918428137495417, 33.834257656450639 ] } },
{ "type": "Feature", "properties": { "ville": "Sidi Yahya des Zaers", "designation": "A20", "definition": "Education nationale VNT", "surface_min": null, "largeur_min": null, "hauteur_max": null, "cos": null, "cus": null, "type_construction": "Administration", "Surface": 1259, "layer": "A_eq_final", "path": "C:\\Users\\hp\\Downloads\\A_eq_final.geojson" }, "geometry": { "type": "Point", "coordinates": [ -6.918143425050473, 33.834461275480692 ] } },
{ "type": "Feature", "properties": { "ville": "Sidi Yahya des Zaers", "designation": "A21", "definition": "ONEP VNT", "surface_min": null, "largeur_min": null, "hauteur_max": null, "cos": null, "cus": null, "type_construction": "Administration", "Surface": 1348, "layer": "A_eq_final", "path": "C:\\Users\\hp\\Downloads\\A_eq_final.geojson" }, "geometry": { "type": "Point", "coordinates": [ -6.917864911319543, 33.834647173268493 ] } },
{ "type": "Feature", "properties": { "ville": "Sidi Yahya des Zaers", "designation": "A24", "definition": "CNSS VNT", "surface_min": null, "largeur_min": null, "hauteur_max": null, "cos": null, "cus": null, "type_construction": "Administration", "Surface": 546, "layer": "A_eq_final", "path": "C:\\Users\\hp\\Downloads\\A_eq_final.geojson" }, "geometry": { "type": "Point", "coordinates": [ -6.917129280682247, 33.833521098560524 ] } },
{ "type": "Feature", "properties": { "ville": "Mers El Kheir", "designation": "A04", "definition": "Equipement administratif", "surface_min": null, "largeur_min": null, "hauteur_max": null, "cos": null, "cus": null, "type_construction": "Administration", "Surface": 1804, "layer": "A_eq_final", "path": "C:\\Users\\hp\\Downloads\\A_eq_final.geojson" }, "geometry": { "type": "Point", "coordinates": [ -6.927943115271928, 33.864780709051608 ] } },
{ "type": "Feature", "properties": { "ville": "Mers El Kheir", "designation": "A02", "definition": "Equipement administratif", "surface_min": null, "largeur_min": null, "hauteur_max": null, "cos": null, "cus": null, "type_construction": "Administration", "Surface": 1409, "layer": "A_eq_final", "path": "C:\\Users\\hp\\Downloads\\A_eq_final.geojson" }, "geometry": { "type": "Point", "coordinates": [ -6.927544174121026, 33.865128631846737 ] } },
{ "type": "Feature", "properties": { "ville": "Mers El Kheir", "designation": "A03", "definition": " Gendarmerie (Prévu dans la cadre\r\n  du lotissement Autorisé El Kheir)\r\n", "surface_min": null, "largeur_min": null, "hauteur_max": null, "cos": null, "cus": null, "type_construction": "Administration", "Surface": 995, "layer": "A_eq_final", "path": "C:\\Users\\hp\\Downloads\\A_eq_final.geojson" }, "geometry": { "type": "Point", "coordinates": [ -6.921255049017915, 33.8699812884282 ] } },
{ "type": "Feature", "properties": { "ville": "Mers El Kheir", "designation": "A01", "definition": "Siège Communal", "surface_min": null, "largeur_min": null, "hauteur_max": null, "cos": null, "cus": null, "type_construction": "Administration", "Surface": 3730, "layer": "A_eq_final", "path": "C:\\Users\\hp\\Downloads\\A_eq_final.geojson" }, "geometry": { "type": "Point", "coordinates": [ -6.920281095273383, 33.87283256097362 ] } },
{ "type": "Feature", "properties": { "ville": "Mers El Kheir", "designation": "A06", "definition": "Station de relevage Rédal et agence", "surface_min": null, "largeur_min": null, "hauteur_max": null, "cos": null, "cus": null, "type_construction": "Administration", "Surface": 897, "layer": "A_eq_final", "path": "C:\\Users\\hp\\Downloads\\A_eq_final.geojson" }, "geometry": { "type": "Point", "coordinates": [ -6.928942949454571, 33.865634044613977 ] } },
{ "type": "Feature", "properties": { "ville": "Mers El Kheir", "designation": "A05", "definition": "Centre administratif (Prévu dans la cadre du lotissement Autorisé El Kheir)", "surface_min": null, "largeur_min": null, "hauteur_max": null, "cos": null, "cus": null, "type_construction": "Administration", "Surface": 2087, "layer": "A_eq_final", "path": "C:\\Users\\hp\\Downloads\\A_eq_final.geojson" }, "geometry": { "type": "Point", "coordinates": [ -6.928646816333438, 33.865363654729407 ] } },
{ "type": "Feature", "properties": { "ville": "Mers El Kheir", "designation": "A16", "definition": "Equipement Administratif", "surface_min": null, "largeur_min": null, "hauteur_max": null, "cos": null, "cus": null, "type_construction": "Administration", "Surface": 1698, "layer": "A_eq_final", "path": "C:\\Users\\hp\\Downloads\\A_eq_final.geojson" }, "geometry": { "type": "Point", "coordinates": [ -6.919538904641777, 33.878584845317334 ] } },
{ "type": "Feature", "properties": { "ville": "Mers El Kheir", "designation": "A08", "definition": "Arrondissement de police", "surface_min": null, "largeur_min": null, "hauteur_max": null, "cos": null, "cus": null, "type_construction": "Administration", "Surface": 2643, "layer": "A_eq_final", "path": "C:\\Users\\hp\\Downloads\\A_eq_final.geojson" }, "geometry": { "type": "Point", "coordinates": [ -6.934219473315263, 33.866564383265775 ] } },
{ "type": "Feature", "properties": { "ville": "Mers El Kheir", "designation": "A11", "definition": "Maison de service Public", "surface_min": null, "largeur_min": null, "hauteur_max": null, "cos": null, "cus": null, "type_construction": "Administration", "Surface": 1064, "layer": "A_eq_final", "path": "C:\\Users\\hp\\Downloads\\A_eq_final.geojson" }, "geometry": { "type": "Point", "coordinates": [ -6.917624423757695, 33.873238507177412 ] } },
{ "type": "Feature", "properties": { "ville": "Mers El Kheir", "designation": "A12", "definition": "Equipement Administratif", "surface_min": null, "largeur_min": null, "hauteur_max": null, "cos": null, "cus": null, "type_construction": "Administration", "Surface": 1733, "layer": "A_eq_final", "path": "C:\\Users\\hp\\Downloads\\A_eq_final.geojson" }, "geometry": { "type": "Point", "coordinates": [ -6.913079757144216, 33.87124170235883 ] } },
{ "type": "Feature", "properties": { "ville": "Mers El Kheir", "designation": "A13", "definition": "Poste de Police", "surface_min": null, "largeur_min": null, "hauteur_max": null, "cos": null, "cus": null, "type_construction": "Administration", "Surface": 768, "layer": "A_eq_final", "path": "C:\\Users\\hp\\Downloads\\A_eq_final.geojson" }, "geometry": { "type": "Point", "coordinates": [ -6.913546834265196, 33.872226891136009 ] } },
{ "type": "Feature", "properties": { "ville": "Mers El Kheir", "designation": "A17", "definition": "Administration", "surface_min": null, "largeur_min": null, "hauteur_max": null, "cos": null, "cus": null, "type_construction": "Administration", "Surface": 1552, "layer": "A_eq_final", "path": "C:\\Users\\hp\\Downloads\\A_eq_final.geojson" }, "geometry": { "type": "Point", "coordinates": [ -6.921381761746118, 33.861895350025122 ] } },
{ "type": "Feature", "properties": { "ville": "Mers El Kheir", "designation": "A18", "definition": "Administration", "surface_min": null, "largeur_min": null, "hauteur_max": null, "cos": null, "cus": null, "type_construction": "Administration", "Surface": 1249, "layer": "A_eq_final", "path": "C:\\Users\\hp\\Downloads\\A_eq_final.geojson" }, "geometry": { "type": "Point", "coordinates": [ -6.924795590027841, 33.856758733870549 ] } },
{ "type": "Feature", "properties": { "ville": "Mers El Kheir", "designation": "A09", "definition": "Administration", "surface_min": null, "largeur_min": null, "hauteur_max": null, "cos": null, "cus": null, "type_construction": "Administration", "Surface": 2956, "layer": "A_eq_final", "path": "C:\\Users\\hp\\Downloads\\A_eq_final.geojson" }, "geometry": { "type": "Point", "coordinates": [ -6.913729657845457, 33.88543497271209 ] } },
{ "type": "Feature", "properties": { "ville": "Mers El Kheir", "designation": "A15", "definition": "Commissariat de police", "surface_min": null, "largeur_min": null, "hauteur_max": null, "cos": null, "cus": null, "type_construction": "Administration", "Surface": 2047, "layer": "A_eq_final", "path": "C:\\Users\\hp\\Downloads\\A_eq_final.geojson" }, "geometry": { "type": "Point", "coordinates": [ -6.91463015440686, 33.877319855336722 ] } },
{ "type": "Feature", "properties": { "ville": "Mers El Kheir", "designation": "A07", "definition": "Centre administratif (Prévu dans la cadre du lotissement Autorisé El Kheir)", "surface_min": null, "largeur_min": null, "hauteur_max": null, "cos": null, "cus": null, "type_construction": "Administration", "Surface": 2104, "layer": "A_eq_final", "path": "C:\\Users\\hp\\Downloads\\A_eq_final.geojson" }, "geometry": { "type": "Point", "coordinates": [ -6.92821682482213, 33.865723530744326 ] } },
{ "type": "Feature", "properties": { "ville": "Mers El Kheir", "designation": "A10", "definition": "Commissariat de police", "surface_min": null, "largeur_min": null, "hauteur_max": null, "cos": null, "cus": null, "type_construction": "Administration", "Surface": 2088, "layer": "A_eq_final", "path": "C:\\Users\\hp\\Downloads\\A_eq_final.geojson" }, "geometry": { "type": "Point", "coordinates": [ -6.918061646300977, 33.870179970227504 ] } },
{ "type": "Feature", "properties": { "ville": "Mers El Kheir", "designation": "A19", "definition": "Equipement Administratif", "surface_min": null, "largeur_min": null, "hauteur_max": null, "cos": null, "cus": null, "type_construction": "Administration", "Surface": 1775, "layer": "A_eq_final", "path": "C:\\Users\\hp\\Downloads\\A_eq_final.geojson" }, "geometry": { "type": "Point", "coordinates": [ -6.9191663051858, 33.878321072912478 ] } },
{ "type": "Feature", "properties": { "ville": "AIN AOUDA", "designation": "A8", "definition": "Municipalit�\nAin Aouda", "surface_min": null, "largeur_min": null, "hauteur_max": null, "cos": null, "cus": null, "type_construction": "Administrations", "Surface": 1178, "layer": "A_eq_final", "path": "C:\\Users\\hp\\Downloads\\A_eq_final.geojson" }, "geometry": { "type": "Point", "coordinates": [ -6.790501133818933, 33.808069904350653 ] } },
{ "type": "Feature", "properties": { "ville": "AIN AOUDA", "designation": "A42", "definition": "Equipement Administratif", "surface_min": null, "largeur_min": null, "hauteur_max": null, "cos": null, "cus": null, "type_construction": "Administrations", "Surface": 135784, "layer": "A_eq_final", "path": "C:\\Users\\hp\\Downloads\\A_eq_final.geojson" }, "geometry": { "type": "Point", "coordinates": [ -6.814997210292433, 33.791679944772035 ] } },
{ "type": "Feature", "properties": { "ville": "AIN AOUDA", "designation": "A46", "definition": "Equipement Administratif", "surface_min": null, "largeur_min": null, "hauteur_max": null, "cos": null, "cus": null, "type_construction": "Administrations", "Surface": 1019, "layer": "A_eq_final", "path": "C:\\Users\\hp\\Downloads\\A_eq_final.geojson" }, "geometry": { "type": "Point", "coordinates": [ -6.806209037338397, 33.792400326162479 ] } },
{ "type": "Feature", "properties": { "ville": "AIN AOUDA", "designation": "A51", "definition": "Entit� de police", "surface_min": null, "largeur_min": null, "hauteur_max": null, "cos": null, "cus": null, "type_construction": "Administrations", "Surface": 3647, "layer": "A_eq_final", "path": "C:\\Users\\hp\\Downloads\\A_eq_final.geojson" }, "geometry": { "type": "Point", "coordinates": [ -6.813820007864431, 33.794530410750987 ] } },
{ "type": "Feature", "properties": { "ville": "AIN AOUDA", "designation": "A54", "definition": "Equipement administratif", "surface_min": null, "largeur_min": null, "hauteur_max": null, "cos": null, "cus": null, "type_construction": "Administrations", "Surface": 3339, "layer": "A_eq_final", "path": "C:\\Users\\hp\\Downloads\\A_eq_final.geojson" }, "geometry": { "type": "Point", "coordinates": [ -6.813015209912958, 33.794810861587003 ] } },
{ "type": "Feature", "properties": { "ville": "AIN AOUDA", "designation": "A47", "definition": "Centre d�enregistrement identitaire", "surface_min": null, "largeur_min": null, "hauteur_max": null, "cos": null, "cus": null, "type_construction": "Administrations", "Surface": 1090, "layer": "A_eq_final", "path": "C:\\Users\\hp\\Downloads\\A_eq_final.geojson" }, "geometry": { "type": "Point", "coordinates": [ -6.798304248614447, 33.790647492836762 ] } },
{ "type": "Feature", "properties": { "ville": "AIN AOUDA", "designation": "A33", "definition": "Equipement Administratif", "surface_min": null, "largeur_min": null, "hauteur_max": null, "cos": null, "cus": null, "type_construction": "Administrations", "Surface": 1317, "layer": "A_eq_final", "path": "C:\\Users\\hp\\Downloads\\A_eq_final.geojson" }, "geometry": { "type": "Point", "coordinates": [ -6.795189057946604, 33.78934615893931 ] } },
{ "type": "Feature", "properties": { "ville": "AIN AOUDA", "designation": "A58", "definition": "Poste de police", "surface_min": null, "largeur_min": null, "hauteur_max": null, "cos": null, "cus": null, "type_construction": "Administrations", "Surface": 102, "layer": "A_eq_final", "path": "C:\\Users\\hp\\Downloads\\A_eq_final.geojson" }, "geometry": { "type": "Point", "coordinates": [ -6.790543561840702, 33.78935476484439 ] } },
{ "type": "Feature", "properties": { "ville": "AIN AOUDA", "designation": "A57", "definition": "Poste de police", "surface_min": null, "largeur_min": null, "hauteur_max": null, "cos": null, "cus": null, "type_construction": "Administrations", "Surface": 100, "layer": "A_eq_final", "path": "C:\\Users\\hp\\Downloads\\A_eq_final.geojson" }, "geometry": { "type": "Point", "coordinates": [ -6.793402473289826, 33.785775359465134 ] } },
{ "type": "Feature", "properties": { "ville": "AIN AOUDA", "designation": "A32", "definition": "Entit� de police", "surface_min": null, "largeur_min": null, "hauteur_max": null, "cos": null, "cus": null, "type_construction": "Administrations", "Surface": 12285, "layer": "A_eq_final", "path": "C:\\Users\\hp\\Downloads\\A_eq_final.geojson" }, "geometry": { "type": "Point", "coordinates": [ -6.798904784522428, 33.784797146039587 ] } },
{ "type": "Feature", "properties": { "ville": "AIN AOUDA", "designation": "A41", "definition": "Gendarmerie", "surface_min": null, "largeur_min": null, "hauteur_max": null, "cos": null, "cus": null, "type_construction": "Administrations", "Surface": 5451, "layer": "A_eq_final", "path": "C:\\Users\\hp\\Downloads\\A_eq_final.geojson" }, "geometry": { "type": "Point", "coordinates": [ -6.801290994067272, 33.78557778168927 ] } },
{ "type": "Feature", "properties": { "ville": "AIN AOUDA", "designation": "A21", "definition": "Protection Civile", "surface_min": null, "largeur_min": null, "hauteur_max": null, "cos": null, "cus": null, "type_construction": "Administrations", "Surface": 7117, "layer": "A_eq_final", "path": "C:\\Users\\hp\\Downloads\\A_eq_final.geojson" }, "geometry": { "type": "Point", "coordinates": [ -6.801801826957374, 33.785090878413591 ] } },
{ "type": "Feature", "properties": { "ville": "AIN AOUDA", "designation": "A38", "definition": "Equipement Administratif", "surface_min": null, "largeur_min": null, "hauteur_max": null, "cos": null, "cus": null, "type_construction": "Administrations", "Surface": 2668, "layer": "A_eq_final", "path": "C:\\Users\\hp\\Downloads\\A_eq_final.geojson" }, "geometry": { "type": "Point", "coordinates": [ -6.782782328482576, 33.795575335217414 ] } },
{ "type": "Feature", "properties": { "ville": "AIN AOUDA", "designation": "A2", "definition": "Ca�dat", "surface_min": null, "largeur_min": null, "hauteur_max": null, "cos": null, "cus": null, "type_construction": "Administrations", "Surface": 4447, "layer": "A_eq_final", "path": "C:\\Users\\hp\\Downloads\\A_eq_final.geojson" }, "geometry": { "type": "Point", "coordinates": [ -6.783393123766676, 33.795662024720329 ] } },
{ "type": "Feature", "properties": { "ville": "AIN AOUDA", "designation": "A40", "definition": "Commissariat", "surface_min": null, "largeur_min": null, "hauteur_max": null, "cos": null, "cus": null, "type_construction": "Administrations", "Surface": 13829, "layer": "A_eq_final", "path": "C:\\Users\\hp\\Downloads\\A_eq_final.geojson" }, "geometry": { "type": "Point", "coordinates": [ -6.776159773147958, 33.795559675446881 ] } },
{ "type": "Feature", "properties": { "ville": "AIN AOUDA", "designation": "A14", "definition": "Arrondissement de police", "surface_min": null, "largeur_min": null, "hauteur_max": null, "cos": null, "cus": null, "type_construction": "Administrations", "Surface": 3820, "layer": "A_eq_final", "path": "C:\\Users\\hp\\Downloads\\A_eq_final.geojson" }, "geometry": { "type": "Point", "coordinates": [ -6.776393463877537, 33.794737413011809 ] } },
{ "type": "Feature", "properties": { "ville": "AIN AOUDA", "designation": "A35", "definition": "Ch�teau d�eau", "surface_min": null, "largeur_min": null, "hauteur_max": null, "cos": null, "cus": null, "type_construction": "Administrations", "Surface": 2726, "layer": "A_eq_final", "path": "C:\\Users\\hp\\Downloads\\A_eq_final.geojson" }, "geometry": { "type": "Point", "coordinates": [ -6.782654044011932, 33.800696361541505 ] } },
{ "type": "Feature", "properties": { "ville": "AIN AOUDA", "designation": "A36", "definition": "Entit� de police", "surface_min": null, "largeur_min": null, "hauteur_max": null, "cos": null, "cus": null, "type_construction": "Administrations", "Surface": 871, "layer": "A_eq_final", "path": "C:\\Users\\hp\\Downloads\\A_eq_final.geojson" }, "geometry": { "type": "Point", "coordinates": [ -6.783014141468043, 33.800483313094659 ] } },
{ "type": "Feature", "properties": { "ville": "AIN AOUDA", "designation": "A30", "definition": "Equipement Administratif", "surface_min": null, "largeur_min": null, "hauteur_max": null, "cos": null, "cus": null, "type_construction": "Administrations", "Surface": 474, "layer": "A_eq_final", "path": "C:\\Users\\hp\\Downloads\\A_eq_final.geojson" }, "geometry": { "type": "Point", "coordinates": [ -6.790167248966679, 33.801410446939094 ] } },
{ "type": "Feature", "properties": { "ville": "AIN AOUDA", "designation": "A31", "definition": "Equipement Administratif", "surface_min": null, "largeur_min": null, "hauteur_max": null, "cos": null, "cus": null, "type_construction": "Administrations", "Surface": 483, "layer": "A_eq_final", "path": "C:\\Users\\hp\\Downloads\\A_eq_final.geojson" }, "geometry": { "type": "Point", "coordinates": [ -6.790130580809314, 33.801282081103295 ] } },
{ "type": "Feature", "properties": { "ville": "AIN AOUDA", "designation": "A18", "definition": "Entit� de police", "surface_min": null, "largeur_min": null, "hauteur_max": null, "cos": null, "cus": null, "type_construction": "Administrations", "Surface": 10154, "layer": "A_eq_final", "path": "C:\\Users\\hp\\Downloads\\A_eq_final.geojson" }, "geometry": { "type": "Point", "coordinates": [ -6.794337199877095, 33.800969729389138 ] } },
{ "type": "Feature", "properties": { "ville": "AIN AOUDA", "designation": "A11", "definition": "Entit� de police", "surface_min": null, "largeur_min": null, "hauteur_max": null, "cos": null, "cus": null, "type_construction": "Administrations", "Surface": 1970, "layer": "A_eq_final", "path": "C:\\Users\\hp\\Downloads\\A_eq_final.geojson" }, "geometry": { "type": "Point", "coordinates": [ -6.799552176898673, 33.801976254516696 ] } },
{ "type": "Feature", "properties": { "ville": "AIN AOUDA", "designation": "A12", "definition": "Maroc Telecom", "surface_min": null, "largeur_min": null, "hauteur_max": null, "cos": null, "cus": null, "type_construction": "Administrations", "Surface": 17563, "layer": "A_eq_final", "path": "C:\\Users\\hp\\Downloads\\A_eq_final.geojson" }, "geometry": { "type": "Point", "coordinates": [ -6.793155696895189, 33.803651800115496 ] } },
{ "type": "Feature", "properties": { "ville": "AIN AOUDA", "designation": "A17", "definition": "Centre de travaux du Minist�re de l�Agriculture", "surface_min": null, "largeur_min": null, "hauteur_max": null, "cos": null, "cus": null, "type_construction": "Administrations", "Surface": 2399, "layer": "A_eq_final", "path": "C:\\Users\\hp\\Downloads\\A_eq_final.geojson" }, "geometry": { "type": "Point", "coordinates": [ -6.789013637149924, 33.803793998701579 ] } },
{ "type": "Feature", "properties": { "ville": "AIN AOUDA", "designation": "A9", "definition": "Gendarmerie", "surface_min": null, "largeur_min": null, "hauteur_max": null, "cos": null, "cus": null, "type_construction": "Administrations", "Surface": 8123, "layer": "A_eq_final", "path": "C:\\Users\\hp\\Downloads\\A_eq_final.geojson" }, "geometry": { "type": "Point", "coordinates": [ -6.794623826401688, 33.805820173820742 ] } },
{ "type": "Feature", "properties": { "ville": "AIN AOUDA", "designation": "A5", "definition": "Arrondissement", "surface_min": null, "largeur_min": null, "hauteur_max": null, "cos": null, "cus": null, "type_construction": "Administrations", "Surface": 2880, "layer": "A_eq_final", "path": "C:\\Users\\hp\\Downloads\\A_eq_final.geojson" }, "geometry": { "type": "Point", "coordinates": [ -6.787178840589045, 33.806629028559591 ] } },
{ "type": "Feature", "properties": { "ville": "AIN AOUDA", "designation": "A22", "definition": "Biblioth�que", "surface_min": null, "largeur_min": null, "hauteur_max": null, "cos": null, "cus": null, "type_construction": "Administrations", "Surface": 1443, "layer": "A_eq_final", "path": "C:\\Users\\hp\\Downloads\\A_eq_final.geojson" }, "geometry": { "type": "Point", "coordinates": [ -6.786922209730299, 33.805888988478493 ] } },
{ "type": "Feature", "properties": { "ville": "AIN AOUDA", "designation": "A23", "definition": "Entit� de police", "surface_min": null, "largeur_min": null, "hauteur_max": null, "cos": null, "cus": null, "type_construction": "Administrations", "Surface": 590, "layer": "A_eq_final", "path": "C:\\Users\\hp\\Downloads\\A_eq_final.geojson" }, "geometry": { "type": "Point", "coordinates": [ -6.786566549875952, 33.805958118818822 ] } },
{ "type": "Feature", "properties": { "ville": "AIN AOUDA", "designation": "A24", "definition": "Poste Maroc", "surface_min": null, "largeur_min": null, "hauteur_max": null, "cos": null, "cus": null, "type_construction": "Administrations", "Surface": 888, "layer": "A_eq_final", "path": "C:\\Users\\hp\\Downloads\\A_eq_final.geojson" }, "geometry": { "type": "Point", "coordinates": [ -6.786523638880105, 33.805543330267852 ] } },
{ "type": "Feature", "properties": { "ville": "AIN AOUDA", "designation": "A4", "definition": "Arrondissement", "surface_min": null, "largeur_min": null, "hauteur_max": null, "cos": null, "cus": null, "type_construction": "Administrations", "Surface": 1189, "layer": "A_eq_final", "path": "C:\\Users\\hp\\Downloads\\A_eq_final.geojson" }, "geometry": { "type": "Point", "coordinates": [ -6.790614139124911, 33.808466507623685 ] } },
{ "type": "Feature", "properties": { "ville": "AIN AOUDA", "designation": "A7", "definition": "Bachaouiat\nAin Aouda", "surface_min": null, "largeur_min": null, "hauteur_max": null, "cos": null, "cus": null, "type_construction": "Administrations", "Surface": 898, "layer": "A_eq_final", "path": "C:\\Users\\hp\\Downloads\\A_eq_final.geojson" }, "geometry": { "type": "Point", "coordinates": [ -6.791569692637811, 33.808312208040114 ] } },
{ "type": "Feature", "properties": { "ville": "AIN AOUDA", "designation": "A43", "definition": "Pompier", "surface_min": null, "largeur_min": null, "hauteur_max": null, "cos": null, "cus": null, "type_construction": "Administrations", "Surface": 4278, "layer": "A_eq_final", "path": "C:\\Users\\hp\\Downloads\\A_eq_final.geojson" }, "geometry": { "type": "Point", "coordinates": [ -6.788869726873982, 33.809374132097219 ] } },
{ "type": "Feature", "properties": { "ville": "AIN AOUDA", "designation": "A37", "definition": "Minist�re des T.P", "surface_min": null, "largeur_min": null, "hauteur_max": null, "cos": null, "cus": null, "type_construction": "Administrations", "Surface": 4547, "layer": "A_eq_final", "path": "C:\\Users\\hp\\Downloads\\A_eq_final.geojson" }, "geometry": { "type": "Point", "coordinates": [ -6.792095130720495, 33.809718772952493 ] } },
{ "type": "Feature", "properties": { "ville": "AIN AOUDA", "designation": "A28", "definition": "Entit� de police", "surface_min": null, "largeur_min": null, "hauteur_max": null, "cos": null, "cus": null, "type_construction": "Administrations", "Surface": 6545, "layer": "A_eq_final", "path": "C:\\Users\\hp\\Downloads\\A_eq_final.geojson" }, "geometry": { "type": "Point", "coordinates": [ -6.791005851847428, 33.810780154938072 ] } },
{ "type": "Feature", "properties": { "ville": "AIN AOUDA", "designation": "A29", "definition": "Siege communal", "surface_min": null, "largeur_min": null, "hauteur_max": null, "cos": null, "cus": null, "type_construction": "Administrations", "Surface": 7163, "layer": "A_eq_final", "path": "C:\\Users\\hp\\Downloads\\A_eq_final.geojson" }, "geometry": { "type": "Point", "coordinates": [ -6.790754150688555, 33.810035295806713 ] } },
{ "type": "Feature", "properties": { "ville": "AIN AOUDA", "designation": "A6", "definition": "Equipement administratif", "surface_min": null, "largeur_min": null, "hauteur_max": null, "cos": null, "cus": null, "type_construction": "Administrations", "Surface": 5799, "layer": "A_eq_final", "path": "C:\\Users\\hp\\Downloads\\A_eq_final.geojson" }, "geometry": { "type": "Point", "coordinates": [ -6.789724754494636, 33.810307710964395 ] } },
{ "type": "Feature", "properties": { "ville": "AIN AOUDA", "designation": "A25", "definition": "Police", "surface_min": null, "largeur_min": null, "hauteur_max": null, "cos": null, "cus": null, "type_construction": "Administrations", "Surface": 777, "layer": "A_eq_final", "path": "C:\\Users\\hp\\Downloads\\A_eq_final.geojson" }, "geometry": { "type": "Point", "coordinates": [ -6.786905708036115, 33.810384253535418 ] } },
{ "type": "Feature", "properties": { "ville": "AIN AOUDA", "designation": "A26", "definition": "Equipement Administratif", "surface_min": null, "largeur_min": null, "hauteur_max": null, "cos": null, "cus": null, "type_construction": "Administrations", "Surface": 3923, "layer": "A_eq_final", "path": "C:\\Users\\hp\\Downloads\\A_eq_final.geojson" }, "geometry": { "type": "Point", "coordinates": [ -6.799639826249592, 33.810600493392414 ] } },
{ "type": "Feature", "properties": { "ville": "AIN AOUDA", "designation": "A3", "definition": "Circonscription d�inspection de travail", "surface_min": null, "largeur_min": null, "hauteur_max": null, "cos": null, "cus": null, "type_construction": "Administrations", "Surface": 1188, "layer": "A_eq_final", "path": "C:\\Users\\hp\\Downloads\\A_eq_final.geojson" }, "geometry": { "type": "Point", "coordinates": [ -6.800376628639045, 33.806771441779411 ] } },
{ "type": "Feature", "properties": { "ville": "AIN AOUDA", "designation": "A1", "definition": "ONEP", "surface_min": null, "largeur_min": null, "hauteur_max": null, "cos": null, "cus": null, "type_construction": "Administrations", "Surface": 8083, "layer": "A_eq_final", "path": "C:\\Users\\hp\\Downloads\\A_eq_final.geojson" }, "geometry": { "type": "Point", "coordinates": [ -6.79957699673349, 33.806940739697346 ] } },
{ "type": "Feature", "properties": { "ville": "AIN AOUDA", "designation": "A27", "definition": "Conservation Fonci�re", "surface_min": null, "largeur_min": null, "hauteur_max": null, "cos": null, "cus": null, "type_construction": "Administrations", "Surface": 2981, "layer": "A_eq_final", "path": "C:\\Users\\hp\\Downloads\\A_eq_final.geojson" }, "geometry": { "type": "Point", "coordinates": [ -6.80092302519408, 33.80674576847921 ] } },
{ "type": "Feature", "properties": { "ville": "AIN AOUDA", "designation": "A39", "definition": "Protection civile", "surface_min": null, "largeur_min": null, "hauteur_max": null, "cos": null, "cus": null, "type_construction": "Administrations", "Surface": 7783, "layer": "A_eq_final", "path": "C:\\Users\\hp\\Downloads\\A_eq_final.geojson" }, "geometry": { "type": "Point", "coordinates": [ -6.802271470751086, 33.806538232866089 ] } },
{ "type": "Feature", "properties": { "ville": "AIN AOUDA", "designation": "A19", "definition": "Arrondissement", "surface_min": null, "largeur_min": null, "hauteur_max": null, "cos": null, "cus": null, "type_construction": "Administrations", "Surface": 800, "layer": "A_eq_final", "path": "C:\\Users\\hp\\Downloads\\A_eq_final.geojson" }, "geometry": { "type": "Point", "coordinates": [ -6.807067924113088, 33.80315650800442 ] } },
{ "type": "Feature", "properties": { "ville": "AIN AOUDA", "designation": "A20", "definition": "Arrondissement", "surface_min": null, "largeur_min": null, "hauteur_max": null, "cos": null, "cus": null, "type_construction": "Administrations", "Surface": 747, "layer": "A_eq_final", "path": "C:\\Users\\hp\\Downloads\\A_eq_final.geojson" }, "geometry": { "type": "Point", "coordinates": [ -6.801137098671491, 33.803268887548342 ] } },
{ "type": "Feature", "properties": { "ville": "AIN AOUDA", "designation": "A10", "definition": "Commissariat", "surface_min": null, "largeur_min": null, "hauteur_max": null, "cos": null, "cus": null, "type_construction": "Administrations", "Surface": 1382, "layer": "A_eq_final", "path": "C:\\Users\\hp\\Downloads\\A_eq_final.geojson" }, "geometry": { "type": "Point", "coordinates": [ -6.803372753681552, 33.800582876597367 ] } },
{ "type": "Feature", "properties": { "ville": "AIN AOUDA", "designation": "A16", "definition": "RED\nArrondissement", "surface_min": null, "largeur_min": null, "hauteur_max": null, "cos": null, "cus": null, "type_construction": "Administrations", "Surface": 1055, "layer": "A_eq_final", "path": "C:\\Users\\hp\\Downloads\\A_eq_final.geojson" }, "geometry": { "type": "Point", "coordinates": [ -6.802232751411371, 33.798389820308429 ] } },
{ "type": "Feature", "properties": { "ville": "AIN AOUDA", "designation": "A15", "definition": "RED\nArrondissement", "surface_min": null, "largeur_min": null, "hauteur_max": null, "cos": null, "cus": null, "type_construction": "Administrations", "Surface": 1055, "layer": "A_eq_final", "path": "C:\\Users\\hp\\Downloads\\A_eq_final.geojson" }, "geometry": { "type": "Point", "coordinates": [ -6.803571091571937, 33.798068295247042 ] } },
{ "type": "Feature", "properties": { "ville": "AIN AOUDA", "designation": "A49", "definition": "Protection Civile", "surface_min": null, "largeur_min": null, "hauteur_max": null, "cos": null, "cus": null, "type_construction": "Administrations", "Surface": 2424, "layer": "A_eq_final", "path": "C:\\Users\\hp\\Downloads\\A_eq_final.geojson" }, "geometry": { "type": "Point", "coordinates": [ -6.822312805444233, 33.797936339742613 ] } },
{ "type": "Feature", "properties": { "ville": "AIN AOUDA", "designation": "A50", "definition": "Entit� de police", "surface_min": null, "largeur_min": null, "hauteur_max": null, "cos": null, "cus": null, "type_construction": "Administrations", "Surface": 2517, "layer": "A_eq_final", "path": "C:\\Users\\hp\\Downloads\\A_eq_final.geojson" }, "geometry": { "type": "Point", "coordinates": [ -6.8229223058937, 33.798037935108077 ] } },
{ "type": "Feature", "properties": { "ville": "AIN AOUDA", "designation": "A49", "definition": "Protection Civile", "surface_min": null, "largeur_min": null, "hauteur_max": null, "cos": null, "cus": null, "type_construction": "Administrations", "Surface": 550, "layer": "A_eq_final", "path": "C:\\Users\\hp\\Downloads\\A_eq_final.geojson" }, "geometry": { "type": "Point", "coordinates": [ -6.827299924278344, 33.800595558619094 ] } },
{ "type": "Feature", "properties": { "ville": "AIN AOUDA", "designation": "A13", "definition": "Entit� de police", "surface_min": null, "largeur_min": null, "hauteur_max": null, "cos": null, "cus": null, "type_construction": "Administrations", "Surface": 1266, "layer": "A_eq_final", "path": "C:\\Users\\hp\\Downloads\\A_eq_final.geojson" }, "geometry": { "type": "Point", "coordinates": [ -6.816275375365738, 33.801565511295912 ] } },
{ "type": "Feature", "properties": { "ville": "AIN AOUDA", "designation": "A44", "definition": "Equipement Administratif", "surface_min": null, "largeur_min": null, "hauteur_max": null, "cos": null, "cus": null, "type_construction": "Administrations", "Surface": 1247, "layer": "A_eq_final", "path": "C:\\Users\\hp\\Downloads\\A_eq_final.geojson" }, "geometry": { "type": "Point", "coordinates": [ -6.81615456776052, 33.801256715011661 ] } },
{ "type": "Feature", "properties": { "ville": "AIN AOUDA", "designation": "A52", "definition": "Equipement Administratif", "surface_min": null, "largeur_min": null, "hauteur_max": null, "cos": null, "cus": null, "type_construction": "Administrations", "Surface": 2149, "layer": "A_eq_final", "path": "C:\\Users\\hp\\Downloads\\A_eq_final.geojson" }, "geometry": { "type": "Point", "coordinates": [ -6.817522085697566, 33.801579366428612 ] } },
{ "type": "Feature", "properties": { "ville": "AIN AOUDA", "designation": "A53", "definition": "Equipement administratif", "surface_min": null, "largeur_min": null, "hauteur_max": null, "cos": null, "cus": null, "type_construction": "Administrations", "Surface": 5324, "layer": "A_eq_final", "path": "C:\\Users\\hp\\Downloads\\A_eq_final.geojson" }, "geometry": { "type": "Point", "coordinates": [ -6.803701805740253, 33.815230890067831 ] } },
{ "type": "Feature", "properties": { "ville": "AIN AOUDA", "designation": "A48", "definition": "Arrondissement de Police", "surface_min": null, "largeur_min": null, "hauteur_max": null, "cos": null, "cus": null, "type_construction": "Administrations", "Surface": 5360, "layer": "A_eq_final", "path": "C:\\Users\\hp\\Downloads\\A_eq_final.geojson" }, "geometry": { "type": "Point", "coordinates": [ -6.802335893481835, 33.815219662261619 ] } },
{ "type": "Feature", "properties": { "ville": "AIN AOUDA", "designation": "A45", "definition": "Equipement d�Agriculture\n(suite �crit DRA)", "surface_min": null, "largeur_min": null, "hauteur_max": null, "cos": null, "cus": null, "type_construction": "Administrations", "Surface": 3991, "layer": "A_eq_final", "path": "C:\\Users\\hp\\Downloads\\A_eq_final.geojson" }, "geometry": { "type": "Point", "coordinates": [ -6.791451531007021, 33.822730782862465 ] } },
{ "type": "Feature", "properties": { "ville": "AIN AOUDA", "designation": "A56", "definition": "Equipement administratif", "surface_min": null, "largeur_min": null, "hauteur_max": null, "cos": null, "cus": null, "type_construction": "Administrations", "Surface": 4403, "layer": "A_eq_final", "path": "C:\\Users\\hp\\Downloads\\A_eq_final.geojson" }, "geometry": { "type": "Point", "coordinates": [ -6.793501005249264, 33.827686005400118 ] } },
{ "type": "Feature", "properties": { "ville": "AIN AOUDA", "designation": "A55", "definition": "Equipement de Police", "surface_min": null, "largeur_min": null, "hauteur_max": null, "cos": null, "cus": null, "type_construction": "Administrations", "Surface": 4403, "layer": "A_eq_final", "path": "C:\\Users\\hp\\Downloads\\A_eq_final.geojson" }, "geometry": { "type": "Point", "coordinates": [ -6.792418918197955, 33.828433650093451 ] } },
{ "type": "Feature", "properties": { "ville": "AIN AOUDA", "designation": "A34", "definition": "Commissariat de police", "surface_min": null, "largeur_min": null, "hauteur_max": null, "cos": null, "cus": null, "type_construction": "Administrations", "Surface": 1129, "layer": "A_eq_final", "path": "C:\\Users\\hp\\Downloads\\A_eq_final.geojson" }, "geometry": { "type": "Point", "coordinates": [ -6.787157916846663, 33.805422204283346 ] } },
{ "type": "Feature", "properties": { "ville": "Oum Azza", "designation": "A6", "definition": "Equipement des forces Auxiliaires (GMM)", "surface_min": null, "largeur_min": null, "hauteur_max": null, "cos": null, "cus": null, "type_construction": "Administration", "Surface": 95702, "layer": "A_eq_final", "path": "C:\\Users\\hp\\Downloads\\A_eq_final.geojson" }, "geometry": { "type": "Point", "coordinates": [ -6.780605183470749, 33.830551887623749 ] } },
{ "type": "Feature", "properties": { "ville": "Oum Azza", "designation": "A3", "definition": "Administration", "surface_min": null, "largeur_min": null, "hauteur_max": null, "cos": null, "cus": null, "type_construction": "Administration", "Surface": 5093, "layer": "A_eq_final", "path": "C:\\Users\\hp\\Downloads\\A_eq_final.geojson" }, "geometry": { "type": "Point", "coordinates": [ -6.780573347759552, 33.825688541241639 ] } },
{ "type": "Feature", "properties": { "ville": "Oum Azza", "designation": "A1", "definition": "Siege de la commune", "surface_min": null, "largeur_min": null, "hauteur_max": null, "cos": null, "cus": null, "type_construction": "Administration", "Surface": 4903, "layer": "A_eq_final", "path": "C:\\Users\\hp\\Downloads\\A_eq_final.geojson" }, "geometry": { "type": "Point", "coordinates": [ -6.780308245182588, 33.826197287790336 ] } },
{ "type": "Feature", "properties": { "ville": "Oum Azza", "designation": "A7", "definition": "Caserne de la protection civile", "surface_min": null, "largeur_min": null, "hauteur_max": null, "cos": null, "cus": null, "type_construction": "Administration", "Surface": 308724, "layer": "A_eq_final", "path": "C:\\Users\\hp\\Downloads\\A_eq_final.geojson" }, "geometry": { "type": "Point", "coordinates": [ -6.783391201439631, 33.823267679441415 ] } },
{ "type": "Feature", "properties": { "ville": "Oum Azza", "designation": "A2", "definition": "Gendarmerie", "surface_min": null, "largeur_min": null, "hauteur_max": null, "cos": null, "cus": null, "type_construction": "Administration", "Surface": 5093, "layer": "A_eq_final", "path": "C:\\Users\\hp\\Downloads\\A_eq_final.geojson" }, "geometry": { "type": "Point", "coordinates": [ -6.780464215796923, 33.82673657362632 ] } },
{ "type": "Feature", "properties": { "ville": "Oum Azza", "designation": "A4", "definition": "Commissariat de police", "surface_min": null, "largeur_min": null, "hauteur_max": null, "cos": null, "cus": null, "type_construction": "Administration", "Surface": 2127, "layer": "A_eq_final", "path": "C:\\Users\\hp\\Downloads\\A_eq_final.geojson" }, "geometry": { "type": "Point", "coordinates": [ -6.781973702761956, 33.826152203438539 ] } },
{ "type": "Feature", "properties": { "ville": "Oum Azza", "designation": "A5", "definition": "Administration", "surface_min": null, "largeur_min": null, "hauteur_max": null, "cos": null, "cus": null, "type_construction": "Administration", "Surface": 2127, "layer": "A_eq_final", "path": "C:\\Users\\hp\\Downloads\\A_eq_final.geojson" }, "geometry": { "type": "Point", "coordinates": [ -6.781939421999627, 33.82648146561489 ] } },
{ "type": "Feature", "properties": { "ville": "Temara", "designation": "A53", "definition": "Préfecture de Skhirate-Témara", "surface_min": null, "largeur_min": null, "hauteur_max": null, "cos": null, "cus": null, "type_construction": "Administration", "Surface": 15359, "layer": "A_eq_final", "path": "C:\\Users\\hp\\Downloads\\A_eq_final.geojson" }, "geometry": { "type": "Point", "coordinates": [ -6.926198490954804, 33.91765430239694 ] } },
{ "type": "Feature", "properties": { "ville": "Temara", "designation": "A39", "definition": "Protection Civile", "surface_min": null, "largeur_min": null, "hauteur_max": null, "cos": null, "cus": null, "type_construction": "Administration", "Surface": 4546, "layer": "A_eq_final", "path": "C:\\Users\\hp\\Downloads\\A_eq_final.geojson" }, "geometry": { "type": "Point", "coordinates": [ -6.929609216893535, 33.931287901093441 ] } },
{ "type": "Feature", "properties": { "ville": "Temara", "designation": "A50", "definition": "Administration", "surface_min": null, "largeur_min": null, "hauteur_max": null, "cos": null, "cus": null, "type_construction": "Administration", "Surface": 419, "layer": "A_eq_final", "path": "C:\\Users\\hp\\Downloads\\A_eq_final.geojson" }, "geometry": { "type": "Point", "coordinates": [ -6.931934433746423, 33.901171245438398 ] } },
{ "type": "Feature", "properties": { "ville": "Temara", "designation": "A57", "definition": "Protection civile", "surface_min": null, "largeur_min": null, "hauteur_max": null, "cos": null, "cus": null, "type_construction": "Administration", "Surface": 3488, "layer": "A_eq_final", "path": "C:\\Users\\hp\\Downloads\\A_eq_final.geojson" }, "geometry": { "type": "Point", "coordinates": [ -6.926930292859253, 33.886599930003854 ] } },
{ "type": "Feature", "properties": { "ville": "Temara", "designation": "A21", "definition": "Commissariat", "surface_min": null, "largeur_min": null, "hauteur_max": null, "cos": null, "cus": null, "type_construction": "Administration", "Surface": 2736, "layer": "A_eq_final", "path": "C:\\Users\\hp\\Downloads\\A_eq_final.geojson" }, "geometry": { "type": "Point", "coordinates": [ -6.920137118025397, 33.918865721007968 ] } },
{ "type": "Feature", "properties": { "ville": "Temara", "designation": "A37", "definition": "Administration", "surface_min": null, "largeur_min": null, "hauteur_max": null, "cos": null, "cus": null, "type_construction": "Administration", "Surface": 366, "layer": "A_eq_final", "path": "C:\\Users\\hp\\Downloads\\A_eq_final.geojson" }, "geometry": { "type": "Point", "coordinates": [ -6.934139667033302, 33.918642275834422 ] } },
{ "type": "Feature", "properties": { "ville": "Temara", "designation": "A01", "definition": "Arrondissement", "surface_min": null, "largeur_min": null, "hauteur_max": null, "cos": null, "cus": null, "type_construction": "Administration", "Surface": 609, "layer": "A_eq_final", "path": "C:\\Users\\hp\\Downloads\\A_eq_final.geojson" }, "geometry": { "type": "Point", "coordinates": [ -6.892334393601522, 33.916239171596558 ] } },
{ "type": "Feature", "properties": { "ville": "Temara", "designation": "A60", "definition": "Arrondissement", "surface_min": null, "largeur_min": null, "hauteur_max": null, "cos": null, "cus": null, "type_construction": "Administration", "Surface": 678, "layer": "A_eq_final", "path": "C:\\Users\\hp\\Downloads\\A_eq_final.geojson" }, "geometry": { "type": "Point", "coordinates": [ -6.899701933734527, 33.927795217632472 ] } },
{ "type": "Feature", "properties": { "ville": "Temara", "designation": "A11", "definition": "Commissariat", "surface_min": null, "largeur_min": null, "hauteur_max": null, "cos": null, "cus": null, "type_construction": "Administration", "Surface": 365, "layer": "A_eq_final", "path": "C:\\Users\\hp\\Downloads\\A_eq_final.geojson" }, "geometry": { "type": "Point", "coordinates": [ -6.919871832401348, 33.925456831991845 ] } },
{ "type": "Feature", "properties": { "ville": "Temara", "designation": "A48", "definition": "Arrondissement", "surface_min": null, "largeur_min": null, "hauteur_max": null, "cos": null, "cus": null, "type_construction": "Administration", "Surface": 798, "layer": "A_eq_final", "path": "C:\\Users\\hp\\Downloads\\A_eq_final.geojson" }, "geometry": { "type": "Point", "coordinates": [ -6.889548152613167, 33.929744086781113 ] } },
{ "type": "Feature", "properties": { "ville": "Temara", "designation": "A43", "definition": "Trésorerie", "surface_min": null, "largeur_min": null, "hauteur_max": null, "cos": null, "cus": null, "type_construction": "Administration", "Surface": 632, "layer": "A_eq_final", "path": "C:\\Users\\hp\\Downloads\\A_eq_final.geojson" }, "geometry": { "type": "Point", "coordinates": [ -6.918757545969691, 33.926489246751551 ] } },
{ "type": "Feature", "properties": { "ville": "Temara", "designation": "A54", "definition": "Délégation de travail", "surface_min": null, "largeur_min": null, "hauteur_max": null, "cos": null, "cus": null, "type_construction": "Administration", "Surface": 317, "layer": "A_eq_final", "path": "C:\\Users\\hp\\Downloads\\A_eq_final.geojson" }, "geometry": { "type": "Point", "coordinates": [ -6.918686275648284, 33.925770110294131 ] } },
{ "type": "Feature", "properties": { "ville": "Temara", "designation": "A56", "definition": "Arrondissement", "surface_min": null, "largeur_min": null, "hauteur_max": null, "cos": null, "cus": null, "type_construction": "Administration", "Surface": 556, "layer": "A_eq_final", "path": "C:\\Users\\hp\\Downloads\\A_eq_final.geojson" }, "geometry": { "type": "Point", "coordinates": [ -6.932378619582016, 33.90078532841796 ] } },
{ "type": "Feature", "properties": { "ville": "Temara", "designation": "A27", "definition": "Délégation d’enseignement de Skhirate-Témara", "surface_min": null, "largeur_min": null, "hauteur_max": null, "cos": null, "cus": null, "type_construction": "Administration", "Surface": 5679, "layer": "A_eq_final", "path": "C:\\Users\\hp\\Downloads\\A_eq_final.geojson" }, "geometry": { "type": "Point", "coordinates": [ -6.939642829571016, 33.905270323983274 ] } },
{ "type": "Feature", "properties": { "ville": "Temara", "designation": "A12", "definition": "Direction générale de la sureté nationale", "surface_min": null, "largeur_min": null, "hauteur_max": null, "cos": null, "cus": null, "type_construction": "Administration", "Surface": 4074, "layer": "A_eq_final", "path": "C:\\Users\\hp\\Downloads\\A_eq_final.geojson" }, "geometry": { "type": "Point", "coordinates": [ -6.910015349881671, 33.933475889510774 ] } },
{ "type": "Feature", "properties": { "ville": "Temara", "designation": "A18", "definition": "Troisième arrondissement", "surface_min": null, "largeur_min": null, "hauteur_max": null, "cos": null, "cus": null, "type_construction": "Administration", "Surface": 507, "layer": "A_eq_final", "path": "C:\\Users\\hp\\Downloads\\A_eq_final.geojson" }, "geometry": { "type": "Point", "coordinates": [ -6.922407341047375, 33.914596646678525 ] } },
{ "type": "Feature", "properties": { "ville": "Temara", "designation": "A34", "definition": "Conservation foncière", "surface_min": null, "largeur_min": null, "hauteur_max": null, "cos": null, "cus": null, "type_construction": "Administration", "Surface": 2521, "layer": "A_eq_final", "path": "C:\\Users\\hp\\Downloads\\A_eq_final.geojson" }, "geometry": { "type": "Point", "coordinates": [ -6.894379975443102, 33.933940456712513 ] } },
{ "type": "Feature", "properties": { "ville": "Temara", "designation": "A08", "definition": "Bachawia", "surface_min": null, "largeur_min": null, "hauteur_max": null, "cos": null, "cus": null, "type_construction": "Administration", "Surface": 3256, "layer": "A_eq_final", "path": "C:\\Users\\hp\\Downloads\\A_eq_final.geojson" }, "geometry": { "type": "Point", "coordinates": [ -6.917261149929512, 33.927779318347469 ] } },
{ "type": "Feature", "properties": { "ville": "Temara", "designation": "A17", "definition": "Arrondissement", "surface_min": null, "largeur_min": null, "hauteur_max": null, "cos": null, "cus": null, "type_construction": "Administration", "Surface": 494, "layer": "A_eq_final", "path": "C:\\Users\\hp\\Downloads\\A_eq_final.geojson" }, "geometry": { "type": "Point", "coordinates": [ -6.923969762253551, 33.92850729331613 ] } },
{ "type": "Feature", "properties": { "ville": "Temara", "designation": "A35", "definition": "Dépôt de santé municipale", "surface_min": null, "largeur_min": null, "hauteur_max": null, "cos": null, "cus": null, "type_construction": "Administration", "Surface": 2696, "layer": "A_eq_final", "path": "C:\\Users\\hp\\Downloads\\A_eq_final.geojson" }, "geometry": { "type": "Point", "coordinates": [ -6.896082576290507, 33.935266067565841 ] } },
{ "type": "Feature", "properties": { "ville": "Temara", "designation": "A28", "definition": "Délégation de l’habitat", "surface_min": null, "largeur_min": null, "hauteur_max": null, "cos": null, "cus": null, "type_construction": "Administration", "Surface": 3007, "layer": "A_eq_final", "path": "C:\\Users\\hp\\Downloads\\A_eq_final.geojson" }, "geometry": { "type": "Point", "coordinates": [ -6.922037091614748, 33.928403258570576 ] } },
{ "type": "Feature", "properties": { "ville": "Temara", "designation": "A33", "definition": "Maison de procureurs", "surface_min": null, "largeur_min": null, "hauteur_max": null, "cos": null, "cus": null, "type_construction": "Administration", "Surface": 2520, "layer": "A_eq_final", "path": "C:\\Users\\hp\\Downloads\\A_eq_final.geojson" }, "geometry": { "type": "Point", "coordinates": [ -6.895446773822995, 33.934747172003298 ] } },
{ "type": "Feature", "properties": { "ville": "Temara", "designation": "A29", "definition": "Arrondissement", "surface_min": null, "largeur_min": null, "hauteur_max": null, "cos": null, "cus": null, "type_construction": "Administration", "Surface": 361, "layer": "A_eq_final", "path": "C:\\Users\\hp\\Downloads\\A_eq_final.geojson" }, "geometry": { "type": "Point", "coordinates": [ -6.892650977175017, 33.938204353003371 ] } },
{ "type": "Feature", "properties": { "ville": "Temara", "designation": "A59", "definition": "Poste de police (dans le cadre du lotissement Ouled Mtaa)", "surface_min": null, "largeur_min": null, "hauteur_max": null, "cos": null, "cus": null, "type_construction": "Administration", "Surface": 650, "layer": "A_eq_final", "path": "C:\\Users\\hp\\Downloads\\A_eq_final.geojson" }, "geometry": { "type": "Point", "coordinates": [ -6.897967419733644, 33.940827405285965 ] } },
{ "type": "Feature", "properties": { "ville": "Temara", "designation": "A51", "definition": "Administration", "surface_min": null, "largeur_min": null, "hauteur_max": null, "cos": null, "cus": null, "type_construction": "Administration", "Surface": 560, "layer": "A_eq_final", "path": "C:\\Users\\hp\\Downloads\\A_eq_final.geojson" }, "geometry": { "type": "Point", "coordinates": [ -6.932252448294461, 33.900899201024828 ] } },
{ "type": "Feature", "properties": { "ville": "Temara", "designation": "A63", "definition": "Equipement de police", "surface_min": null, "largeur_min": null, "hauteur_max": null, "cos": null, "cus": null, "type_construction": "Administration", "Surface": 1587, "layer": "A_eq_final", "path": "C:\\Users\\hp\\Downloads\\A_eq_final.geojson" }, "geometry": { "type": "Point", "coordinates": [ -6.926687746993985, 33.888358480229009 ] } },
{ "type": "Feature", "properties": { "ville": "Temara", "designation": "A22", "definition": "Centre de travaux agricole", "surface_min": null, "largeur_min": null, "hauteur_max": null, "cos": null, "cus": null, "type_construction": "Administration", "Surface": 21148, "layer": "A_eq_final", "path": "C:\\Users\\hp\\Downloads\\A_eq_final.geojson" }, "geometry": { "type": "Point", "coordinates": [ -6.937071914158959, 33.904607484122934 ] } },
{ "type": "Feature", "properties": { "ville": "Temara", "designation": "A20", "definition": "Commissariat", "surface_min": null, "largeur_min": null, "hauteur_max": null, "cos": null, "cus": null, "type_construction": "Administration", "Surface": 1537, "layer": "A_eq_final", "path": "C:\\Users\\hp\\Downloads\\A_eq_final.geojson" }, "geometry": { "type": "Point", "coordinates": [ -6.941026747249359, 33.907466825345686 ] } },
{ "type": "Feature", "properties": { "ville": "Temara", "designation": "A25", "definition": "District de police", "surface_min": null, "largeur_min": null, "hauteur_max": null, "cos": null, "cus": null, "type_construction": "Administration", "Surface": 1795, "layer": "A_eq_final", "path": "C:\\Users\\hp\\Downloads\\A_eq_final.geojson" }, "geometry": { "type": "Point", "coordinates": [ -6.923599216966648, 33.91143323572679 ] } },
{ "type": "Feature", "properties": { "ville": "Temara", "designation": "A32", "definition": "Equipement de police", "surface_min": null, "largeur_min": null, "hauteur_max": null, "cos": null, "cus": null, "type_construction": "Administration", "Surface": 2191, "layer": "A_eq_final", "path": "C:\\Users\\hp\\Downloads\\A_eq_final.geojson" }, "geometry": { "type": "Point", "coordinates": [ -6.894699500036675, 33.934183820369476 ] } },
{ "type": "Feature", "properties": { "ville": "Temara", "designation": "A38", "definition": "Tribunal", "surface_min": null, "largeur_min": null, "hauteur_max": null, "cos": null, "cus": null, "type_construction": "Administration", "Surface": 5232, "layer": "A_eq_final", "path": "C:\\Users\\hp\\Downloads\\A_eq_final.geojson" }, "geometry": { "type": "Point", "coordinates": [ -6.932283989327709, 33.921434540018076 ] } },
{ "type": "Feature", "properties": { "ville": "Temara", "designation": "A49", "definition": "Poste de police", "surface_min": null, "largeur_min": null, "hauteur_max": null, "cos": null, "cus": null, "type_construction": "Administration", "Surface": 4778, "layer": "A_eq_final", "path": "C:\\Users\\hp\\Downloads\\A_eq_final.geojson" }, "geometry": { "type": "Point", "coordinates": [ -6.896220187289161, 33.906611122178532 ] } },
{ "type": "Feature", "properties": { "ville": "Temara", "designation": "A47", "definition": "Protection civile", "surface_min": null, "largeur_min": null, "hauteur_max": null, "cos": null, "cus": null, "type_construction": "Administration", "Surface": 6937, "layer": "A_eq_final", "path": "C:\\Users\\hp\\Downloads\\A_eq_final.geojson" }, "geometry": { "type": "Point", "coordinates": [ -6.893611077091753, 33.903435238928829 ] } },
{ "type": "Feature", "properties": { "ville": "Temara", "designation": "A52", "definition": "Gendarmerie royale", "surface_min": null, "largeur_min": null, "hauteur_max": null, "cos": null, "cus": null, "type_construction": "Administration", "Surface": 6470, "layer": "A_eq_final", "path": "C:\\Users\\hp\\Downloads\\A_eq_final.geojson" }, "geometry": { "type": "Point", "coordinates": [ -6.911732935941929, 33.931902487070616 ] } },
{ "type": "Feature", "properties": { "ville": "Temara", "designation": "A16", "definition": "Centre de réinsertion handicap", "surface_min": null, "largeur_min": null, "hauteur_max": null, "cos": null, "cus": null, "type_construction": "Administration", "Surface": 1256, "layer": "A_eq_final", "path": "C:\\Users\\hp\\Downloads\\A_eq_final.geojson" }, "geometry": { "type": "Point", "coordinates": [ -6.899730635031884, 33.931820285888008 ] } },
{ "type": "Feature", "properties": { "ville": "Temara", "designation": "A30", "definition": "Arrondissement", "surface_min": null, "largeur_min": null, "hauteur_max": null, "cos": null, "cus": null, "type_construction": "Administration", "Surface": 1327, "layer": "A_eq_final", "path": "C:\\Users\\hp\\Downloads\\A_eq_final.geojson" }, "geometry": { "type": "Point", "coordinates": [ -6.901053401539325, 33.929505809803189 ] } },
{ "type": "Feature", "properties": { "ville": "Temara", "designation": "A45", "definition": "Arrondissement (dans le cadre du lotissement)", "surface_min": null, "largeur_min": null, "hauteur_max": null, "cos": null, "cus": null, "type_construction": "Administration", "Surface": 2269, "layer": "A_eq_final", "path": "C:\\Users\\hp\\Downloads\\A_eq_final.geojson" }, "geometry": { "type": "Point", "coordinates": [ -6.895543307623073, 33.916176345874739 ] } },
{ "type": "Feature", "properties": { "ville": "Temara", "designation": "A04", "definition": "Protection civile", "surface_min": null, "largeur_min": null, "hauteur_max": null, "cos": null, "cus": null, "type_construction": "Administration", "Surface": 24969, "layer": "A_eq_final", "path": "C:\\Users\\hp\\Downloads\\A_eq_final.geojson" }, "geometry": { "type": "Point", "coordinates": [ -6.89563501651366, 33.913397556797712 ] } },
{ "type": "Feature", "properties": { "ville": "Temara", "designation": "A09", "definition": "Gendarmerie royale", "surface_min": null, "largeur_min": null, "hauteur_max": null, "cos": null, "cus": null, "type_construction": "Administration", "Surface": 29261, "layer": "A_eq_final", "path": "C:\\Users\\hp\\Downloads\\A_eq_final.geojson" }, "geometry": { "type": "Point", "coordinates": [ -6.92239952177554, 33.89393687134865 ] } },
{ "type": "Feature", "properties": { "ville": "Temara", "designation": "A07", "definition": "Commissariat", "surface_min": null, "largeur_min": null, "hauteur_max": null, "cos": null, "cus": null, "type_construction": "Administration", "Surface": 3231, "layer": "A_eq_final", "path": "C:\\Users\\hp\\Downloads\\A_eq_final.geojson" }, "geometry": { "type": "Point", "coordinates": [ -6.914345934125008, 33.89752494841423 ] } },
{ "type": "Feature", "properties": { "ville": "Temara", "designation": "A61", "definition": "Arrondissement de police", "surface_min": null, "largeur_min": null, "hauteur_max": null, "cos": null, "cus": null, "type_construction": "Administration", "Surface": 1934, "layer": "A_eq_final", "path": "C:\\Users\\hp\\Downloads\\A_eq_final.geojson" }, "geometry": { "type": "Point", "coordinates": [ -6.898237186548819, 33.912305563594018 ] } },
{ "type": "Feature", "properties": { "ville": "Temara", "designation": "A42", "definition": "Equipement administratif", "surface_min": null, "largeur_min": null, "hauteur_max": null, "cos": null, "cus": null, "type_construction": "Administration", "Surface": 2219, "layer": "A_eq_final", "path": "C:\\Users\\hp\\Downloads\\A_eq_final.geojson" }, "geometry": { "type": "Point", "coordinates": [ -6.930486054581388, 33.874417640136642 ] } },
{ "type": "Feature", "properties": { "ville": "Temara", "designation": "A44", "definition": "Equipement administratif", "surface_min": null, "largeur_min": null, "hauteur_max": null, "cos": null, "cus": null, "type_construction": "Administration", "Surface": 3363, "layer": "A_eq_final", "path": "C:\\Users\\hp\\Downloads\\A_eq_final.geojson" }, "geometry": { "type": "Point", "coordinates": [ -6.931719080014005, 33.873394891605891 ] } },
{ "type": "Feature", "properties": { "ville": "Temara", "designation": "A41", "definition": "Equipement administratif", "surface_min": null, "largeur_min": null, "hauteur_max": null, "cos": null, "cus": null, "type_construction": "Administration", "Surface": 1591, "layer": "A_eq_final", "path": "C:\\Users\\hp\\Downloads\\A_eq_final.geojson" }, "geometry": { "type": "Point", "coordinates": [ -6.921034356313914, 33.885159867505223 ] } },
{ "type": "Feature", "properties": { "ville": "Temara", "designation": "A58", "definition": "Administration", "surface_min": null, "largeur_min": null, "hauteur_max": null, "cos": null, "cus": null, "type_construction": "Administration", "Surface": 2527, "layer": "A_eq_final", "path": "C:\\Users\\hp\\Downloads\\A_eq_final.geojson" }, "geometry": { "type": "Point", "coordinates": [ -6.923369284910797, 33.885701773393968 ] } },
{ "type": "Feature", "properties": { "ville": "Temara", "designation": "A62", "definition": "Commissariat", "surface_min": null, "largeur_min": null, "hauteur_max": null, "cos": null, "cus": null, "type_construction": "Administration", "Surface": 2986, "layer": "A_eq_final", "path": "C:\\Users\\hp\\Downloads\\A_eq_final.geojson" }, "geometry": { "type": "Point", "coordinates": [ -6.911304696100714, 33.902256013567488 ] } },
{ "type": "Feature", "properties": { "ville": "Temara", "designation": "A40", "definition": "Equipement de la protection civile", "surface_min": null, "largeur_min": null, "hauteur_max": null, "cos": null, "cus": null, "type_construction": "Administration", "Surface": 3787, "layer": "A_eq_final", "path": "C:\\Users\\hp\\Downloads\\A_eq_final.geojson" }, "geometry": { "type": "Point", "coordinates": [ -6.928648027977262, 33.909200966876782 ] } },
{ "type": "Feature", "properties": { "ville": "Temara", "designation": "A31", "definition": "Equipement administratif", "surface_min": null, "largeur_min": null, "hauteur_max": null, "cos": null, "cus": null, "type_construction": "Administration", "Surface": 1852, "layer": "A_eq_final", "path": "C:\\Users\\hp\\Downloads\\A_eq_final.geojson" }, "geometry": { "type": "Point", "coordinates": [ -6.935421161115365, 33.885239933244264 ] } },
{ "type": "Feature", "properties": { "ville": "Temara", "designation": "A13", "definition": "Equipement administratif", "surface_min": null, "largeur_min": null, "hauteur_max": null, "cos": null, "cus": null, "type_construction": "Administration", "Surface": 680, "layer": "A_eq_final", "path": "C:\\Users\\hp\\Downloads\\A_eq_final.geojson" }, "geometry": { "type": "Point", "coordinates": [ -6.933938807965261, 33.877091263733583 ] } },
{ "type": "Feature", "properties": { "ville": "Temara", "designation": "A10", "definition": "Equipement administratif", "surface_min": null, "largeur_min": null, "hauteur_max": null, "cos": null, "cus": null, "type_construction": "Administration", "Surface": 1222, "layer": "A_eq_final", "path": "C:\\Users\\hp\\Downloads\\A_eq_final.geojson" }, "geometry": { "type": "Point", "coordinates": [ -6.936200935959712, 33.874398745512693 ] } },
{ "type": "Feature", "properties": { "ville": "Temara", "designation": "A02", "definition": "Commissariat de circonscription", "surface_min": null, "largeur_min": null, "hauteur_max": null, "cos": null, "cus": null, "type_construction": "Administration", "Surface": 1936, "layer": "A_eq_final", "path": "C:\\Users\\hp\\Downloads\\A_eq_final.geojson" }, "geometry": { "type": "Point", "coordinates": [ -6.937578163133159, 33.930428371307499 ] } },
{ "type": "Feature", "properties": { "ville": "Temara", "designation": "A15", "definition": "Commissariat", "surface_min": null, "largeur_min": null, "hauteur_max": null, "cos": null, "cus": null, "type_construction": "Administration", "Surface": 840, "layer": "A_eq_final", "path": "C:\\Users\\hp\\Downloads\\A_eq_final.geojson" }, "geometry": { "type": "Point", "coordinates": [ -6.907169755038146, 33.928401347194544 ] } },
{ "type": "Feature", "properties": { "ville": "Temara", "designation": "A14", "definition": "Protection civile", "surface_min": null, "largeur_min": null, "hauteur_max": null, "cos": null, "cus": null, "type_construction": "Administration", "Surface": 1998, "layer": "A_eq_final", "path": "C:\\Users\\hp\\Downloads\\A_eq_final.geojson" }, "geometry": { "type": "Point", "coordinates": [ -6.906008038680661, 33.937515018578253 ] } },
{ "type": "Feature", "properties": { "ville": "Temara", "designation": "A26", "definition": "Siège de l’Agence Urbaine de Skhirate-Temara", "surface_min": null, "largeur_min": null, "hauteur_max": null, "cos": null, "cus": null, "type_construction": "Administration", "Surface": 2139, "layer": "A_eq_final", "path": "C:\\Users\\hp\\Downloads\\A_eq_final.geojson" }, "geometry": { "type": "Point", "coordinates": [ -6.906369592187065, 33.937136367062273 ] } },
{ "type": "Feature", "properties": { "ville": "Temara", "designation": "A06", "definition": "Arrondissement", "surface_min": null, "largeur_min": null, "hauteur_max": null, "cos": null, "cus": null, "type_construction": "Administration", "Surface": 1350, "layer": "A_eq_final", "path": "C:\\Users\\hp\\Downloads\\A_eq_final.geojson" }, "geometry": { "type": "Point", "coordinates": [ -6.916154003796905, 33.928705753841861 ] } },
{ "type": "Feature", "properties": { "ville": "Temara", "designation": "A55", "definition": "Equipement militaire", "surface_min": null, "largeur_min": null, "hauteur_max": null, "cos": null, "cus": null, "type_construction": "Administration", "Surface": 258264, "layer": "A_eq_final", "path": "C:\\Users\\hp\\Downloads\\A_eq_final.geojson" }, "geometry": { "type": "Point", "coordinates": [ -6.917386245678463, 33.930802297872248 ] } },
{ "type": "Feature", "properties": { "ville": "Temara", "designation": "A65", "definition": "Equipement administratif", "surface_min": null, "largeur_min": null, "hauteur_max": null, "cos": null, "cus": null, "type_construction": "Administration", "Surface": 2396, "layer": "A_eq_final", "path": "C:\\Users\\hp\\Downloads\\A_eq_final.geojson" }, "geometry": { "type": "Point", "coordinates": [ -6.934665459762835, 33.897247916390377 ] } },
{ "type": "Feature", "properties": { "ville": "Temara", "designation": "A03", "definition": "Arrondissement", "surface_min": null, "largeur_min": null, "hauteur_max": null, "cos": null, "cus": null, "type_construction": "Administration", "Surface": 358, "layer": "A_eq_final", "path": "C:\\Users\\hp\\Downloads\\A_eq_final.geojson" }, "geometry": { "type": "Point", "coordinates": [ -6.93975486640949, 33.926010219101784 ] } },
{ "type": "Feature", "properties": { "ville": "Temara", "designation": "A05", "definition": "Arrondissement de police", "surface_min": null, "largeur_min": null, "hauteur_max": null, "cos": null, "cus": null, "type_construction": "Administration", "Surface": 844, "layer": "A_eq_final", "path": "C:\\Users\\hp\\Downloads\\A_eq_final.geojson" }, "geometry": { "type": "Point", "coordinates": [ -6.93855475283919, 33.918806595327652 ] } },
{ "type": "Feature", "properties": { "ville": "Temara", "designation": "A64", "definition": "Poste de police", "surface_min": null, "largeur_min": null, "hauteur_max": null, "cos": null, "cus": null, "type_construction": "Administration", "Surface": 2108, "layer": "A_eq_final", "path": "C:\\Users\\hp\\Downloads\\A_eq_final.geojson" }, "geometry": { "type": "Point", "coordinates": [ -6.928334074737124, 33.917485098250353 ] } },
{ "type": "Feature", "properties": { "ville": "Temara", "designation": "A36", "definition": "Commissariat", "surface_min": null, "largeur_min": null, "hauteur_max": null, "cos": null, "cus": null, "type_construction": "Administration", "Surface": 4261, "layer": "A_eq_final", "path": "C:\\Users\\hp\\Downloads\\A_eq_final.geojson" }, "geometry": { "type": "Point", "coordinates": [ -6.926286248309431, 33.913475195310824 ] } },
{ "type": "Feature", "properties": { "ville": "Temara", "designation": "A19", "definition": "Arrondissement de police", "surface_min": null, "largeur_min": null, "hauteur_max": null, "cos": null, "cus": null, "type_construction": "Administration", "Surface": 1303, "layer": "A_eq_final", "path": "C:\\Users\\hp\\Downloads\\A_eq_final.geojson" }, "geometry": { "type": "Point", "coordinates": [ -6.943115759608176, 33.901703733225744 ] } },
{ "type": "Feature", "properties": { "ville": "Temara", "designation": "A46", "definition": "Equipement administratif", "surface_min": null, "largeur_min": null, "hauteur_max": null, "cos": null, "cus": null, "type_construction": "Administration", "Surface": 2124, "layer": "A_eq_final", "path": "C:\\Users\\hp\\Downloads\\A_eq_final.geojson" }, "geometry": { "type": "Point", "coordinates": [ -6.914664515656908, 33.886031818787195 ] } },
{ "type": "Feature", "properties": { "ville": "Temara", "designation": "A24", "definition": "Equipement Public", "surface_min": null, "largeur_min": null, "hauteur_max": null, "cos": null, "cus": null, "type_construction": "Administration", "Surface": 2103, "layer": "A_eq_final", "path": "C:\\Users\\hp\\Downloads\\A_eq_final.geojson" }, "geometry": { "type": "Point", "coordinates": [ -6.916114858535924, 33.889460470452889 ] } },
{ "type": "Feature", "properties": { "ville": "Temara", "designation": "A23", "definition": "Equipement Public", "surface_min": null, "largeur_min": null, "hauteur_max": null, "cos": null, "cus": null, "type_construction": "Administration", "Surface": 2094, "layer": "A_eq_final", "path": "C:\\Users\\hp\\Downloads\\A_eq_final.geojson" }, "geometry": { "type": "Point", "coordinates": [ -6.916350878853362, 33.889210147305306 ] } },
{ "type": "Feature", "properties": { "ville": "RA Mers El Kheir", "designation": "A14", "definition": "Protection Civile", "surface_min": null, "largeur_min": null, "hauteur_max": null, "cos": null, "cus": null, "type_construction": "Administration", "Surface": 18772, "layer": "A_eq_final", "path": "C:\\Users\\hp\\Downloads\\A_eq_final.geojson" }, "geometry": { "type": "Point", "coordinates": [ -6.904831362915028, 33.86363750709446 ] } },
{ "type": "Feature", "properties": { "ville": "RA El Menzeh", "designation": "A06", "definition": "Equipement Administratif", "surface_min": null, "largeur_min": null, "hauteur_max": null, "cos": null, "cus": null, "type_construction": "Administations", "Surface": 1574, "layer": "A_eq_final", "path": "C:\\Users\\hp\\Downloads\\A_eq_final.geojson" }, "geometry": { "type": "Point", "coordinates": [ -6.874227328019906, 33.864438839670768 ] } },
{ "type": "Feature", "properties": { "ville": "RA El Menzeh", "designation": "A05", "definition": "Equipement Administratif", "surface_min": null, "largeur_min": null, "hauteur_max": null, "cos": null, "cus": null, "type_construction": "Administations", "Surface": 1183, "layer": "A_eq_final", "path": "C:\\Users\\hp\\Downloads\\A_eq_final.geojson" }, "geometry": { "type": "Point", "coordinates": [ -6.873879840786139, 33.864324662264387 ] } },
{ "type": "Feature", "properties": { "ville": "PA-SKHIRATE", "designation": "A19", "definition": "PROTECTION CIVILE", "surface_min": null, "largeur_min": null, "hauteur_max": null, "cos": null, "cus": null, "type_construction": "Administration", "Surface": 1608, "layer": "A_eq_final", "path": "C:\\Users\\hp\\Downloads\\A_eq_final.geojson" }, "geometry": { "type": "Point", "coordinates": [ -7.002865837106327, 33.853768857335226 ] } },
{ "type": "Feature", "properties": { "ville": "PA-SKHIRATE", "designation": "A18", "definition": "EQUIPEMENT ADMINISTEtATIF", "surface_min": null, "largeur_min": null, "hauteur_max": null, "cos": null, "cus": null, "type_construction": "Administration", "Surface": 4804, "layer": "A_eq_final", "path": "C:\\Users\\hp\\Downloads\\A_eq_final.geojson" }, "geometry": { "type": "Point", "coordinates": [ -7.002501103869855, 33.853307562945197 ] } },
{ "type": "Feature", "properties": { "ville": "PA-SKHIRATE", "designation": "A11", "definition": "GENDARMERIE ROYALE", "surface_min": null, "largeur_min": null, "hauteur_max": null, "cos": null, "cus": null, "type_construction": "Administration", "Surface": 2016, "layer": "A_eq_final", "path": "C:\\Users\\hp\\Downloads\\A_eq_final.geojson" }, "geometry": { "type": "Point", "coordinates": [ -7.007086653959639, 33.866117542481547 ] } },
{ "type": "Feature", "properties": { "ville": "Sebbah", "designation": "A11", "definition": "Station dc pompage EU", "surface_min": null, "largeur_min": null, "hauteur_max": null, "cos": null, "cus": null, "type_construction": "Administration", "Surface": 301, "layer": "A_eq_final", "path": "C:\\Users\\hp\\Downloads\\A_eq_final.geojson" }, "geometry": { "type": "Point", "coordinates": [ -7.005102115569894, 33.851088716823135 ] } },
{ "type": "Feature", "properties": { "ville": "RA Ain Attig", "designation": "A18", "definition": "Equipement administratif ou public", "surface_min": null, "largeur_min": null, "hauteur_max": null, "cos": null, "cus": null, "type_construction": "Administration", "Surface": 1547, "layer": "A_eq_final", "path": "C:\\Users\\hp\\Downloads\\A_eq_final.geojson" }, "geometry": { "type": "Point", "coordinates": [ -6.943460272551354, 33.871256216882138 ] } },
{ "type": "Feature", "properties": { "ville": "Sidi Yahya des Zaers", "designation": "E5", "definition": "Ecole VNT", "surface_min": null, "largeur_min": null, "hauteur_max": null, "cos": null, "cus": null, "type_construction": "Enseignement", "Surface": 4869, "layer": "E_eq", "path": "C:\\Users\\hp\\Downloads\\E_eq.geojson" }, "geometry": { "type": "Point", "coordinates": [ -6.926587034572218, 33.835219893708206 ] } },
{ "type": "Feature", "properties": { "ville": "Ain Attig", "designation": "E23", "definition": "Ecole Primaire", "surface_min": null, "largeur_min": null, "hauteur_max": null, "cos": null, "cus": null, "type_construction": "Enseignement", "Surface": 5085, "layer": "E_eq", "path": "C:\\Users\\hp\\Downloads\\E_eq.geojson" }, "geometry": { "type": "Point", "coordinates": [ -6.979291119813907, 33.893790367714644 ] } },
{ "type": "Feature", "properties": { "ville": "Ain Attig", "designation": "E18", "definition": "Ecole primaire", "surface_min": null, "largeur_min": null, "hauteur_max": null, "cos": null, "cus": null, "type_construction": "Enseignement", "Surface": 5199, "layer": "E_eq", "path": "C:\\Users\\hp\\Downloads\\E_eq.geojson" }, "geometry": { "type": "Point", "coordinates": [ -6.969938654525286, 33.895062223802 ] } },
{ "type": "Feature", "properties": { "ville": "Ain Attig", "designation": "E25", "definition": "Ecole primaire", "surface_min": null, "largeur_min": null, "hauteur_max": null, "cos": null, "cus": null, "type_construction": "Enseignement", "Surface": 5399, "layer": "E_eq", "path": "C:\\Users\\hp\\Downloads\\E_eq.geojson" }, "geometry": { "type": "Point", "coordinates": [ -6.969116898877804, 33.899361304219894 ] } },
{ "type": "Feature", "properties": { "ville": "Ain Attig", "designation": "E22", "definition": "Collège", "surface_min": null, "largeur_min": null, "hauteur_max": null, "cos": null, "cus": null, "type_construction": "Enseignement", "Surface": 6721, "layer": "E_eq", "path": "C:\\Users\\hp\\Downloads\\E_eq.geojson" }, "geometry": { "type": "Point", "coordinates": [ -6.974755586143758, 33.899117163706187 ] } },
{ "type": "Feature", "properties": { "ville": "Ain Attig", "designation": "E24", "definition": "Ecole Primaire", "surface_min": null, "largeur_min": null, "hauteur_max": null, "cos": null, "cus": null, "type_construction": "Enseignement", "Surface": 5370, "layer": "E_eq", "path": "C:\\Users\\hp\\Downloads\\E_eq.geojson" }, "geometry": { "type": "Point", "coordinates": [ -6.981564280416878, 33.895991215712776 ] } },
{ "type": "Feature", "properties": { "ville": "Ain Attig", "designation": "E14", "definition": "Institut de Technologie Appliquée", "surface_min": null, "largeur_min": null, "hauteur_max": null, "cos": null, "cus": null, "type_construction": "Enseignement", "Surface": 8080, "layer": "E_eq", "path": "C:\\Users\\hp\\Downloads\\E_eq.geojson" }, "geometry": { "type": "Point", "coordinates": [ -6.988335753177856, 33.890038389289188 ] } },
{ "type": "Feature", "properties": { "ville": "Ain Attig", "designation": "E13", "definition": "Ecole Lahbilat", "surface_min": null, "largeur_min": null, "hauteur_max": null, "cos": null, "cus": null, "type_construction": "Enseignement", "Surface": 2572, "layer": "E_eq", "path": "C:\\Users\\hp\\Downloads\\E_eq.geojson" }, "geometry": { "type": "Point", "coordinates": [ -6.986053313359291, 33.885080911720053 ] } },
{ "type": "Feature", "properties": { "ville": "Ain Attig", "designation": "E17", "definition": "Collège", "surface_min": null, "largeur_min": null, "hauteur_max": null, "cos": null, "cus": null, "type_construction": "Enseignement", "Surface": 9010, "layer": "E_eq", "path": "C:\\Users\\hp\\Downloads\\E_eq.geojson" }, "geometry": { "type": "Point", "coordinates": [ -6.965974498523742, 33.896444595331772 ] } },
{ "type": "Feature", "properties": { "ville": "Ain Attig", "designation": "E21", "definition": "Lycée", "surface_min": null, "largeur_min": null, "hauteur_max": null, "cos": null, "cus": null, "type_construction": "Enseignement", "Surface": 7376, "layer": "E_eq", "path": "C:\\Users\\hp\\Downloads\\E_eq.geojson" }, "geometry": { "type": "Point", "coordinates": [ -6.969997579119081, 33.896179477844569 ] } },
{ "type": "Feature", "properties": { "ville": "Ain Attig", "designation": "E9", "definition": "Lycée Prévue par opération Al Hamd", "surface_min": null, "largeur_min": null, "hauteur_max": null, "cos": null, "cus": null, "type_construction": "Enseignement", "Surface": 7058, "layer": "E_eq", "path": "C:\\Users\\hp\\Downloads\\E_eq.geojson" }, "geometry": { "type": "Point", "coordinates": [ -6.97077179919876, 33.885925069607829 ] } },
{ "type": "Feature", "properties": { "ville": "Ain Attig", "designation": "E10", "definition": "Ecole Ouled Selama", "surface_min": null, "largeur_min": null, "hauteur_max": null, "cos": null, "cus": null, "type_construction": "Enseignement", "Surface": 5203, "layer": "E_eq", "path": "C:\\Users\\hp\\Downloads\\E_eq.geojson" }, "geometry": { "type": "Point", "coordinates": [ -6.975666195470983, 33.886236598596696 ] } },
{ "type": "Feature", "properties": { "ville": "Ain Attig", "designation": "E6", "definition": "Ecole Prévue par le lotissement Ne Variétur", "surface_min": null, "largeur_min": null, "hauteur_max": null, "cos": null, "cus": null, "type_construction": "Enseignement", "Surface": 5881, "layer": "E_eq", "path": "C:\\Users\\hp\\Downloads\\E_eq.geojson" }, "geometry": { "type": "Point", "coordinates": [ -6.966846903605978, 33.886649960297461 ] } },
{ "type": "Feature", "properties": { "ville": "Ain Attig", "designation": "E8", "definition": "Collége", "surface_min": null, "largeur_min": null, "hauteur_max": null, "cos": null, "cus": null, "type_construction": "Enseignement", "Surface": 6462, "layer": "E_eq", "path": "C:\\Users\\hp\\Downloads\\E_eq.geojson" }, "geometry": { "type": "Point", "coordinates": [ -6.969373206523885, 33.889961869159571 ] } },
{ "type": "Feature", "properties": { "ville": "Ain Attig", "designation": "E7", "definition": "Ecole Prévue par le  lotissement Ne Variétur", "surface_min": null, "largeur_min": null, "hauteur_max": null, "cos": null, "cus": null, "type_construction": "Enseignement", "Surface": 1848, "layer": "E_eq", "path": "C:\\Users\\hp\\Downloads\\E_eq.geojson" }, "geometry": { "type": "Point", "coordinates": [ -6.96570754343255, 33.891826700574285 ] } },
{ "type": "Feature", "properties": { "ville": "Ain Attig", "designation": "E5", "definition": "Ecole", "surface_min": null, "largeur_min": null, "hauteur_max": null, "cos": null, "cus": null, "type_construction": "Enseignement", "Surface": 4243, "layer": "E_eq", "path": "C:\\Users\\hp\\Downloads\\E_eq.geojson" }, "geometry": { "type": "Point", "coordinates": [ -6.9637846295127, 33.885150053168445 ] } },
{ "type": "Feature", "properties": { "ville": "Ain Attig", "designation": "E11", "definition": "Ecole", "surface_min": null, "largeur_min": null, "hauteur_max": null, "cos": null, "cus": null, "type_construction": "Enseignement", "Surface": 4158, "layer": "E_eq", "path": "C:\\Users\\hp\\Downloads\\E_eq.geojson" }, "geometry": { "type": "Point", "coordinates": [ -6.9717960408379, 33.875720233384314 ] } },
{ "type": "Feature", "properties": { "ville": "Ain Attig", "designation": "E12", "definition": "Collége", "surface_min": null, "largeur_min": null, "hauteur_max": null, "cos": null, "cus": null, "type_construction": "Enseignement", "Surface": 7877, "layer": "E_eq", "path": "C:\\Users\\hp\\Downloads\\E_eq.geojson" }, "geometry": { "type": "Point", "coordinates": [ -6.972430808482963, 33.87507586218436 ] } },
{ "type": "Feature", "properties": { "ville": "Ain Attig", "designation": "E30", "definition": "Ecole Primaire", "surface_min": null, "largeur_min": null, "hauteur_max": null, "cos": null, "cus": null, "type_construction": "Enseignement", "Surface": 5685, "layer": "E_eq", "path": "C:\\Users\\hp\\Downloads\\E_eq.geojson" }, "geometry": { "type": "Point", "coordinates": [ -6.970997558250215, 33.87255408733413 ] } },
{ "type": "Feature", "properties": { "ville": "Ain Attig", "designation": "E15", "definition": "Collége", "surface_min": null, "largeur_min": null, "hauteur_max": null, "cos": null, "cus": null, "type_construction": "Enseignement", "Surface": 7951, "layer": "E_eq", "path": "C:\\Users\\hp\\Downloads\\E_eq.geojson" }, "geometry": { "type": "Point", "coordinates": [ -6.959421786006911, 33.881339580732948 ] } },
{ "type": "Feature", "properties": { "ville": "Ain Attig", "designation": "E29", "definition": "Collége", "surface_min": null, "largeur_min": null, "hauteur_max": null, "cos": null, "cus": null, "type_construction": "Enseignement", "Surface": 8312, "layer": "E_eq", "path": "C:\\Users\\hp\\Downloads\\E_eq.geojson" }, "geometry": { "type": "Point", "coordinates": [ -6.95686791276819, 33.888730165111454 ] } },
{ "type": "Feature", "properties": { "ville": "Ain Attig", "designation": "E27", "definition": "Ecole Primaire", "surface_min": null, "largeur_min": null, "hauteur_max": null, "cos": null, "cus": null, "type_construction": "Enseignement", "Surface": 6534, "layer": "E_eq", "path": "C:\\Users\\hp\\Downloads\\E_eq.geojson" }, "geometry": { "type": "Point", "coordinates": [ -6.955618146564473, 33.883752198728921 ] } },
{ "type": "Feature", "properties": { "ville": "Ain Attig", "designation": "E4", "definition": "Ecole", "surface_min": null, "largeur_min": null, "hauteur_max": null, "cos": null, "cus": null, "type_construction": "Enseignement", "Surface": 4956, "layer": "E_eq", "path": "C:\\Users\\hp\\Downloads\\E_eq.geojson" }, "geometry": { "type": "Point", "coordinates": [ -6.957643409455931, 33.882585721899254 ] } },
{ "type": "Feature", "properties": { "ville": "Ain Attig", "designation": "E26", "definition": "Lycée", "surface_min": null, "largeur_min": null, "hauteur_max": null, "cos": null, "cus": null, "type_construction": "Enseignement", "Surface": 11299, "layer": "E_eq", "path": "C:\\Users\\hp\\Downloads\\E_eq.geojson" }, "geometry": { "type": "Point", "coordinates": [ -6.963653747727023, 33.877118796921913 ] } },
{ "type": "Feature", "properties": { "ville": "Ain Attig", "designation": "E28", "definition": "Ecole Primaire", "surface_min": null, "largeur_min": null, "hauteur_max": null, "cos": null, "cus": null, "type_construction": "Enseignement", "Surface": 5662, "layer": "E_eq", "path": "C:\\Users\\hp\\Downloads\\E_eq.geojson" }, "geometry": { "type": "Point", "coordinates": [ -6.960422896584973, 33.884657749154698 ] } },
{ "type": "Feature", "properties": { "ville": "Ain Attig", "designation": "E3", "definition": "Centre de Qualification Professionnelle", "surface_min": null, "largeur_min": null, "hauteur_max": null, "cos": null, "cus": null, "type_construction": "Enseignement", "Surface": 10256, "layer": "E_eq", "path": "C:\\Users\\hp\\Downloads\\E_eq.geojson" }, "geometry": { "type": "Point", "coordinates": [ -6.949934087972648, 33.883192987816656 ] } },
{ "type": "Feature", "properties": { "ville": "Ain Attig", "designation": "E2", "definition": "Lycée Imam Malek", "surface_min": null, "largeur_min": null, "hauteur_max": null, "cos": null, "cus": null, "type_construction": "Enseignement", "Surface": 13003, "layer": "E_eq", "path": "C:\\Users\\hp\\Downloads\\E_eq.geojson" }, "geometry": { "type": "Point", "coordinates": [ -6.955177356135654, 33.894594472505304 ] } },
{ "type": "Feature", "properties": { "ville": "Ain Attig", "designation": "E1", "definition": "Ecole Ain Attig", "surface_min": null, "largeur_min": null, "hauteur_max": null, "cos": null, "cus": null, "type_construction": "Enseignement", "Surface": 3032, "layer": "E_eq", "path": "C:\\Users\\hp\\Downloads\\E_eq.geojson" }, "geometry": { "type": "Point", "coordinates": [ -6.953738122383059, 33.894960599974013 ] } },
{ "type": "Feature", "properties": { "ville": "Ain Attig", "designation": "E20", "definition": "Ecole Primaire", "surface_min": null, "largeur_min": null, "hauteur_max": null, "cos": null, "cus": null, "type_construction": "Enseignement", "Surface": 1412, "layer": "E_eq", "path": "C:\\Users\\hp\\Downloads\\E_eq.geojson" }, "geometry": { "type": "Point", "coordinates": [ -6.963364019174796, 33.9018879819752 ] } },
{ "type": "Feature", "properties": { "ville": "Ain Attig", "designation": "E19", "definition": "Ecole primaire", "surface_min": null, "largeur_min": null, "hauteur_max": null, "cos": null, "cus": null, "type_construction": "Enseignement", "Surface": 6738, "layer": "E_eq", "path": "C:\\Users\\hp\\Downloads\\E_eq.geojson" }, "geometry": { "type": "Point", "coordinates": [ -6.978929734951319, 33.88756969544535 ] } },
{ "type": "Feature", "properties": { "ville": "El Menzeh", "designation": "E06", "definition": "Lycée", "surface_min": null, "largeur_min": null, "hauteur_max": null, "cos": null, "cus": null, "type_construction": "Enseignement", "Surface": 10840, "layer": "E_eq", "path": "C:\\Users\\hp\\Downloads\\E_eq.geojson" }, "geometry": { "type": "Point", "coordinates": [ -6.860155976549999, 33.868064134495746 ] } },
{ "type": "Feature", "properties": { "ville": "El Menzeh", "designation": "E03", "definition": "Complexe universitaire", "surface_min": null, "largeur_min": null, "hauteur_max": null, "cos": null, "cus": null, "type_construction": "Enseignement", "Surface": 26809, "layer": "E_eq", "path": "C:\\Users\\hp\\Downloads\\E_eq.geojson" }, "geometry": { "type": "Point", "coordinates": [ -6.859255083358653, 33.86908619023724 ] } },
{ "type": "Feature", "properties": { "ville": "El Menzeh", "designation": "E01", "definition": "Ecole + collège; complexe d'enseignement", "surface_min": null, "largeur_min": null, "hauteur_max": null, "cos": null, "cus": null, "type_construction": "Enseignement", "Surface": 13773, "layer": "E_eq", "path": "C:\\Users\\hp\\Downloads\\E_eq.geojson" }, "geometry": { "type": "Point", "coordinates": [ -6.85600285218813, 33.872795662095974 ] } },
{ "type": "Feature", "properties": { "ville": "El Menzeh", "designation": "E02", "definition": "Ecole", "surface_min": null, "largeur_min": null, "hauteur_max": null, "cos": null, "cus": null, "type_construction": "Enseignement", "Surface": 6739, "layer": "E_eq", "path": "C:\\Users\\hp\\Downloads\\E_eq.geojson" }, "geometry": { "type": "Point", "coordinates": [ -6.855029736018036, 33.867482385190797 ] } },
{ "type": "Feature", "properties": { "ville": "El Menzeh", "designation": "E07", "definition": "Ecole", "surface_min": null, "largeur_min": null, "hauteur_max": null, "cos": null, "cus": null, "type_construction": "Enseignement", "Surface": 5629, "layer": "E_eq", "path": "C:\\Users\\hp\\Downloads\\E_eq.geojson" }, "geometry": { "type": "Point", "coordinates": [ -6.847263267653002, 33.819438292442968 ] } },
{ "type": "Feature", "properties": { "ville": "El Menzeh", "designation": "E05", "definition": "Ecole", "surface_min": null, "largeur_min": null, "hauteur_max": null, "cos": null, "cus": null, "type_construction": "Enseignement", "Surface": 4182, "layer": "E_eq", "path": "C:\\Users\\hp\\Downloads\\E_eq.geojson" }, "geometry": { "type": "Point", "coordinates": [ -6.829443523266525, 33.837796469693714 ] } },
{ "type": "Feature", "properties": { "ville": "El Menzeh", "designation": "E04", "definition": "Collège", "surface_min": null, "largeur_min": null, "hauteur_max": null, "cos": null, "cus": null, "type_construction": "Enseignement", "Surface": 11693, "layer": "E_eq", "path": "C:\\Users\\hp\\Downloads\\E_eq.geojson" }, "geometry": { "type": "Point", "coordinates": [ -6.83173925635517, 33.837462620200519 ] } },
{ "type": "Feature", "properties": { "ville": "Harhoura", "designation": "E 05", "definition": "Ecole", "surface_min": null, "largeur_min": null, "hauteur_max": null, "cos": null, "cus": null, "type_construction": "Enseignement", "Surface": 3305, "layer": "E_eq", "path": "C:\\Users\\hp\\Downloads\\E_eq.geojson" }, "geometry": { "type": "Point", "coordinates": [ -6.975638511457203, 33.903659373364903 ] } },
{ "type": "Feature", "properties": { "ville": "Harhoura", "designation": "E 04", "definition": "Lycée", "surface_min": null, "largeur_min": null, "hauteur_max": null, "cos": null, "cus": null, "type_construction": "Enseignement", "Surface": 10491, "layer": "E_eq", "path": "C:\\Users\\hp\\Downloads\\E_eq.geojson" }, "geometry": { "type": "Point", "coordinates": [ -6.97211168452781, 33.907675717236032 ] } },
{ "type": "Feature", "properties": { "ville": "Harhoura", "designation": "E 02", "definition": "Collège", "surface_min": null, "largeur_min": null, "hauteur_max": null, "cos": null, "cus": null, "type_construction": "Enseignement", "Surface": 10253, "layer": "E_eq", "path": "C:\\Users\\hp\\Downloads\\E_eq.geojson" }, "geometry": { "type": "Point", "coordinates": [ -6.970999240573595, 33.912849909965949 ] } },
{ "type": "Feature", "properties": { "ville": "Harhoura", "designation": "E 06", "definition": "Ecole", "surface_min": null, "largeur_min": null, "hauteur_max": null, "cos": null, "cus": null, "type_construction": "Enseignement", "Surface": 3704, "layer": "E_eq", "path": "C:\\Users\\hp\\Downloads\\E_eq.geojson" }, "geometry": { "type": "Point", "coordinates": [ -6.96949698521816, 33.914184492593613 ] } },
{ "type": "Feature", "properties": { "ville": "Harhoura", "designation": "E 03", "definition": "Ecole", "surface_min": null, "largeur_min": null, "hauteur_max": null, "cos": null, "cus": null, "type_construction": "Enseignement", "Surface": 4762, "layer": "E_eq", "path": "C:\\Users\\hp\\Downloads\\E_eq.geojson" }, "geometry": { "type": "Point", "coordinates": [ -6.963191933200418, 33.920458383404394 ] } },
{ "type": "Feature", "properties": { "ville": "Harhoura", "designation": "E 01", "definition": "Collège", "surface_min": null, "largeur_min": null, "hauteur_max": null, "cos": null, "cus": null, "type_construction": "Enseignement", "Surface": 5247, "layer": "E_eq", "path": "C:\\Users\\hp\\Downloads\\E_eq.geojson" }, "geometry": { "type": "Point", "coordinates": [ -6.937347104771069, 33.935765741959663 ] } },
{ "type": "Feature", "properties": { "ville": "Sidi Yahya des Zaers", "designation": "E31", "definition": "Collège VNT", "surface_min": null, "largeur_min": null, "hauteur_max": null, "cos": null, "cus": null, "type_construction": "Enseignement", "Surface": 9401, "layer": "E_eq", "path": "C:\\Users\\hp\\Downloads\\E_eq.geojson" }, "geometry": { "type": "Point", "coordinates": [ -6.924265286274202, 33.824215762559341 ] } },
{ "type": "Feature", "properties": { "ville": "Sidi Yahya des Zaers", "designation": "E16", "definition": "Ecole VNT", "surface_min": null, "largeur_min": null, "hauteur_max": null, "cos": null, "cus": null, "type_construction": "Enseignement", "Surface": 4517, "layer": "E_eq", "path": "C:\\Users\\hp\\Downloads\\E_eq.geojson" }, "geometry": { "type": "Point", "coordinates": [ -6.923696660993577, 33.824621242693325 ] } },
{ "type": "Feature", "properties": { "ville": "Sidi Yahya des Zaers", "designation": "E27", "definition": "Collège VNT", "surface_min": null, "largeur_min": null, "hauteur_max": null, "cos": null, "cus": null, "type_construction": "Enseignement", "Surface": 9061, "layer": "E_eq", "path": "C:\\Users\\hp\\Downloads\\E_eq.geojson" }, "geometry": { "type": "Point", "coordinates": [ -6.941523072628578, 33.822885188753027 ] } },
{ "type": "Feature", "properties": { "ville": "Sidi Yahya des Zaers", "designation": "E39", "definition": "Lycée VNT", "surface_min": null, "largeur_min": null, "hauteur_max": null, "cos": null, "cus": null, "type_construction": "Enseignement", "Surface": 9971, "layer": "E_eq", "path": "C:\\Users\\hp\\Downloads\\E_eq.geojson" }, "geometry": { "type": "Point", "coordinates": [ -6.933149158639514, 33.815020397904959 ] } },
{ "type": "Feature", "properties": { "ville": "Sidi Yahya des Zaers", "designation": "E28", "definition": "Collège VNT", "surface_min": null, "largeur_min": null, "hauteur_max": null, "cos": null, "cus": null, "type_construction": "Enseignement", "Surface": 8624, "layer": "E_eq", "path": "C:\\Users\\hp\\Downloads\\E_eq.geojson" }, "geometry": { "type": "Point", "coordinates": [ -6.935210367330408, 33.816427093318218 ] } },
{ "type": "Feature", "properties": { "ville": "Sidi Yahya des Zaers", "designation": "E12", "definition": "Ecole VNT", "surface_min": null, "largeur_min": null, "hauteur_max": null, "cos": null, "cus": null, "type_construction": "Enseignement", "Surface": 5032, "layer": "E_eq", "path": "C:\\Users\\hp\\Downloads\\E_eq.geojson" }, "geometry": { "type": "Point", "coordinates": [ -6.935042363583436, 33.817048091749577 ] } },
{ "type": "Feature", "properties": { "ville": "Sidi Yahya des Zaers", "designation": "E29", "definition": "Collège VNT", "surface_min": null, "largeur_min": null, "hauteur_max": null, "cos": null, "cus": null, "type_construction": "Enseignement", "Surface": 7786, "layer": "E_eq", "path": "C:\\Users\\hp\\Downloads\\E_eq.geojson" }, "geometry": { "type": "Point", "coordinates": [ -6.925793654131719, 33.819909506234502 ] } },
{ "type": "Feature", "properties": { "ville": "Sidi Yahya des Zaers", "designation": "E38", "definition": "Lycée VNT", "surface_min": null, "largeur_min": null, "hauteur_max": null, "cos": null, "cus": null, "type_construction": "Enseignement", "Surface": 10413, "layer": "E_eq", "path": "C:\\Users\\hp\\Downloads\\E_eq.geojson" }, "geometry": { "type": "Point", "coordinates": [ -6.940419654998327, 33.819974904616267 ] } },
{ "type": "Feature", "properties": { "ville": "Sidi Yahya des Zaers", "designation": "E14", "definition": "Ecole VNT", "surface_min": null, "largeur_min": null, "hauteur_max": null, "cos": null, "cus": null, "type_construction": "Enseignement", "Surface": 4199, "layer": "E_eq", "path": "C:\\Users\\hp\\Downloads\\E_eq.geojson" }, "geometry": { "type": "Point", "coordinates": [ -6.925076926176461, 33.820418506129116 ] } },
{ "type": "Feature", "properties": { "ville": "Sidi Yahya des Zaers", "designation": "E13", "definition": "Ecole VNT", "surface_min": null, "largeur_min": null, "hauteur_max": null, "cos": null, "cus": null, "type_construction": "Enseignement", "Surface": 6334, "layer": "E_eq", "path": "C:\\Users\\hp\\Downloads\\E_eq.geojson" }, "geometry": { "type": "Point", "coordinates": [ -6.931491092952124, 33.821373206833883 ] } },
{ "type": "Feature", "properties": { "ville": "Sidi Yahya des Zaers", "designation": "E15", "definition": "Ecole VNT", "surface_min": null, "largeur_min": null, "hauteur_max": null, "cos": null, "cus": null, "type_construction": "Enseignement", "Surface": 4747, "layer": "E_eq", "path": "C:\\Users\\hp\\Downloads\\E_eq.geojson" }, "geometry": { "type": "Point", "coordinates": [ -6.927434422744599, 33.822220446974441 ] } },
{ "type": "Feature", "properties": { "ville": "Sidi Yahya des Zaers", "designation": "E37", "definition": "Lycée VNT", "surface_min": null, "largeur_min": null, "hauteur_max": null, "cos": null, "cus": null, "type_construction": "Enseignement", "Surface": 9659, "layer": "E_eq", "path": "C:\\Users\\hp\\Downloads\\E_eq.geojson" }, "geometry": { "type": "Point", "coordinates": [ -6.94489930979813, 33.822902538070977 ] } },
{ "type": "Feature", "properties": { "ville": "Sidi Yahya des Zaers", "designation": "E11", "definition": "Ecole VNT", "surface_min": null, "largeur_min": null, "hauteur_max": null, "cos": null, "cus": null, "type_construction": "Enseignement", "Surface": 4653, "layer": "E_eq", "path": "C:\\Users\\hp\\Downloads\\E_eq.geojson" }, "geometry": { "type": "Point", "coordinates": [ -6.941518318406493, 33.823608429973881 ] } },
{ "type": "Feature", "properties": { "ville": "Sidi Yahya des Zaers", "designation": "E26", "definition": "Collège VNT", "surface_min": null, "largeur_min": null, "hauteur_max": null, "cos": null, "cus": null, "type_construction": "Enseignement", "Surface": 7646, "layer": "E_eq", "path": "C:\\Users\\hp\\Downloads\\E_eq.geojson" }, "geometry": { "type": "Point", "coordinates": [ -6.934585767075098, 33.824894943726228 ] } },
{ "type": "Feature", "properties": { "ville": "Sidi Yahya des Zaers", "designation": "E33", "definition": "Collège", "surface_min": null, "largeur_min": null, "hauteur_max": null, "cos": null, "cus": null, "type_construction": "Enseignement", "Surface": 8503, "layer": "E_eq", "path": "C:\\Users\\hp\\Downloads\\E_eq.geojson" }, "geometry": { "type": "Point", "coordinates": [ -6.901469050906512, 33.82551324299645 ] } },
{ "type": "Feature", "properties": { "ville": "Sidi Yahya des Zaers", "designation": "E23", "definition": "Collège VNT", "surface_min": null, "largeur_min": null, "hauteur_max": null, "cos": null, "cus": null, "type_construction": "Enseignement", "Surface": 9187, "layer": "E_eq", "path": "C:\\Users\\hp\\Downloads\\E_eq.geojson" }, "geometry": { "type": "Point", "coordinates": [ -6.918009019790606, 33.82545907524127 ] } },
{ "type": "Feature", "properties": { "ville": "Sidi Yahya des Zaers", "designation": "E10", "definition": "Ecole VNT", "surface_min": null, "largeur_min": null, "hauteur_max": null, "cos": null, "cus": null, "type_construction": "Enseignement", "Surface": 3862, "layer": "E_eq", "path": "C:\\Users\\hp\\Downloads\\E_eq.geojson" }, "geometry": { "type": "Point", "coordinates": [ -6.93473514081812, 33.825497897457304 ] } },
{ "type": "Feature", "properties": { "ville": "Sidi Yahya des Zaers", "designation": "E35", "definition": "Lycée VNT", "surface_min": null, "largeur_min": null, "hauteur_max": null, "cos": null, "cus": null, "type_construction": "Enseignement", "Surface": 10377, "layer": "E_eq", "path": "C:\\Users\\hp\\Downloads\\E_eq.geojson" }, "geometry": { "type": "Point", "coordinates": [ -6.915071621628831, 33.825839724091693 ] } },
{ "type": "Feature", "properties": { "ville": "Sidi Yahya des Zaers", "designation": "E22", "definition": "Collège VNT", "surface_min": null, "largeur_min": null, "hauteur_max": null, "cos": null, "cus": null, "type_construction": "Enseignement", "Surface": 8648, "layer": "E_eq", "path": "C:\\Users\\hp\\Downloads\\E_eq.geojson" }, "geometry": { "type": "Point", "coordinates": [ -6.946614837162767, 33.825718226366433 ] } },
{ "type": "Feature", "properties": { "ville": "Sidi Yahya des Zaers", "designation": "E34", "definition": "Collège", "surface_min": null, "largeur_min": null, "hauteur_max": null, "cos": null, "cus": null, "type_construction": "Enseignement", "Surface": 4087, "layer": "E_eq", "path": "C:\\Users\\hp\\Downloads\\E_eq.geojson" }, "geometry": { "type": "Point", "coordinates": [ -6.945800281187521, 33.82629624322108 ] } },
{ "type": "Feature", "properties": { "ville": "Sidi Yahya des Zaers", "designation": "E32", "definition": "Collège", "surface_min": null, "largeur_min": null, "hauteur_max": null, "cos": null, "cus": null, "type_construction": "Enseignement", "Surface": 7706, "layer": "E_eq", "path": "C:\\Users\\hp\\Downloads\\E_eq.geojson" }, "geometry": { "type": "Point", "coordinates": [ -6.897563539490196, 33.826745807634566 ] } },
{ "type": "Feature", "properties": { "ville": "Sidi Yahya des Zaers", "designation": "E9", "definition": "Ecole VNT", "surface_min": null, "largeur_min": null, "hauteur_max": null, "cos": null, "cus": null, "type_construction": "Enseignement", "Surface": 4724, "layer": "E_eq", "path": "C:\\Users\\hp\\Downloads\\E_eq.geojson" }, "geometry": { "type": "Point", "coordinates": [ -6.932531604165975, 33.827190794347395 ] } },
{ "type": "Feature", "properties": { "ville": "Sidi Yahya des Zaers", "designation": "E40", "definition": "Ecole VNT", "surface_min": null, "largeur_min": null, "hauteur_max": null, "cos": null, "cus": null, "type_construction": "Enseignement", "Surface": 9363, "layer": "E_eq", "path": "C:\\Users\\hp\\Downloads\\E_eq.geojson" }, "geometry": { "type": "Point", "coordinates": [ -6.941027103475738, 33.827690654493047 ] } },
{ "type": "Feature", "properties": { "ville": "Sidi Yahya des Zaers", "designation": "E19", "definition": "Ecole", "surface_min": null, "largeur_min": null, "hauteur_max": null, "cos": null, "cus": null, "type_construction": "Enseignement", "Surface": 2492, "layer": "E_eq", "path": "C:\\Users\\hp\\Downloads\\E_eq.geojson" }, "geometry": { "type": "Point", "coordinates": [ -6.905169911893302, 33.828973097504978 ] } },
{ "type": "Feature", "properties": { "ville": "Sidi Yahya des Zaers", "designation": "E17", "definition": "Ecole VNT", "surface_min": null, "largeur_min": null, "hauteur_max": null, "cos": null, "cus": null, "type_construction": "Enseignement", "Surface": 4821, "layer": "E_eq", "path": "C:\\Users\\hp\\Downloads\\E_eq.geojson" }, "geometry": { "type": "Point", "coordinates": [ -6.920076884243386, 33.828663945025326 ] } },
{ "type": "Feature", "properties": { "ville": "Sidi Yahya des Zaers", "designation": "E21", "definition": "Ecole Idriss 1er", "surface_min": null, "largeur_min": null, "hauteur_max": null, "cos": null, "cus": null, "type_construction": "Enseignement", "Surface": 6012, "layer": "E_eq", "path": "C:\\Users\\hp\\Downloads\\E_eq.geojson" }, "geometry": { "type": "Point", "coordinates": [ -6.905065327327547, 33.829484585359666 ] } },
{ "type": "Feature", "properties": { "ville": "Sidi Yahya des Zaers", "designation": "E1", "definition": "Ecole VNT", "surface_min": null, "largeur_min": null, "hauteur_max": null, "cos": null, "cus": null, "type_construction": "Enseignement", "Surface": 5115, "layer": "E_eq", "path": "C:\\Users\\hp\\Downloads\\E_eq.geojson" }, "geometry": { "type": "Point", "coordinates": [ -6.911452776754924, 33.829699888173856 ] } },
{ "type": "Feature", "properties": { "ville": "Sidi Yahya des Zaers", "designation": "E18", "definition": "Ecole Sidi Yahia", "surface_min": null, "largeur_min": null, "hauteur_max": null, "cos": null, "cus": null, "type_construction": "Enseignement", "Surface": 3736, "layer": "E_eq", "path": "C:\\Users\\hp\\Downloads\\E_eq.geojson" }, "geometry": { "type": "Point", "coordinates": [ -6.906771741317199, 33.829842125878542 ] } },
{ "type": "Feature", "properties": { "ville": "Sidi Yahya des Zaers", "designation": "E8", "definition": "Ecole VNT", "surface_min": null, "largeur_min": null, "hauteur_max": null, "cos": null, "cus": null, "type_construction": "Enseignement", "Surface": 6005, "layer": "E_eq", "path": "C:\\Users\\hp\\Downloads\\E_eq.geojson" }, "geometry": { "type": "Point", "coordinates": [ -6.933297038912401, 33.830044841079982 ] } },
{ "type": "Feature", "properties": { "ville": "Sidi Yahya des Zaers", "designation": "E2", "definition": "Ecole VNT", "surface_min": null, "largeur_min": null, "hauteur_max": null, "cos": null, "cus": null, "type_construction": "Enseignement", "Surface": 4014, "layer": "E_eq", "path": "C:\\Users\\hp\\Downloads\\E_eq.geojson" }, "geometry": { "type": "Point", "coordinates": [ -6.915931871785066, 33.830662079710635 ] } },
{ "type": "Feature", "properties": { "ville": "Sidi Yahya des Zaers", "designation": "E24", "definition": "Collège VNT", "surface_min": null, "largeur_min": null, "hauteur_max": null, "cos": null, "cus": null, "type_construction": "Enseignement", "Surface": 9211, "layer": "E_eq", "path": "C:\\Users\\hp\\Downloads\\E_eq.geojson" }, "geometry": { "type": "Point", "coordinates": [ -6.930511539450563, 33.830316867819185 ] } },
{ "type": "Feature", "properties": { "ville": "Sidi Yahya des Zaers", "designation": "E7", "definition": "Ecole VNT", "surface_min": null, "largeur_min": null, "hauteur_max": null, "cos": null, "cus": null, "type_construction": "Enseignement", "Surface": 4434, "layer": "E_eq", "path": "C:\\Users\\hp\\Downloads\\E_eq.geojson" }, "geometry": { "type": "Point", "coordinates": [ -6.929949940386995, 33.830720563773419 ] } },
{ "type": "Feature", "properties": { "ville": "Sidi Yahya des Zaers", "designation": "E25", "definition": "Collège VNT", "surface_min": null, "largeur_min": null, "hauteur_max": null, "cos": null, "cus": null, "type_construction": "Enseignement", "Surface": 9503, "layer": "E_eq", "path": "C:\\Users\\hp\\Downloads\\E_eq.geojson" }, "geometry": { "type": "Point", "coordinates": [ -6.932588581009374, 33.830550060316583 ] } },
{ "type": "Feature", "properties": { "ville": "Sidi Yahya des Zaers", "designation": "E36", "definition": "Lycée VNT", "surface_min": null, "largeur_min": null, "hauteur_max": null, "cos": null, "cus": null, "type_construction": "Enseignement", "Surface": 9038, "layer": "E_eq", "path": "C:\\Users\\hp\\Downloads\\E_eq.geojson" }, "geometry": { "type": "Point", "coordinates": [ -6.934086776280778, 33.830817494354676 ] } },
{ "type": "Feature", "properties": { "ville": "Sidi Yahya des Zaers", "designation": "E43", "definition": "Centre de Formation", "surface_min": null, "largeur_min": null, "hauteur_max": null, "cos": null, "cus": null, "type_construction": "Enseignement", "Surface": 14318, "layer": "E_eq", "path": "C:\\Users\\hp\\Downloads\\E_eq.geojson" }, "geometry": { "type": "Point", "coordinates": [ -6.933377692618125, 33.831322513333561 ] } },
{ "type": "Feature", "properties": { "ville": "Sidi Yahya des Zaers", "designation": "E30", "definition": "Collège VNT", "surface_min": null, "largeur_min": null, "hauteur_max": null, "cos": null, "cus": null, "type_construction": "Enseignement", "Surface": 10594, "layer": "E_eq", "path": "C:\\Users\\hp\\Downloads\\E_eq.geojson" }, "geometry": { "type": "Point", "coordinates": [ -6.918517751329749, 33.831700257066295 ] } },
{ "type": "Feature", "properties": { "ville": "Sidi Yahya des Zaers", "designation": "E41", "definition": "Ecole VNT", "surface_min": null, "largeur_min": null, "hauteur_max": null, "cos": null, "cus": null, "type_construction": "Enseignement", "Surface": 8246, "layer": "E_eq", "path": "C:\\Users\\hp\\Downloads\\E_eq.geojson" }, "geometry": { "type": "Point", "coordinates": [ -6.943352683038399, 33.831567473516429 ] } },
{ "type": "Feature", "properties": { "ville": "Sidi Yahya des Zaers", "designation": "E20", "definition": "Collège Sallah Eddine", "surface_min": null, "largeur_min": null, "hauteur_max": null, "cos": null, "cus": null, "type_construction": "Enseignement", "Surface": 4657, "layer": "E_eq", "path": "C:\\Users\\hp\\Downloads\\E_eq.geojson" }, "geometry": { "type": "Point", "coordinates": [ -6.90268189665702, 33.83294709002238 ] } },
{ "type": "Feature", "properties": { "ville": "Sidi Yahya des Zaers", "designation": "E54", "definition": "Lycée VNT", "surface_min": null, "largeur_min": null, "hauteur_max": null, "cos": null, "cus": null, "type_construction": "Enseignement", "Surface": 9810, "layer": "E_eq", "path": "C:\\Users\\hp\\Downloads\\E_eq.geojson" }, "geometry": { "type": "Point", "coordinates": [ -6.942365767489629, 33.832588772713876 ] } },
{ "type": "Feature", "properties": { "ville": "Sidi Yahya des Zaers", "designation": "E6", "definition": "Ecole VNT", "surface_min": null, "largeur_min": null, "hauteur_max": null, "cos": null, "cus": null, "type_construction": "Enseignement", "Surface": 4851, "layer": "E_eq", "path": "C:\\Users\\hp\\Downloads\\E_eq.geojson" }, "geometry": { "type": "Point", "coordinates": [ -6.924591683195723, 33.833079547790909 ] } },
{ "type": "Feature", "properties": { "ville": "Sidi Yahya des Zaers", "designation": "E53", "definition": "Ecole VNT", "surface_min": null, "largeur_min": null, "hauteur_max": null, "cos": null, "cus": null, "type_construction": "Enseignement", "Surface": 4463, "layer": "E_eq", "path": "C:\\Users\\hp\\Downloads\\E_eq.geojson" }, "geometry": { "type": "Point", "coordinates": [ -6.93784160778561, 33.833487307891325 ] } },
{ "type": "Feature", "properties": { "ville": "Sidi Yahya des Zaers", "designation": "E52", "definition": "Ecole VNT", "surface_min": null, "largeur_min": null, "hauteur_max": null, "cos": null, "cus": null, "type_construction": "Enseignement", "Surface": 7028, "layer": "E_eq", "path": "C:\\Users\\hp\\Downloads\\E_eq.geojson" }, "geometry": { "type": "Point", "coordinates": [ -6.936370839732594, 33.836406253284451 ] } },
{ "type": "Feature", "properties": { "ville": "Sidi Yahya des Zaers", "designation": "E4", "definition": "Ecole VNT", "surface_min": null, "largeur_min": null, "hauteur_max": null, "cos": null, "cus": null, "type_construction": "Enseignement", "Surface": 5225, "layer": "E_eq", "path": "C:\\Users\\hp\\Downloads\\E_eq.geojson" }, "geometry": { "type": "Point", "coordinates": [ -6.923967581812875, 33.837072381210099 ] } },
{ "type": "Feature", "properties": { "ville": "Sidi Yahya des Zaers", "designation": "E51", "definition": "Collège", "surface_min": null, "largeur_min": null, "hauteur_max": null, "cos": null, "cus": null, "type_construction": "Enseignement", "Surface": 9007, "layer": "E_eq", "path": "C:\\Users\\hp\\Downloads\\E_eq.geojson" }, "geometry": { "type": "Point", "coordinates": [ -6.935122044659851, 33.837207319399134 ] } },
{ "type": "Feature", "properties": { "ville": "Sidi Yahya des Zaers", "designation": "E3", "definition": "Ecole VNT", "surface_min": null, "largeur_min": null, "hauteur_max": null, "cos": null, "cus": null, "type_construction": "Enseignement", "Surface": 4483, "layer": "E_eq", "path": "C:\\Users\\hp\\Downloads\\E_eq.geojson" }, "geometry": { "type": "Point", "coordinates": [ -6.917708454276509, 33.839215667577918 ] } },
{ "type": "Feature", "properties": { "ville": "Sidi Yahya des Zaers", "designation": "E55", "definition": "Collège", "surface_min": null, "largeur_min": null, "hauteur_max": null, "cos": null, "cus": null, "type_construction": "Enseignement", "Surface": 10537, "layer": "E_eq", "path": "C:\\Users\\hp\\Downloads\\E_eq.geojson" }, "geometry": { "type": "Point", "coordinates": [ -6.925645312598437, 33.839728162227246 ] } },
{ "type": "Feature", "properties": { "ville": "Sidi Yahya des Zaers", "designation": "E44", "definition": "Campus Universitaire", "surface_min": null, "largeur_min": null, "hauteur_max": null, "cos": null, "cus": null, "type_construction": "Enseignement", "Surface": 107112, "layer": "E_eq", "path": "C:\\Users\\hp\\Downloads\\E_eq.geojson" }, "geometry": { "type": "Point", "coordinates": [ -6.928945626512687, 33.839899606432397 ] } },
{ "type": "Feature", "properties": { "ville": "Sidi Yahya des Zaers", "designation": "E42", "definition": "Centre de Formation", "surface_min": null, "largeur_min": null, "hauteur_max": null, "cos": null, "cus": null, "type_construction": "Enseignement", "Surface": 15992, "layer": "E_eq", "path": "C:\\Users\\hp\\Downloads\\E_eq.geojson" }, "geometry": { "type": "Point", "coordinates": [ -6.917261397059447, 33.843525597601868 ] } },
{ "type": "Feature", "properties": { "ville": "Mers El Kheir", "designation": "E10", "definition": "Collège", "surface_min": null, "largeur_min": null, "hauteur_max": null, "cos": null, "cus": null, "type_construction": "Equipement d'enseignement", "Surface": 8049, "layer": "E_eq", "path": "C:\\Users\\hp\\Downloads\\E_eq.geojson" }, "geometry": { "type": "Point", "coordinates": [ -6.921050750645523, 33.860881132644231 ] } },
{ "type": "Feature", "properties": { "ville": "Mers El Kheir", "designation": "E05", "definition": "Ecole primaire", "surface_min": null, "largeur_min": null, "hauteur_max": null, "cos": null, "cus": null, "type_construction": "Equipement d'enseignement", "Surface": 3750, "layer": "E_eq", "path": "C:\\Users\\hp\\Downloads\\E_eq.geojson" }, "geometry": { "type": "Point", "coordinates": [ -6.933451776569513, 33.859899785555839 ] } },
{ "type": "Feature", "properties": { "ville": "Mers El Kheir", "designation": "E03", "definition": "Ecole primaire", "surface_min": null, "largeur_min": null, "hauteur_max": null, "cos": null, "cus": null, "type_construction": "Equipement d'enseignement", "Surface": 11762, "layer": "E_eq", "path": "C:\\Users\\hp\\Downloads\\E_eq.geojson" }, "geometry": { "type": "Point", "coordinates": [ -6.921616308179152, 33.867703484474873 ] } },
{ "type": "Feature", "properties": { "ville": "Mers El Kheir", "designation": "E07", "definition": "Collège", "surface_min": null, "largeur_min": null, "hauteur_max": null, "cos": null, "cus": null, "type_construction": "Equipement d'enseignement", "Surface": 17887, "layer": "E_eq", "path": "C:\\Users\\hp\\Downloads\\E_eq.geojson" }, "geometry": { "type": "Point", "coordinates": [ -6.922421793342014, 33.867009081447058 ] } },
{ "type": "Feature", "properties": { "ville": "Mers El Kheir", "designation": "E06", "definition": "Ecole primaire", "surface_min": null, "largeur_min": null, "hauteur_max": null, "cos": null, "cus": null, "type_construction": "Equipement d'enseignement", "Surface": 16995, "layer": "E_eq", "path": "C:\\Users\\hp\\Downloads\\E_eq.geojson" }, "geometry": { "type": "Point", "coordinates": [ -6.923401052390814, 33.866203275147427 ] } },
{ "type": "Feature", "properties": { "ville": "Mers El Kheir", "designation": "E04", "definition": "Ecole primaire", "surface_min": null, "largeur_min": null, "hauteur_max": null, "cos": null, "cus": null, "type_construction": "Equipement d'enseignement", "Surface": 4001, "layer": "E_eq", "path": "C:\\Users\\hp\\Downloads\\E_eq.geojson" }, "geometry": { "type": "Point", "coordinates": [ -6.931236783864004, 33.861993330228195 ] } },
{ "type": "Feature", "properties": { "ville": "Mers El Kheir", "designation": "E02", "definition": "Centre d’accueil et zone d’extension de l’école agricole", "surface_min": null, "largeur_min": null, "hauteur_max": null, "cos": null, "cus": null, "type_construction": "Equipement d'enseignement", "Surface": 18007, "layer": "E_eq", "path": "C:\\Users\\hp\\Downloads\\E_eq.geojson" }, "geometry": { "type": "Point", "coordinates": [ -6.920683396166293, 33.868470982530688 ] } },
{ "type": "Feature", "properties": { "ville": "Mers El Kheir", "designation": "E01", "definition": "Ecole Agricole", "surface_min": null, "largeur_min": null, "hauteur_max": null, "cos": null, "cus": null, "type_construction": "Equipement d'enseignement", "Surface": 20614, "layer": "E_eq", "path": "C:\\Users\\hp\\Downloads\\E_eq.geojson" }, "geometry": { "type": "Point", "coordinates": [ -6.919633710219867, 33.869347416042757 ] } },
{ "type": "Feature", "properties": { "ville": "Mers El Kheir", "designation": "E12", "definition": "Ecole primaire", "surface_min": null, "largeur_min": null, "hauteur_max": null, "cos": null, "cus": null, "type_construction": "Equipement d'enseignement", "Surface": 4059, "layer": "E_eq", "path": "C:\\Users\\hp\\Downloads\\E_eq.geojson" }, "geometry": { "type": "Point", "coordinates": [ -6.925388933363978, 33.856275864462141 ] } },
{ "type": "Feature", "properties": { "ville": "Mers El Kheir", "designation": "E08", "definition": "Ecole primaire", "surface_min": null, "largeur_min": null, "hauteur_max": null, "cos": null, "cus": null, "type_construction": "Equipement d'enseignement", "Surface": 4648, "layer": "E_eq", "path": "C:\\Users\\hp\\Downloads\\E_eq.geojson" }, "geometry": { "type": "Point", "coordinates": [ -6.920691535519558, 33.8601891150551 ] } },
{ "type": "Feature", "properties": { "ville": "Mers El Kheir", "designation": "E20", "definition": "Lycée", "surface_min": null, "largeur_min": null, "hauteur_max": null, "cos": null, "cus": null, "type_construction": "Equipement d'enseignement", "Surface": 10392, "layer": "E_eq", "path": "C:\\Users\\hp\\Downloads\\E_eq.geojson" }, "geometry": { "type": "Point", "coordinates": [ -6.93391282980778, 33.865765910375913 ] } },
{ "type": "Feature", "properties": { "ville": "Mers El Kheir", "designation": "E13", "definition": "Lycée", "surface_min": null, "largeur_min": null, "hauteur_max": null, "cos": null, "cus": null, "type_construction": "Equipement d'enseignement", "Surface": 9643, "layer": "E_eq", "path": "C:\\Users\\hp\\Downloads\\E_eq.geojson" }, "geometry": { "type": "Point", "coordinates": [ -6.920336307307529, 33.857802055613554 ] } },
{ "type": "Feature", "properties": { "ville": "Mers El Kheir", "designation": "E09", "definition": "Ecole primaire", "surface_min": null, "largeur_min": null, "hauteur_max": null, "cos": null, "cus": null, "type_construction": "Equipement d'enseignement", "Surface": 4039, "layer": "E_eq", "path": "C:\\Users\\hp\\Downloads\\E_eq.geojson" }, "geometry": { "type": "Point", "coordinates": [ -6.936373564311132, 33.863649000892863 ] } },
{ "type": "Feature", "properties": { "ville": "Mers El Kheir", "designation": "E22", "definition": "Ecole primaire", "surface_min": null, "largeur_min": null, "hauteur_max": null, "cos": null, "cus": null, "type_construction": "Equipement d'enseignement", "Surface": 4195, "layer": "E_eq", "path": "C:\\Users\\hp\\Downloads\\E_eq.geojson" }, "geometry": { "type": "Point", "coordinates": [ -6.912966231234005, 33.871780183061581 ] } },
{ "type": "Feature", "properties": { "ville": "Mers El Kheir", "designation": "E21", "definition": "Ecole primaire", "surface_min": null, "largeur_min": null, "hauteur_max": null, "cos": null, "cus": null, "type_construction": "Equipement d'enseignement", "Surface": 4030, "layer": "E_eq", "path": "C:\\Users\\hp\\Downloads\\E_eq.geojson" }, "geometry": { "type": "Point", "coordinates": [ -6.916248655314347, 33.871400893699395 ] } },
{ "type": "Feature", "properties": { "ville": "Mers El Kheir", "designation": "E14", "definition": "Collège", "surface_min": null, "largeur_min": null, "hauteur_max": null, "cos": null, "cus": null, "type_construction": "Equipement d'enseignement", "Surface": 8175, "layer": "E_eq", "path": "C:\\Users\\hp\\Downloads\\E_eq.geojson" }, "geometry": { "type": "Point", "coordinates": [ -6.935238759866327, 33.864418647126023 ] } },
{ "type": "Feature", "properties": { "ville": "Mers El Kheir", "designation": "E17", "definition": "Ecole primaire", "surface_min": null, "largeur_min": null, "hauteur_max": null, "cos": null, "cus": null, "type_construction": "Equipement d'enseignement", "Surface": 4032, "layer": "E_eq", "path": "C:\\Users\\hp\\Downloads\\E_eq.geojson" }, "geometry": { "type": "Point", "coordinates": [ -6.903298853297839, 33.893827867728056 ] } },
{ "type": "Feature", "properties": { "ville": "Mers El Kheir", "designation": "E18", "definition": "Ecole primaire", "surface_min": null, "largeur_min": null, "hauteur_max": null, "cos": null, "cus": null, "type_construction": "Equipement d'enseignement", "Surface": 4057, "layer": "E_eq", "path": "C:\\Users\\hp\\Downloads\\E_eq.geojson" }, "geometry": { "type": "Point", "coordinates": [ -6.91621859439064, 33.874042474826531 ] } },
{ "type": "Feature", "properties": { "ville": "Mers El Kheir", "designation": "E15", "definition": "Ecole primaire", "surface_min": null, "largeur_min": null, "hauteur_max": null, "cos": null, "cus": null, "type_construction": "Equipement d'enseignement", "Surface": 4127, "layer": "E_eq", "path": "C:\\Users\\hp\\Downloads\\E_eq.geojson" }, "geometry": { "type": "Point", "coordinates": [ -6.929315598687578, 33.866221271706102 ] } },
{ "type": "Feature", "properties": { "ville": "Mers El Kheir", "designation": "E16", "definition": "Ecole primaire", "surface_min": null, "largeur_min": null, "hauteur_max": null, "cos": null, "cus": null, "type_construction": "Equipement d'enseignement", "Surface": 5205, "layer": "E_eq", "path": "C:\\Users\\hp\\Downloads\\E_eq.geojson" }, "geometry": { "type": "Point", "coordinates": [ -6.917257186018825, 33.876585264251439 ] } },
{ "type": "Feature", "properties": { "ville": "Mers El Kheir", "designation": "E19", "definition": "ISTA", "surface_min": null, "largeur_min": null, "hauteur_max": null, "cos": null, "cus": null, "type_construction": "Equipement d'enseignement", "Surface": 12047, "layer": "E_eq", "path": "C:\\Users\\hp\\Downloads\\E_eq.geojson" }, "geometry": { "type": "Point", "coordinates": [ -6.92313048219301, 33.875274187014348 ] } },
{ "type": "Feature", "properties": { "ville": "Mers El Kheir", "designation": "E23", "definition": "C.Q.P", "surface_min": null, "largeur_min": null, "hauteur_max": null, "cos": null, "cus": null, "type_construction": "Equipement d'enseignement", "Surface": 10309, "layer": "E_eq", "path": "C:\\Users\\hp\\Downloads\\E_eq.geojson" }, "geometry": { "type": "Point", "coordinates": [ -6.907870623069483, 33.866163235187777 ] } },
{ "type": "Feature", "properties": { "ville": "AIN AOUDA", "designation": "E44", "definition": "Lyc�e", "surface_min": null, "largeur_min": null, "hauteur_max": null, "cos": null, "cus": null, "type_construction": "Enseignement", "Surface": 25640, "layer": "E_eq", "path": "C:\\Users\\hp\\Downloads\\E_eq.geojson" }, "geometry": { "type": "Point", "coordinates": [ -6.820817980425582, 33.80541842020228 ] } },
{ "type": "Feature", "properties": { "ville": "AIN AOUDA", "designation": "E1", "definition": "Lyc�e", "surface_min": null, "largeur_min": null, "hauteur_max": null, "cos": null, "cus": null, "type_construction": "Enseignement", "Surface": 20296, "layer": "E_eq", "path": "C:\\Users\\hp\\Downloads\\E_eq.geojson" }, "geometry": { "type": "Point", "coordinates": [ -6.819123404594461, 33.804561581719426 ] } },
{ "type": "Feature", "properties": { "ville": "AIN AOUDA", "designation": "E14", "definition": "Ecole", "surface_min": null, "largeur_min": null, "hauteur_max": null, "cos": null, "cus": null, "type_construction": "Enseignement", "Surface": 5234, "layer": "E_eq", "path": "C:\\Users\\hp\\Downloads\\E_eq.geojson" }, "geometry": { "type": "Point", "coordinates": [ -6.817100148485463, 33.801192884995174 ] } },
{ "type": "Feature", "properties": { "ville": "AIN AOUDA", "designation": "E18", "definition": "Coll�ge Batha", "surface_min": null, "largeur_min": null, "hauteur_max": null, "cos": null, "cus": null, "type_construction": "Enseignement", "Surface": 15257, "layer": "E_eq", "path": "C:\\Users\\hp\\Downloads\\E_eq.geojson" }, "geometry": { "type": "Point", "coordinates": [ -6.80897540229403, 33.798906502803291 ] } },
{ "type": "Feature", "properties": { "ville": "AIN AOUDA", "designation": "E16", "definition": "Ecole Annaser", "surface_min": null, "largeur_min": null, "hauteur_max": null, "cos": null, "cus": null, "type_construction": "Enseignement", "Surface": 5713, "layer": "E_eq", "path": "C:\\Users\\hp\\Downloads\\E_eq.geojson" }, "geometry": { "type": "Point", "coordinates": [ -6.806734355035508, 33.797013540639576 ] } },
{ "type": "Feature", "properties": { "ville": "AIN AOUDA", "designation": "E25", "definition": "Cr�che", "surface_min": null, "largeur_min": null, "hauteur_max": null, "cos": null, "cus": null, "type_construction": "Enseignement", "Surface": 303, "layer": "E_eq", "path": "C:\\Users\\hp\\Downloads\\E_eq.geojson" }, "geometry": { "type": "Point", "coordinates": [ -6.801860148835345, 33.798722480233202 ] } },
{ "type": "Feature", "properties": { "ville": "AIN AOUDA", "designation": "E13", "definition": "Lyc�e", "surface_min": null, "largeur_min": null, "hauteur_max": null, "cos": null, "cus": null, "type_construction": "Enseignement", "Surface": 11796, "layer": "E_eq", "path": "C:\\Users\\hp\\Downloads\\E_eq.geojson" }, "geometry": { "type": "Point", "coordinates": [ -6.7990921863993, 33.798911233351689 ] } },
{ "type": "Feature", "properties": { "ville": "AIN AOUDA", "designation": "E15", "definition": "Ecole", "surface_min": null, "largeur_min": null, "hauteur_max": null, "cos": null, "cus": null, "type_construction": "Enseignement", "Surface": 261, "layer": "E_eq", "path": "C:\\Users\\hp\\Downloads\\E_eq.geojson" }, "geometry": { "type": "Point", "coordinates": [ -6.800202959681041, 33.800389677304992 ] } },
{ "type": "Feature", "properties": { "ville": "AIN AOUDA", "designation": "E11", "definition": "Lyc�e", "surface_min": null, "largeur_min": null, "hauteur_max": null, "cos": null, "cus": null, "type_construction": "Enseignement", "Surface": 12352, "layer": "E_eq", "path": "C:\\Users\\hp\\Downloads\\E_eq.geojson" }, "geometry": { "type": "Point", "coordinates": [ -6.80879126187714, 33.802432828062791 ] } },
{ "type": "Feature", "properties": { "ville": "AIN AOUDA", "designation": "E9", "definition": "Ecole", "surface_min": null, "largeur_min": null, "hauteur_max": null, "cos": null, "cus": null, "type_construction": "Enseignement", "Surface": 4346, "layer": "E_eq", "path": "C:\\Users\\hp\\Downloads\\E_eq.geojson" }, "geometry": { "type": "Point", "coordinates": [ -6.806741078759052, 33.801561070368265 ] } },
{ "type": "Feature", "properties": { "ville": "AIN AOUDA", "designation": "E6", "definition": "Ecole Oued El Makhazine", "surface_min": null, "largeur_min": null, "hauteur_max": null, "cos": null, "cus": null, "type_construction": "Enseignement", "Surface": 6434, "layer": "E_eq", "path": "C:\\Users\\hp\\Downloads\\E_eq.geojson" }, "geometry": { "type": "Point", "coordinates": [ -6.801557570804337, 33.804207480236137 ] } },
{ "type": "Feature", "properties": { "ville": "AIN AOUDA", "designation": "E47", "definition": "Ecole Zoulikha Ennassiri", "surface_min": null, "largeur_min": null, "hauteur_max": null, "cos": null, "cus": null, "type_construction": "Enseignement", "Surface": 2124, "layer": "E_eq", "path": "C:\\Users\\hp\\Downloads\\E_eq.geojson" }, "geometry": { "type": "Point", "coordinates": [ -6.806463296866459, 33.806796056228428 ] } },
{ "type": "Feature", "properties": { "ville": "AIN AOUDA", "designation": "E12", "definition": "Ecole", "surface_min": null, "largeur_min": null, "hauteur_max": null, "cos": null, "cus": null, "type_construction": "Enseignement", "Surface": 4366, "layer": "E_eq", "path": "C:\\Users\\hp\\Downloads\\E_eq.geojson" }, "geometry": { "type": "Point", "coordinates": [ -6.804986717629599, 33.807460112977218 ] } },
{ "type": "Feature", "properties": { "ville": "AIN AOUDA", "designation": "E31", "definition": "Lyc�e", "surface_min": null, "largeur_min": null, "hauteur_max": null, "cos": null, "cus": null, "type_construction": "Enseignement", "Surface": 10874, "layer": "E_eq", "path": "C:\\Users\\hp\\Downloads\\E_eq.geojson" }, "geometry": { "type": "Point", "coordinates": [ -6.814675968920842, 33.809679235111957 ] } },
{ "type": "Feature", "properties": { "ville": "AIN AOUDA", "designation": "E30", "definition": "Ecole", "surface_min": null, "largeur_min": null, "hauteur_max": null, "cos": null, "cus": null, "type_construction": "Enseignement", "Surface": 5466, "layer": "E_eq", "path": "C:\\Users\\hp\\Downloads\\E_eq.geojson" }, "geometry": { "type": "Point", "coordinates": [ -6.803730685552746, 33.814324779887606 ] } },
{ "type": "Feature", "properties": { "ville": "AIN AOUDA", "designation": "E49", "definition": "Ecole", "surface_min": null, "largeur_min": null, "hauteur_max": null, "cos": null, "cus": null, "type_construction": "Enseignement", "Surface": 4700, "layer": "E_eq", "path": "C:\\Users\\hp\\Downloads\\E_eq.geojson" }, "geometry": { "type": "Point", "coordinates": [ -6.798583808292713, 33.810809761783197 ] } },
{ "type": "Feature", "properties": { "ville": "AIN AOUDA", "designation": "E2", "definition": "Ecole", "surface_min": null, "largeur_min": null, "hauteur_max": null, "cos": null, "cus": null, "type_construction": "Enseignement", "Surface": 1970, "layer": "E_eq", "path": "C:\\Users\\hp\\Downloads\\E_eq.geojson" }, "geometry": { "type": "Point", "coordinates": [ -6.796018980226791, 33.811090053470117 ] } },
{ "type": "Feature", "properties": { "ville": "AIN AOUDA", "designation": "E28", "definition": "Coll�ge MEHDI BEN ABBOUD", "surface_min": null, "largeur_min": null, "hauteur_max": null, "cos": null, "cus": null, "type_construction": "Enseignement", "Surface": 7773, "layer": "E_eq", "path": "C:\\Users\\hp\\Downloads\\E_eq.geojson" }, "geometry": { "type": "Point", "coordinates": [ -6.795721240077297, 33.80638857993727 ] } },
{ "type": "Feature", "properties": { "ville": "AIN AOUDA", "designation": "E19", "definition": "Ecole Anoual", "surface_min": null, "largeur_min": null, "hauteur_max": null, "cos": null, "cus": null, "type_construction": "Enseignement", "Surface": 13599, "layer": "E_eq", "path": "C:\\Users\\hp\\Downloads\\E_eq.geojson" }, "geometry": { "type": "Point", "coordinates": [ -6.793972943293146, 33.807011125450913 ] } },
{ "type": "Feature", "properties": { "ville": "AIN AOUDA", "designation": "E5", "definition": "ECOLE Abdellah Ben Yassine", "surface_min": null, "largeur_min": null, "hauteur_max": null, "cos": null, "cus": null, "type_construction": "Enseignement", "Surface": 10173, "layer": "E_eq", "path": "C:\\Users\\hp\\Downloads\\E_eq.geojson" }, "geometry": { "type": "Point", "coordinates": [ -6.792690478999733, 33.807262521724454 ] } },
{ "type": "Feature", "properties": { "ville": "AIN AOUDA", "designation": "E29", "definition": "ECOLE SAAD BEN ABI WAKKAS", "surface_min": null, "largeur_min": null, "hauteur_max": null, "cos": null, "cus": null, "type_construction": "Enseignement", "Surface": 6138, "layer": "E_eq", "path": "C:\\Users\\hp\\Downloads\\E_eq.geojson" }, "geometry": { "type": "Point", "coordinates": [ -6.79557684350534, 33.80553938410609 ] } },
{ "type": "Feature", "properties": { "ville": "AIN AOUDA", "designation": "E22", "definition": "Ecole", "surface_min": null, "largeur_min": null, "hauteur_max": null, "cos": null, "cus": null, "type_construction": "Enseignement", "Surface": 6103, "layer": "E_eq", "path": "C:\\Users\\hp\\Downloads\\E_eq.geojson" }, "geometry": { "type": "Point", "coordinates": [ -6.788105651645566, 33.807543594994449 ] } },
{ "type": "Feature", "properties": { "ville": "AIN AOUDA", "designation": "E3-E4", "definition": "Coll�ge Amine Aziz\r\nLyc�e Kadi Ayad\r\n", "surface_min": null, "largeur_min": null, "hauteur_max": null, "cos": null, "cus": null, "type_construction": "Enseignement", "Surface": 46457, "layer": "E_eq", "path": "C:\\Users\\hp\\Downloads\\E_eq.geojson" }, "geometry": { "type": "Point", "coordinates": [ -6.786958707326376, 33.808735903848849 ] } },
{ "type": "Feature", "properties": { "ville": "AIN AOUDA", "designation": "E21", "definition": "Coll�ge Ibn Yasser", "surface_min": null, "largeur_min": null, "hauteur_max": null, "cos": null, "cus": null, "type_construction": "Enseignement", "Surface": 11537, "layer": "E_eq", "path": "C:\\Users\\hp\\Downloads\\E_eq.geojson" }, "geometry": { "type": "Point", "coordinates": [ -6.783028560483789, 33.810265031412008 ] } },
{ "type": "Feature", "properties": { "ville": "AIN AOUDA", "designation": "E20", "definition": "Ecole Abdelkader Torres", "surface_min": null, "largeur_min": null, "hauteur_max": null, "cos": null, "cus": null, "type_construction": "Enseignement", "Surface": 6673, "layer": "E_eq", "path": "C:\\Users\\hp\\Downloads\\E_eq.geojson" }, "geometry": { "type": "Point", "coordinates": [ -6.785288623049153, 33.812381998415347 ] } },
{ "type": "Feature", "properties": { "ville": "AIN AOUDA", "designation": "E23", "definition": "Ecole", "surface_min": null, "largeur_min": null, "hauteur_max": null, "cos": null, "cus": null, "type_construction": "Enseignement", "Surface": 4089, "layer": "E_eq", "path": "C:\\Users\\hp\\Downloads\\E_eq.geojson" }, "geometry": { "type": "Point", "coordinates": [ -6.784926102987792, 33.804874446076361 ] } },
{ "type": "Feature", "properties": { "ville": "AIN AOUDA", "designation": "E45", "definition": "Lyc�e", "surface_min": null, "largeur_min": null, "hauteur_max": null, "cos": null, "cus": null, "type_construction": "Enseignement", "Surface": 12761, "layer": "E_eq", "path": "C:\\Users\\hp\\Downloads\\E_eq.geojson" }, "geometry": { "type": "Point", "coordinates": [ -6.780901882232351, 33.802306005422224 ] } },
{ "type": "Feature", "properties": { "ville": "AIN AOUDA", "designation": "E24", "definition": "Ecole Ain Al Hayat", "surface_min": null, "largeur_min": null, "hauteur_max": null, "cos": null, "cus": null, "type_construction": "Enseignement", "Surface": 5047, "layer": "E_eq", "path": "C:\\Users\\hp\\Downloads\\E_eq.geojson" }, "geometry": { "type": "Point", "coordinates": [ -6.788212457325071, 33.802517503012453 ] } },
{ "type": "Feature", "properties": { "ville": "AIN AOUDA", "designation": "E48", "definition": "Ecole", "surface_min": null, "largeur_min": null, "hauteur_max": null, "cos": null, "cus": null, "type_construction": "Enseignement", "Surface": 1398, "layer": "E_eq", "path": "C:\\Users\\hp\\Downloads\\E_eq.geojson" }, "geometry": { "type": "Point", "coordinates": [ -6.790345037068787, 33.802058400700624 ] } },
{ "type": "Feature", "properties": { "ville": "AIN AOUDA", "designation": "E27", "definition": "Ecole", "surface_min": null, "largeur_min": null, "hauteur_max": null, "cos": null, "cus": null, "type_construction": "Enseignement", "Surface": 5151, "layer": "E_eq", "path": "C:\\Users\\hp\\Downloads\\E_eq.geojson" }, "geometry": { "type": "Point", "coordinates": [ -6.787674300375591, 33.800656466609333 ] } },
{ "type": "Feature", "properties": { "ville": "AIN AOUDA", "designation": "E8", "definition": "Lyc�e Al Mansour Eddahbi", "surface_min": null, "largeur_min": null, "hauteur_max": null, "cos": null, "cus": null, "type_construction": "Enseignement", "Surface": 10726, "layer": "E_eq", "path": "C:\\Users\\hp\\Downloads\\E_eq.geojson" }, "geometry": { "type": "Point", "coordinates": [ -6.787143681624366, 33.799576902453154 ] } },
{ "type": "Feature", "properties": { "ville": "AIN AOUDA", "designation": "E17", "definition": "Lyc�e", "surface_min": null, "largeur_min": null, "hauteur_max": null, "cos": null, "cus": null, "type_construction": "Enseignement", "Surface": 12744, "layer": "E_eq", "path": "C:\\Users\\hp\\Downloads\\E_eq.geojson" }, "geometry": { "type": "Point", "coordinates": [ -6.790968185211095, 33.798820482042572 ] } },
{ "type": "Feature", "properties": { "ville": "AIN AOUDA", "designation": "E43", "definition": "C.Q.P", "surface_min": null, "largeur_min": null, "hauteur_max": null, "cos": null, "cus": null, "type_construction": "Enseignement", "Surface": 12103, "layer": "E_eq", "path": "C:\\Users\\hp\\Downloads\\E_eq.geojson" }, "geometry": { "type": "Point", "coordinates": [ -6.78591376364, 33.799813674857951 ] } },
{ "type": "Feature", "properties": { "ville": "AIN AOUDA", "designation": "E7", "definition": "Ecole Tadamone", "surface_min": null, "largeur_min": null, "hauteur_max": null, "cos": null, "cus": null, "type_construction": "Enseignement", "Surface": 5188, "layer": "E_eq", "path": "C:\\Users\\hp\\Downloads\\E_eq.geojson" }, "geometry": { "type": "Point", "coordinates": [ -6.795141582904668, 33.799682704758887 ] } },
{ "type": "Feature", "properties": { "ville": "AIN AOUDA", "designation": "E13", "definition": "Lyc�e", "surface_min": null, "largeur_min": null, "hauteur_max": null, "cos": null, "cus": null, "type_construction": "Enseignement", "Surface": 11796, "layer": "E_eq", "path": "C:\\Users\\hp\\Downloads\\E_eq.geojson" }, "geometry": { "type": "Point", "coordinates": [ -6.7990921863993, 33.798911233351689 ] } },
{ "type": "Feature", "properties": { "ville": "AIN AOUDA", "designation": "E41", "definition": "Coll�ge", "surface_min": null, "largeur_min": null, "hauteur_max": null, "cos": null, "cus": null, "type_construction": "Enseignement", "Surface": 9015, "layer": "E_eq", "path": "C:\\Users\\hp\\Downloads\\E_eq.geojson" }, "geometry": { "type": "Point", "coordinates": [ -6.79354601764582, 33.796295560965987 ] } },
{ "type": "Feature", "properties": { "ville": "AIN AOUDA", "designation": "E10", "definition": "Ecole", "surface_min": null, "largeur_min": null, "hauteur_max": null, "cos": null, "cus": null, "type_construction": "Enseignement", "Surface": 5335, "layer": "E_eq", "path": "C:\\Users\\hp\\Downloads\\E_eq.geojson" }, "geometry": { "type": "Point", "coordinates": [ -6.78314592948226, 33.794318034683059 ] } },
{ "type": "Feature", "properties": { "ville": "AIN AOUDA", "designation": "E42", "definition": "Ecole", "surface_min": null, "largeur_min": null, "hauteur_max": null, "cos": null, "cus": null, "type_construction": "Enseignement", "Surface": 8858, "layer": "E_eq", "path": "C:\\Users\\hp\\Downloads\\E_eq.geojson" }, "geometry": { "type": "Point", "coordinates": [ -6.777575882046483, 33.795392622568016 ] } },
{ "type": "Feature", "properties": { "ville": "AIN AOUDA", "designation": "E38", "definition": "Coll�ge", "surface_min": null, "largeur_min": null, "hauteur_max": null, "cos": null, "cus": null, "type_construction": "Enseignement", "Surface": 15027, "layer": "E_eq", "path": "C:\\Users\\hp\\Downloads\\E_eq.geojson" }, "geometry": { "type": "Point", "coordinates": [ -6.789326675703518, 33.789207738717458 ] } },
{ "type": "Feature", "properties": { "ville": "AIN AOUDA", "designation": "E40", "definition": "Ecole", "surface_min": null, "largeur_min": null, "hauteur_max": null, "cos": null, "cus": null, "type_construction": "Enseignement", "Surface": 3799, "layer": "E_eq", "path": "C:\\Users\\hp\\Downloads\\E_eq.geojson" }, "geometry": { "type": "Point", "coordinates": [ -6.794238878007556, 33.791537945431458 ] } },
{ "type": "Feature", "properties": { "ville": "AIN AOUDA", "designation": "E39", "definition": "Coll�ge", "surface_min": null, "largeur_min": null, "hauteur_max": null, "cos": null, "cus": null, "type_construction": "Enseignement", "Surface": 9157, "layer": "E_eq", "path": "C:\\Users\\hp\\Downloads\\E_eq.geojson" }, "geometry": { "type": "Point", "coordinates": [ -6.795143378728612, 33.791199575008555 ] } },
{ "type": "Feature", "properties": { "ville": "AIN AOUDA", "designation": "E32", "definition": "Ecole", "surface_min": null, "largeur_min": null, "hauteur_max": null, "cos": null, "cus": null, "type_construction": "Enseignement", "Surface": 6445, "layer": "E_eq", "path": "C:\\Users\\hp\\Downloads\\E_eq.geojson" }, "geometry": { "type": "Point", "coordinates": [ -6.807881193545803, 33.78911128075552 ] } },
{ "type": "Feature", "properties": { "ville": "AIN AOUDA", "designation": "E46", "definition": "Coll�ge", "surface_min": null, "largeur_min": null, "hauteur_max": null, "cos": null, "cus": null, "type_construction": "Enseignement", "Surface": 8145, "layer": "E_eq", "path": "C:\\Users\\hp\\Downloads\\E_eq.geojson" }, "geometry": { "type": "Point", "coordinates": [ -6.815096880197934, 33.789081380446319 ] } },
{ "type": "Feature", "properties": { "ville": "AIN AOUDA", "designation": "E33", "definition": "Lyc�e", "surface_min": null, "largeur_min": null, "hauteur_max": null, "cos": null, "cus": null, "type_construction": "Enseignement", "Surface": 14225, "layer": "E_eq", "path": "C:\\Users\\hp\\Downloads\\E_eq.geojson" }, "geometry": { "type": "Point", "coordinates": [ -6.814070588993039, 33.785555394661557 ] } },
{ "type": "Feature", "properties": { "ville": "AIN AOUDA", "designation": "E34", "definition": "Ecole", "surface_min": null, "largeur_min": null, "hauteur_max": null, "cos": null, "cus": null, "type_construction": "Enseignement", "Surface": 6296, "layer": "E_eq", "path": "C:\\Users\\hp\\Downloads\\E_eq.geojson" }, "geometry": { "type": "Point", "coordinates": [ -6.795468889572022, 33.783229132881786 ] } },
{ "type": "Feature", "properties": { "ville": "AIN AOUDA", "designation": "E37", "definition": "Ecole", "surface_min": null, "largeur_min": null, "hauteur_max": null, "cos": null, "cus": null, "type_construction": "Enseignement", "Surface": 4071, "layer": "E_eq", "path": "C:\\Users\\hp\\Downloads\\E_eq.geojson" }, "geometry": { "type": "Point", "coordinates": [ -6.791825637058249, 33.78668162781014 ] } },
{ "type": "Feature", "properties": { "ville": "AIN AOUDA", "designation": "E36", "definition": "Lyc�e", "surface_min": null, "largeur_min": null, "hauteur_max": null, "cos": null, "cus": null, "type_construction": "Enseignement", "Surface": 11048, "layer": "E_eq", "path": "C:\\Users\\hp\\Downloads\\E_eq.geojson" }, "geometry": { "type": "Point", "coordinates": [ -6.790595763124024, 33.785927425628834 ] } },
{ "type": "Feature", "properties": { "ville": "AIN AOUDA", "designation": "E35", "definition": "Ecole", "surface_min": null, "largeur_min": null, "hauteur_max": null, "cos": null, "cus": null, "type_construction": "Enseignement", "Surface": 4189, "layer": "E_eq", "path": "C:\\Users\\hp\\Downloads\\E_eq.geojson" }, "geometry": { "type": "Point", "coordinates": [ -6.790328804926921, 33.783680671566714 ] } },
{ "type": "Feature", "properties": { "ville": "AIN AOUDA", "designation": "E26", "definition": "C.Q.P", "surface_min": null, "largeur_min": null, "hauteur_max": null, "cos": null, "cus": null, "type_construction": "Enseignement", "Surface": 34128, "layer": "E_eq", "path": "C:\\Users\\hp\\Downloads\\E_eq.geojson" }, "geometry": { "type": "Point", "coordinates": [ -6.789711923092917, 33.823554131921398 ] } },
{ "type": "Feature", "properties": { "ville": "Oum Azza", "designation": "E2", "definition": "Collge", "surface_min": null, "largeur_min": null, "hauteur_max": null, "cos": null, "cus": null, "type_construction": "Enseignement", "Surface": 6660, "layer": "E_eq", "path": "C:\\Users\\hp\\Downloads\\E_eq.geojson" }, "geometry": { "type": "Point", "coordinates": [ -6.780072945153034, 33.827652584484028 ] } },
{ "type": "Feature", "properties": { "ville": "Oum Azza", "designation": "E3", "definition": "Ecole", "surface_min": null, "largeur_min": null, "hauteur_max": null, "cos": null, "cus": null, "type_construction": "Enseignement", "Surface": 3422, "layer": "E_eq", "path": "C:\\Users\\hp\\Downloads\\E_eq.geojson" }, "geometry": { "type": "Point", "coordinates": [ -6.780608570551006, 33.827931324520044 ] } },
{ "type": "Feature", "properties": { "ville": "Oum Azza", "designation": "E4", "definition": "Ecole", "surface_min": null, "largeur_min": null, "hauteur_max": null, "cos": null, "cus": null, "type_construction": "Enseignement", "Surface": 2628, "layer": "E_eq", "path": "C:\\Users\\hp\\Downloads\\E_eq.geojson" }, "geometry": { "type": "Point", "coordinates": [ -6.780665640700373, 33.827383261682378 ] } },
{ "type": "Feature", "properties": { "ville": "Oum Azza", "designation": "E1", "definition": "Lyce", "surface_min": null, "largeur_min": null, "hauteur_max": null, "cos": null, "cus": null, "type_construction": "Enseignement", "Surface": 8912, "layer": "E_eq", "path": "C:\\Users\\hp\\Downloads\\E_eq.geojson" }, "geometry": { "type": "Point", "coordinates": [ -6.781723674754885, 33.827772306722288 ] } },
{ "type": "Feature", "properties": { "ville": "Temara", "designation": "E45", "definition": "Lycée Bilal Ibn Rabah", "surface_min": null, "largeur_min": null, "hauteur_max": null, "cos": null, "cus": null, "type_construction": "Enseignement", "Surface": 11391, "layer": "E_eq", "path": "C:\\Users\\hp\\Downloads\\E_eq.geojson" }, "geometry": { "type": "Point", "coordinates": [ -6.904344547065222, 33.920557336030555 ] } },
{ "type": "Feature", "properties": { "ville": "Temara", "designation": "E87", "definition": "Ecole Driss Ben Zekri", "surface_min": null, "largeur_min": null, "hauteur_max": null, "cos": null, "cus": null, "type_construction": "Enseignement", "Surface": 3867, "layer": "E_eq", "path": "C:\\Users\\hp\\Downloads\\E_eq.geojson" }, "geometry": { "type": "Point", "coordinates": [ -6.930853174331778, 33.900031282731199 ] } },
{ "type": "Feature", "properties": { "ville": "Temara", "designation": "E77", "definition": "Ecole Zirara", "surface_min": null, "largeur_min": null, "hauteur_max": null, "cos": null, "cus": null, "type_construction": "Enseignement", "Surface": 4562, "layer": "E_eq", "path": "C:\\Users\\hp\\Downloads\\E_eq.geojson" }, "geometry": { "type": "Point", "coordinates": [ -6.891178193584407, 33.935704426664167 ] } },
{ "type": "Feature", "properties": { "ville": "Temara", "designation": "E20", "definition": "Lycée Maati Bouabid", "surface_min": null, "largeur_min": null, "hauteur_max": null, "cos": null, "cus": null, "type_construction": "Enseignement", "Surface": 11004, "layer": "E_eq", "path": "C:\\Users\\hp\\Downloads\\E_eq.geojson" }, "geometry": { "type": "Point", "coordinates": [ -6.890055337907806, 33.934802639346806 ] } },
{ "type": "Feature", "properties": { "ville": "Temara", "designation": "E67", "definition": "Lycée Ibn-battouta", "surface_min": null, "largeur_min": null, "hauteur_max": null, "cos": null, "cus": null, "type_construction": "Enseignement", "Surface": 15235, "layer": "E_eq", "path": "C:\\Users\\hp\\Downloads\\E_eq.geojson" }, "geometry": { "type": "Point", "coordinates": [ -6.889585578264762, 33.93521781375496 ] } },
{ "type": "Feature", "properties": { "ville": "Temara", "designation": "E66", "definition": "Lycée Abdellah Chefchaouni", "surface_min": null, "largeur_min": null, "hauteur_max": null, "cos": null, "cus": null, "type_construction": "Enseignement", "Surface": 20926, "layer": "E_eq", "path": "C:\\Users\\hp\\Downloads\\E_eq.geojson" }, "geometry": { "type": "Point", "coordinates": [ -6.940515122572853, 33.906156048937788 ] } },
{ "type": "Feature", "properties": { "ville": "Temara", "designation": "E75", "definition": "Ecole Jabir Ibn Hayan", "surface_min": null, "largeur_min": null, "hauteur_max": null, "cos": null, "cus": null, "type_construction": "Enseignement", "Surface": 3172, "layer": "E_eq", "path": "C:\\Users\\hp\\Downloads\\E_eq.geojson" }, "geometry": { "type": "Point", "coordinates": [ -6.918168321529405, 33.912501513973147 ] } },
{ "type": "Feature", "properties": { "ville": "Temara", "designation": "E08", "definition": "Ecole Ibn AL Haytam", "surface_min": null, "largeur_min": null, "hauteur_max": null, "cos": null, "cus": null, "type_construction": "Enseignement", "Surface": 4299, "layer": "E_eq", "path": "C:\\Users\\hp\\Downloads\\E_eq.geojson" }, "geometry": { "type": "Point", "coordinates": [ -6.90638705621908, 33.93520522191789 ] } },
{ "type": "Feature", "properties": { "ville": "Temara", "designation": "E69", "definition": "Lycée Saman EL Farissi", "surface_min": null, "largeur_min": null, "hauteur_max": null, "cos": null, "cus": null, "type_construction": "Enseignement", "Surface": 7665, "layer": "E_eq", "path": "C:\\Users\\hp\\Downloads\\E_eq.geojson" }, "geometry": { "type": "Point", "coordinates": [ -6.918088168625829, 33.914978087949969 ] } },
{ "type": "Feature", "properties": { "ville": "Temara", "designation": "E90", "definition": "Ecole Ibnou Toumart", "surface_min": null, "largeur_min": null, "hauteur_max": null, "cos": null, "cus": null, "type_construction": "Enseignement", "Surface": 5340, "layer": "E_eq", "path": "C:\\Users\\hp\\Downloads\\E_eq.geojson" }, "geometry": { "type": "Point", "coordinates": [ -6.927042312624119, 33.923396157420427 ] } },
{ "type": "Feature", "properties": { "ville": "Temara", "designation": "E71", "definition": "Collège Med Ben Zakour", "surface_min": null, "largeur_min": null, "hauteur_max": null, "cos": null, "cus": null, "type_construction": "Enseignement", "Surface": 7082, "layer": "E_eq", "path": "C:\\Users\\hp\\Downloads\\E_eq.geojson" }, "geometry": { "type": "Point", "coordinates": [ -6.915933301690939, 33.914415289006278 ] } },
{ "type": "Feature", "properties": { "ville": "Temara", "designation": "E104", "definition": "Lycée Ennassime", "surface_min": null, "largeur_min": null, "hauteur_max": null, "cos": null, "cus": null, "type_construction": "Enseignement", "Surface": 9433, "layer": "E_eq", "path": "C:\\Users\\hp\\Downloads\\E_eq.geojson" }, "geometry": { "type": "Point", "coordinates": [ -6.884163376864486, 33.921496312452341 ] } },
{ "type": "Feature", "properties": { "ville": "Temara", "designation": "E53", "definition": "Ecole MaatiAzmi", "surface_min": null, "largeur_min": null, "hauteur_max": null, "cos": null, "cus": null, "type_construction": "Enseignement", "Surface": 5182, "layer": "E_eq", "path": "C:\\Users\\hp\\Downloads\\E_eq.geojson" }, "geometry": { "type": "Point", "coordinates": [ -6.885373373533584, 33.919906398285278 ] } },
{ "type": "Feature", "properties": { "ville": "Temara", "designation": "E95", "definition": "Lycée Ibn Rochd", "surface_min": null, "largeur_min": null, "hauteur_max": null, "cos": null, "cus": null, "type_construction": "Enseignement", "Surface": 17535, "layer": "E_eq", "path": "C:\\Users\\hp\\Downloads\\E_eq.geojson" }, "geometry": { "type": "Point", "coordinates": [ -6.900729636657522, 33.925350372412233 ] } },
{ "type": "Feature", "properties": { "ville": "Temara", "designation": "E52", "definition": "Ecole Omar Ibn Khathab", "surface_min": null, "largeur_min": null, "hauteur_max": null, "cos": null, "cus": null, "type_construction": "Enseignement", "Surface": 4751, "layer": "E_eq", "path": "C:\\Users\\hp\\Downloads\\E_eq.geojson" }, "geometry": { "type": "Point", "coordinates": [ -6.889879159464036, 33.922920120224475 ] } },
{ "type": "Feature", "properties": { "ville": "Temara", "designation": "E97", "definition": "Lycée Abdellah Guennoun", "surface_min": null, "largeur_min": null, "hauteur_max": null, "cos": null, "cus": null, "type_construction": "Enseignement", "Surface": 4115, "layer": "E_eq", "path": "C:\\Users\\hp\\Downloads\\E_eq.geojson" }, "geometry": { "type": "Point", "coordinates": [ -6.914125559718958, 33.910604162703535 ] } },
{ "type": "Feature", "properties": { "ville": "Temara", "designation": "E80", "definition": "Lycée Ahmed Nejaii", "surface_min": null, "largeur_min": null, "hauteur_max": null, "cos": null, "cus": null, "type_construction": "Enseignement", "Surface": 15145, "layer": "E_eq", "path": "C:\\Users\\hp\\Downloads\\E_eq.geojson" }, "geometry": { "type": "Point", "coordinates": [ -6.923677841445113, 33.904752776952925 ] } },
{ "type": "Feature", "properties": { "ville": "Temara", "designation": "E101", "definition": "Ecole Ahmed hansali", "surface_min": null, "largeur_min": null, "hauteur_max": null, "cos": null, "cus": null, "type_construction": "Enseignement", "Surface": 5222, "layer": "E_eq", "path": "C:\\Users\\hp\\Downloads\\E_eq.geojson" }, "geometry": { "type": "Point", "coordinates": [ -6.892252625697393, 33.914877291158014 ] } },
{ "type": "Feature", "properties": { "ville": "Temara", "designation": "E79", "definition": "Ecole Al IttihabArabi", "surface_min": null, "largeur_min": null, "hauteur_max": null, "cos": null, "cus": null, "type_construction": "Enseignement", "Surface": 5037, "layer": "E_eq", "path": "C:\\Users\\hp\\Downloads\\E_eq.geojson" }, "geometry": { "type": "Point", "coordinates": [ -6.92413754197413, 33.905559365581802 ] } },
{ "type": "Feature", "properties": { "ville": "Temara", "designation": "E11", "definition": "Ecole Maghrib AL Arabi", "surface_min": null, "largeur_min": null, "hauteur_max": null, "cos": null, "cus": null, "type_construction": "Enseignement", "Surface": 7187, "layer": "E_eq", "path": "C:\\Users\\hp\\Downloads\\E_eq.geojson" }, "geometry": { "type": "Point", "coordinates": [ -6.894067849656736, 33.932381858041659 ] } },
{ "type": "Feature", "properties": { "ville": "Temara", "designation": "E37", "definition": "Centre de Formation dans les metiers de l’hotellerie et du Tourisme", "surface_min": null, "largeur_min": null, "hauteur_max": null, "cos": null, "cus": null, "type_construction": "Enseignement", "Surface": 6731, "layer": "E_eq", "path": "C:\\Users\\hp\\Downloads\\E_eq.geojson" }, "geometry": { "type": "Point", "coordinates": [ -6.891885707597369, 33.941587053309327 ] } },
{ "type": "Feature", "properties": { "ville": "Temara", "designation": "E16", "definition": "Ecole El Massira", "surface_min": null, "largeur_min": null, "hauteur_max": null, "cos": null, "cus": null, "type_construction": "Enseignement", "Surface": 4877, "layer": "E_eq", "path": "C:\\Users\\hp\\Downloads\\E_eq.geojson" }, "geometry": { "type": "Point", "coordinates": [ -6.897000989503307, 33.930067974647891 ] } },
{ "type": "Feature", "properties": { "ville": "Temara", "designation": "E43", "definition": "Collège Ibn Khaldoune", "surface_min": null, "largeur_min": null, "hauteur_max": null, "cos": null, "cus": null, "type_construction": "Enseignement", "Surface": 7376, "layer": "E_eq", "path": "C:\\Users\\hp\\Downloads\\E_eq.geojson" }, "geometry": { "type": "Point", "coordinates": [ -6.897685783807368, 33.924378456673928 ] } },
{ "type": "Feature", "properties": { "ville": "Temara", "designation": "E98", "definition": "Lycée Moulay Ali Sherif", "surface_min": null, "largeur_min": null, "hauteur_max": null, "cos": null, "cus": null, "type_construction": "Enseignement", "Surface": 7491, "layer": "E_eq", "path": "C:\\Users\\hp\\Downloads\\E_eq.geojson" }, "geometry": { "type": "Point", "coordinates": [ -6.893674858621993, 33.933527389161924 ] } },
{ "type": "Feature", "properties": { "ville": "Temara", "designation": "E73", "definition": "Ecole Abelmoumen", "surface_min": null, "largeur_min": null, "hauteur_max": null, "cos": null, "cus": null, "type_construction": "Enseignement", "Surface": 5785, "layer": "E_eq", "path": "C:\\Users\\hp\\Downloads\\E_eq.geojson" }, "geometry": { "type": "Point", "coordinates": [ -6.926963756938387, 33.913371449205115 ] } },
{ "type": "Feature", "properties": { "ville": "Temara", "designation": "E24", "definition": "Ecole Halima Saadia", "surface_min": null, "largeur_min": null, "hauteur_max": null, "cos": null, "cus": null, "type_construction": "Enseignement", "Surface": 3924, "layer": "E_eq", "path": "C:\\Users\\hp\\Downloads\\E_eq.geojson" }, "geometry": { "type": "Point", "coordinates": [ -6.935569545048128, 33.925736306911816 ] } },
{ "type": "Feature", "properties": { "ville": "Temara", "designation": "E46", "definition": "Ecole Badr", "surface_min": null, "largeur_min": null, "hauteur_max": null, "cos": null, "cus": null, "type_construction": "Enseignement", "Surface": 3910, "layer": "E_eq", "path": "C:\\Users\\hp\\Downloads\\E_eq.geojson" }, "geometry": { "type": "Point", "coordinates": [ -6.897336431829209, 33.920866690505868 ] } },
{ "type": "Feature", "properties": { "ville": "Temara", "designation": "E36", "definition": "Ecole El Mekki El Bitali", "surface_min": null, "largeur_min": null, "hauteur_max": null, "cos": null, "cus": null, "type_construction": "Enseignement", "Surface": 4317, "layer": "E_eq", "path": "C:\\Users\\hp\\Downloads\\E_eq.geojson" }, "geometry": { "type": "Point", "coordinates": [ -6.919067970936175, 33.916775031368111 ] } },
{ "type": "Feature", "properties": { "ville": "Temara", "designation": "E13", "definition": "Institut (OFPPT)", "surface_min": null, "largeur_min": null, "hauteur_max": null, "cos": null, "cus": null, "type_construction": "Enseignement", "Surface": 17906, "layer": "E_eq", "path": "C:\\Users\\hp\\Downloads\\E_eq.geojson" }, "geometry": { "type": "Point", "coordinates": [ -6.89314267331272, 33.931317439751538 ] } },
{ "type": "Feature", "properties": { "ville": "Temara", "designation": "E17", "definition": "Ecole Al Mouahidine", "surface_min": null, "largeur_min": null, "hauteur_max": null, "cos": null, "cus": null, "type_construction": "Enseignement", "Surface": 8404, "layer": "E_eq", "path": "C:\\Users\\hp\\Downloads\\E_eq.geojson" }, "geometry": { "type": "Point", "coordinates": [ -6.907953643763037, 33.929083642656387 ] } },
{ "type": "Feature", "properties": { "ville": "Temara", "designation": "E96", "definition": "Ecole Khalid Ibn Walid", "surface_min": null, "largeur_min": null, "hauteur_max": null, "cos": null, "cus": null, "type_construction": "Enseignement", "Surface": 4412, "layer": "E_eq", "path": "C:\\Users\\hp\\Downloads\\E_eq.geojson" }, "geometry": { "type": "Point", "coordinates": [ -6.900758640448037, 33.92132075773727 ] } },
{ "type": "Feature", "properties": { "ville": "Temara", "designation": "E72", "definition": "Annexe administratif", "surface_min": null, "largeur_min": null, "hauteur_max": null, "cos": null, "cus": null, "type_construction": "Enseignement", "Surface": 6777, "layer": "E_eq", "path": "C:\\Users\\hp\\Downloads\\E_eq.geojson" }, "geometry": { "type": "Point", "coordinates": [ -6.916401629708318, 33.913959883186379 ] } },
{ "type": "Feature", "properties": { "ville": "Temara", "designation": "E81", "definition": "Ecole moussa Ibn Noussair", "surface_min": null, "largeur_min": null, "hauteur_max": null, "cos": null, "cus": null, "type_construction": "Enseignement", "Surface": 3512, "layer": "E_eq", "path": "C:\\Users\\hp\\Downloads\\E_eq.geojson" }, "geometry": { "type": "Point", "coordinates": [ -6.910437846504922, 33.915585044501583 ] } },
{ "type": "Feature", "properties": { "ville": "Temara", "designation": "E103", "definition": "Lycée Imam Al Boukhari", "surface_min": null, "largeur_min": null, "hauteur_max": null, "cos": null, "cus": null, "type_construction": "Enseignement", "Surface": 5576, "layer": "E_eq", "path": "C:\\Users\\hp\\Downloads\\E_eq.geojson" }, "geometry": { "type": "Point", "coordinates": [ -6.893311235695711, 33.928283279373581 ] } },
{ "type": "Feature", "properties": { "ville": "Temara", "designation": "E19", "definition": "Ecole Tarik Ben Ziad", "surface_min": null, "largeur_min": null, "hauteur_max": null, "cos": null, "cus": null, "type_construction": "Enseignement", "Surface": 4783, "layer": "E_eq", "path": "C:\\Users\\hp\\Downloads\\E_eq.geojson" }, "geometry": { "type": "Point", "coordinates": [ -6.893727758056816, 33.928086262486161 ] } },
{ "type": "Feature", "properties": { "ville": "Temara", "designation": "E102", "definition": "Collège Azzaytoune", "surface_min": null, "largeur_min": null, "hauteur_max": null, "cos": null, "cus": null, "type_construction": "Enseignement", "Surface": 7180, "layer": "E_eq", "path": "C:\\Users\\hp\\Downloads\\E_eq.geojson" }, "geometry": { "type": "Point", "coordinates": [ -6.890971490575941, 33.913952562734544 ] } },
{ "type": "Feature", "properties": { "ville": "Temara", "designation": "E40", "definition": "Collège Ibn Abbad", "surface_min": null, "largeur_min": null, "hauteur_max": null, "cos": null, "cus": null, "type_construction": "Enseignement", "Surface": 5514, "layer": "E_eq", "path": "C:\\Users\\hp\\Downloads\\E_eq.geojson" }, "geometry": { "type": "Point", "coordinates": [ -6.900474635930532, 33.930484778318849 ] } },
{ "type": "Feature", "properties": { "ville": "Temara", "designation": "E59", "definition": "Collège AL Khaouarizmi", "surface_min": null, "largeur_min": null, "hauteur_max": null, "cos": null, "cus": null, "type_construction": "Enseignement", "Surface": 10904, "layer": "E_eq", "path": "C:\\Users\\hp\\Downloads\\E_eq.geojson" }, "geometry": { "type": "Point", "coordinates": [ -6.884300244413686, 33.920793777657899 ] } },
{ "type": "Feature", "properties": { "ville": "Temara", "designation": "E51", "definition": "Ecole Mekki Naciri", "surface_min": null, "largeur_min": null, "hauteur_max": null, "cos": null, "cus": null, "type_construction": "Enseignement", "Surface": 8881, "layer": "E_eq", "path": "C:\\Users\\hp\\Downloads\\E_eq.geojson" }, "geometry": { "type": "Point", "coordinates": [ -6.884640689461543, 33.925307947663427 ] } },
{ "type": "Feature", "properties": { "ville": "Temara", "designation": "E10", "definition": "Ecole Mohamed Ben Abdellah", "surface_min": null, "largeur_min": null, "hauteur_max": null, "cos": null, "cus": null, "type_construction": "Enseignement", "Surface": 6654, "layer": "E_eq", "path": "C:\\Users\\hp\\Downloads\\E_eq.geojson" }, "geometry": { "type": "Point", "coordinates": [ -6.924278019520374, 33.915548292598984 ] } },
{ "type": "Feature", "properties": { "ville": "Temara", "designation": "E82", "definition": "Ecole Allal Fassi", "surface_min": null, "largeur_min": null, "hauteur_max": null, "cos": null, "cus": null, "type_construction": "Enseignement", "Surface": 6757, "layer": "E_eq", "path": "C:\\Users\\hp\\Downloads\\E_eq.geojson" }, "geometry": { "type": "Point", "coordinates": [ -6.887280643526399, 33.915435338322936 ] } },
{ "type": "Feature", "properties": { "ville": "Temara", "designation": "E89", "definition": "Ecole Touria Essakat", "surface_min": null, "largeur_min": null, "hauteur_max": null, "cos": null, "cus": null, "type_construction": "Enseignement", "Surface": 2172, "layer": "E_eq", "path": "C:\\Users\\hp\\Downloads\\E_eq.geojson" }, "geometry": { "type": "Point", "coordinates": [ -6.8849698851142, 33.917673098362478 ] } },
{ "type": "Feature", "properties": { "ville": "Temara", "designation": "E04", "definition": "Collège / Lycée Al Mouaatamad Ibn Abbad", "surface_min": null, "largeur_min": null, "hauteur_max": null, "cos": null, "cus": null, "type_construction": "Enseignement", "Surface": 12463, "layer": "E_eq", "path": "C:\\Users\\hp\\Downloads\\E_eq.geojson" }, "geometry": { "type": "Point", "coordinates": [ -6.928867602625921, 33.935439129326248 ] } },
{ "type": "Feature", "properties": { "ville": "Temara", "designation": "E39", "definition": "Collège Al Amal", "surface_min": null, "largeur_min": null, "hauteur_max": null, "cos": null, "cus": null, "type_construction": "Enseignement", "Surface": 2835, "layer": "E_eq", "path": "C:\\Users\\hp\\Downloads\\E_eq.geojson" }, "geometry": { "type": "Point", "coordinates": [ -6.897073244453382, 33.932675297036631 ] } },
{ "type": "Feature", "properties": { "ville": "Temara", "designation": "E76", "definition": "Ecole salmane el farissi", "surface_min": null, "largeur_min": null, "hauteur_max": null, "cos": null, "cus": null, "type_construction": "Enseignement", "Surface": 7629, "layer": "E_eq", "path": "C:\\Users\\hp\\Downloads\\E_eq.geojson" }, "geometry": { "type": "Point", "coordinates": [ -6.883595424213583, 33.937440944724337 ] } },
{ "type": "Feature", "properties": { "ville": "Temara", "designation": "E35", "definition": "Ecole", "surface_min": null, "largeur_min": null, "hauteur_max": null, "cos": null, "cus": null, "type_construction": "Enseignement", "Surface": 3405, "layer": "E_eq", "path": "C:\\Users\\hp\\Downloads\\E_eq.geojson" }, "geometry": { "type": "Point", "coordinates": [ -6.895293202380147, 33.940737348301816 ] } },
{ "type": "Feature", "properties": { "ville": "Temara", "designation": "E05", "definition": "Ecole", "surface_min": null, "largeur_min": null, "hauteur_max": null, "cos": null, "cus": null, "type_construction": "Enseignement", "Surface": 3842, "layer": "E_eq", "path": "C:\\Users\\hp\\Downloads\\E_eq.geojson" }, "geometry": { "type": "Point", "coordinates": [ -6.935389268351211, 33.894439753973046 ] } },
{ "type": "Feature", "properties": { "ville": "Temara", "designation": "E100", "definition": "Lycée Ibnou Bassam", "surface_min": null, "largeur_min": null, "hauteur_max": null, "cos": null, "cus": null, "type_construction": "Enseignement", "Surface": 10158, "layer": "E_eq", "path": "C:\\Users\\hp\\Downloads\\E_eq.geojson" }, "geometry": { "type": "Point", "coordinates": [ -6.924813560297059, 33.921759721482992 ] } },
{ "type": "Feature", "properties": { "ville": "Temara", "designation": "E55", "definition": "Lycée El Boustane", "surface_min": null, "largeur_min": null, "hauteur_max": null, "cos": null, "cus": null, "type_construction": "Enseignement", "Surface": 14821, "layer": "E_eq", "path": "C:\\Users\\hp\\Downloads\\E_eq.geojson" }, "geometry": { "type": "Point", "coordinates": [ -6.927461863913361, 33.93563350209768 ] } },
{ "type": "Feature", "properties": { "ville": "Temara", "designation": "E07", "definition": "Ecole ibn hazem + Ecole Mohammed El Fassi", "surface_min": null, "largeur_min": null, "hauteur_max": null, "cos": null, "cus": null, "type_construction": "Enseignement", "Surface": 11819, "layer": "E_eq", "path": "C:\\Users\\hp\\Downloads\\E_eq.geojson" }, "geometry": { "type": "Point", "coordinates": [ -6.913965541619921, 33.929290510697342 ] } },
{ "type": "Feature", "properties": { "ville": "Temara", "designation": "E85", "definition": "Equipement d’Enseignement", "surface_min": null, "largeur_min": null, "hauteur_max": null, "cos": null, "cus": null, "type_construction": "Enseignement", "Surface": 6235, "layer": "E_eq", "path": "C:\\Users\\hp\\Downloads\\E_eq.geojson" }, "geometry": { "type": "Point", "coordinates": [ -6.891924872930024, 33.906499213457678 ] } },
{ "type": "Feature", "properties": { "ville": "Temara", "designation": "E86", "definition": "Equipement d’Enseignement", "surface_min": null, "largeur_min": null, "hauteur_max": null, "cos": null, "cus": null, "type_construction": "Enseignement", "Surface": 10787, "layer": "E_eq", "path": "C:\\Users\\hp\\Downloads\\E_eq.geojson" }, "geometry": { "type": "Point", "coordinates": [ -6.891128282375773, 33.907084702730231 ] } },
{ "type": "Feature", "properties": { "ville": "Temara", "designation": "E108", "definition": "CQP", "surface_min": null, "largeur_min": null, "hauteur_max": null, "cos": null, "cus": null, "type_construction": "Enseignement", "Surface": 10494, "layer": "E_eq", "path": "C:\\Users\\hp\\Downloads\\E_eq.geojson" }, "geometry": { "type": "Point", "coordinates": [ -6.931864177891809, 33.889445855102991 ] } },
{ "type": "Feature", "properties": { "ville": "Temara", "designation": "E68", "definition": "Equipement d’Enseignement", "surface_min": null, "largeur_min": null, "hauteur_max": null, "cos": null, "cus": null, "type_construction": "Enseignement", "Surface": 5573, "layer": "E_eq", "path": "C:\\Users\\hp\\Downloads\\E_eq.geojson" }, "geometry": { "type": "Point", "coordinates": [ -6.935228520971329, 33.903709839193098 ] } },
{ "type": "Feature", "properties": { "ville": "Temara", "designation": "E70", "definition": "Equipement d’Enseignement", "surface_min": null, "largeur_min": null, "hauteur_max": null, "cos": null, "cus": null, "type_construction": "Enseignement", "Surface": 3353, "layer": "E_eq", "path": "C:\\Users\\hp\\Downloads\\E_eq.geojson" }, "geometry": { "type": "Point", "coordinates": [ -6.92475493753574, 33.914084554862811 ] } },
{ "type": "Feature", "properties": { "ville": "Temara", "designation": "E18", "definition": "Equipement d’Enseignement", "surface_min": null, "largeur_min": null, "hauteur_max": null, "cos": null, "cus": null, "type_construction": "Enseignement", "Surface": 7777, "layer": "E_eq", "path": "C:\\Users\\hp\\Downloads\\E_eq.geojson" }, "geometry": { "type": "Point", "coordinates": [ -6.906236637092704, 33.927812224354817 ] } },
{ "type": "Feature", "properties": { "ville": "Temara", "designation": "E83", "definition": "Equipement d’Enseignement", "surface_min": null, "largeur_min": null, "hauteur_max": null, "cos": null, "cus": null, "type_construction": "Enseignement", "Surface": 2551, "layer": "E_eq", "path": "C:\\Users\\hp\\Downloads\\E_eq.geojson" }, "geometry": { "type": "Point", "coordinates": [ -6.932831016076523, 33.904085868011002 ] } },
{ "type": "Feature", "properties": { "ville": "Temara", "designation": "E78", "definition": "Equipement d’Enseignement", "surface_min": null, "largeur_min": null, "hauteur_max": null, "cos": null, "cus": null, "type_construction": "Enseignement", "Surface": 5529, "layer": "E_eq", "path": "C:\\Users\\hp\\Downloads\\E_eq.geojson" }, "geometry": { "type": "Point", "coordinates": [ -6.917298480545743, 33.907700391535826 ] } },
{ "type": "Feature", "properties": { "ville": "Temara", "designation": "E105", "definition": "Equipement d’Enseignement", "surface_min": null, "largeur_min": null, "hauteur_max": null, "cos": null, "cus": null, "type_construction": "Enseignement", "Surface": 4926, "layer": "E_eq", "path": "C:\\Users\\hp\\Downloads\\E_eq.geojson" }, "geometry": { "type": "Point", "coordinates": [ -6.947059571042527, 33.909463396039065 ] } },
{ "type": "Feature", "properties": { "ville": "Temara", "designation": "E107", "definition": "Equipement d’Enseignement", "surface_min": null, "largeur_min": null, "hauteur_max": null, "cos": null, "cus": null, "type_construction": "Enseignement", "Surface": 13768, "layer": "E_eq", "path": "C:\\Users\\hp\\Downloads\\E_eq.geojson" }, "geometry": { "type": "Point", "coordinates": [ -6.939698021738149, 33.910932718342494 ] } },
{ "type": "Feature", "properties": { "ville": "Temara", "designation": "E74", "definition": "Equipement d’Enseignement", "surface_min": null, "largeur_min": null, "hauteur_max": null, "cos": null, "cus": null, "type_construction": "Enseignement", "Surface": 7254, "layer": "E_eq", "path": "C:\\Users\\hp\\Downloads\\E_eq.geojson" }, "geometry": { "type": "Point", "coordinates": [ -6.912632207500974, 33.913154239445554 ] } },
{ "type": "Feature", "properties": { "ville": "Temara", "designation": "E38", "definition": "Collège (lotissement Ouled Mtaa)", "surface_min": null, "largeur_min": null, "hauteur_max": null, "cos": null, "cus": null, "type_construction": "Enseignement", "Surface": 6652, "layer": "E_eq", "path": "C:\\Users\\hp\\Downloads\\E_eq.geojson" }, "geometry": { "type": "Point", "coordinates": [ -6.894442434505824, 33.942557018056384 ] } },
{ "type": "Feature", "properties": { "ville": "Temara", "designation": "E12", "definition": "Lycée", "surface_min": null, "largeur_min": null, "hauteur_max": null, "cos": null, "cus": null, "type_construction": "Enseignement", "Surface": 3810, "layer": "E_eq", "path": "C:\\Users\\hp\\Downloads\\E_eq.geojson" }, "geometry": { "type": "Point", "coordinates": [ -6.933380939022229, 33.898252440982795 ] } },
{ "type": "Feature", "properties": { "ville": "Temara", "designation": "E15", "definition": "Equipement d’Enseignement", "surface_min": null, "largeur_min": null, "hauteur_max": null, "cos": null, "cus": null, "type_construction": "Enseignement", "Surface": 7411, "layer": "E_eq", "path": "C:\\Users\\hp\\Downloads\\E_eq.geojson" }, "geometry": { "type": "Point", "coordinates": [ -6.901149226261737, 33.930302813824227 ] } },
{ "type": "Feature", "properties": { "ville": "Temara", "designation": "E29", "definition": "Collège", "surface_min": null, "largeur_min": null, "hauteur_max": null, "cos": null, "cus": null, "type_construction": "Enseignement", "Surface": 8101, "layer": "E_eq", "path": "C:\\Users\\hp\\Downloads\\E_eq.geojson" }, "geometry": { "type": "Point", "coordinates": [ -6.935091282293349, 33.899703830917367 ] } },
{ "type": "Feature", "properties": { "ville": "Temara", "designation": "E56", "definition": "Collège Al Firdaous", "surface_min": null, "largeur_min": null, "hauteur_max": null, "cos": null, "cus": null, "type_construction": "Enseignement", "Surface": 2916, "layer": "E_eq", "path": "C:\\Users\\hp\\Downloads\\E_eq.geojson" }, "geometry": { "type": "Point", "coordinates": [ -6.895994666311244, 33.925324134379949 ] } },
{ "type": "Feature", "properties": { "ville": "Temara", "designation": "E01", "definition": "Lycée Laahd Ljadid", "surface_min": null, "largeur_min": null, "hauteur_max": null, "cos": null, "cus": null, "type_construction": "Enseignement", "Surface": 6550, "layer": "E_eq", "path": "C:\\Users\\hp\\Downloads\\E_eq.geojson" }, "geometry": { "type": "Point", "coordinates": [ -6.899155665112781, 33.919869586145396 ] } },
{ "type": "Feature", "properties": { "ville": "Temara", "designation": "E26", "definition": "Ecole Abo baker Alkadiri", "surface_min": null, "largeur_min": null, "hauteur_max": null, "cos": null, "cus": null, "type_construction": "Enseignement", "Surface": 5378, "layer": "E_eq", "path": "C:\\Users\\hp\\Downloads\\E_eq.geojson" }, "geometry": { "type": "Point", "coordinates": [ -6.920292259978625, 33.899005287702131 ] } },
{ "type": "Feature", "properties": { "ville": "Temara", "designation": "E60", "definition": "Equipement d’Enseignement", "surface_min": null, "largeur_min": null, "hauteur_max": null, "cos": null, "cus": null, "type_construction": "Enseignement", "Surface": 6042, "layer": "E_eq", "path": "C:\\Users\\hp\\Downloads\\E_eq.geojson" }, "geometry": { "type": "Point", "coordinates": [ -6.917776353353609, 33.905390544394038 ] } },
{ "type": "Feature", "properties": { "ville": "Temara", "designation": "E03", "definition": "Equipement d’Enseignement", "surface_min": null, "largeur_min": null, "hauteur_max": null, "cos": null, "cus": null, "type_construction": "Enseignement", "Surface": 4494, "layer": "E_eq", "path": "C:\\Users\\hp\\Downloads\\E_eq.geojson" }, "geometry": { "type": "Point", "coordinates": [ -6.915926085946994, 33.904204450427031 ] } },
{ "type": "Feature", "properties": { "ville": "Temara", "designation": "E33", "definition": "Equipement d’Enseignement", "surface_min": null, "largeur_min": null, "hauteur_max": null, "cos": null, "cus": null, "type_construction": "Enseignement", "Surface": 5164, "layer": "E_eq", "path": "C:\\Users\\hp\\Downloads\\E_eq.geojson" }, "geometry": { "type": "Point", "coordinates": [ -6.917459123422831, 33.894581049431913 ] } },
{ "type": "Feature", "properties": { "ville": "Temara", "designation": "E28", "definition": "Equipement d’Enseignement", "surface_min": null, "largeur_min": null, "hauteur_max": null, "cos": null, "cus": null, "type_construction": "Enseignement", "Surface": 10231, "layer": "E_eq", "path": "C:\\Users\\hp\\Downloads\\E_eq.geojson" }, "geometry": { "type": "Point", "coordinates": [ -6.918933179090271, 33.897930874495955 ] } },
{ "type": "Feature", "properties": { "ville": "Temara", "designation": "E25", "definition": "Ecole Batoul", "surface_min": null, "largeur_min": null, "hauteur_max": null, "cos": null, "cus": null, "type_construction": "Enseignement", "Surface": 6656, "layer": "E_eq", "path": "C:\\Users\\hp\\Downloads\\E_eq.geojson" }, "geometry": { "type": "Point", "coordinates": [ -6.920202079919917, 33.895772165419004 ] } },
{ "type": "Feature", "properties": { "ville": "Temara", "designation": "E34", "definition": "Ecole Malika Elfassi", "surface_min": null, "largeur_min": null, "hauteur_max": null, "cos": null, "cus": null, "type_construction": "Enseignement", "Surface": 5390, "layer": "E_eq", "path": "C:\\Users\\hp\\Downloads\\E_eq.geojson" }, "geometry": { "type": "Point", "coordinates": [ -6.910609056457042, 33.904206312831157 ] } },
{ "type": "Feature", "properties": { "ville": "Temara", "designation": "E63", "definition": "Collège Abdelkbir Elkhatabi", "surface_min": null, "largeur_min": null, "hauteur_max": null, "cos": null, "cus": null, "type_construction": "Enseignement", "Surface": 9486, "layer": "E_eq", "path": "C:\\Users\\hp\\Downloads\\E_eq.geojson" }, "geometry": { "type": "Point", "coordinates": [ -6.909251095580471, 33.900972103462635 ] } },
{ "type": "Feature", "properties": { "ville": "Temara", "designation": "E06", "definition": "Ecole Laymoune", "surface_min": null, "largeur_min": null, "hauteur_max": null, "cos": null, "cus": null, "type_construction": "Enseignement", "Surface": 4682, "layer": "E_eq", "path": "C:\\Users\\hp\\Downloads\\E_eq.geojson" }, "geometry": { "type": "Point", "coordinates": [ -6.8957682626868, 33.915708088012998 ] } },
{ "type": "Feature", "properties": { "ville": "Temara", "designation": "E61", "definition": "Equipement d’Enseignement", "surface_min": null, "largeur_min": null, "hauteur_max": null, "cos": null, "cus": null, "type_construction": "Enseignement", "Surface": 3213, "layer": "E_eq", "path": "C:\\Users\\hp\\Downloads\\E_eq.geojson" }, "geometry": { "type": "Point", "coordinates": [ -6.91030833361394, 33.916699547129213 ] } },
{ "type": "Feature", "properties": { "ville": "Temara", "designation": "E47", "definition": "Ecole Abdelkrim AL Khattabi", "surface_min": null, "largeur_min": null, "hauteur_max": null, "cos": null, "cus": null, "type_construction": "Enseignement", "Surface": 5877, "layer": "E_eq", "path": "C:\\Users\\hp\\Downloads\\E_eq.geojson" }, "geometry": { "type": "Point", "coordinates": [ -6.910800193299785, 33.919590118919544 ] } },
{ "type": "Feature", "properties": { "ville": "Temara", "designation": "E48", "definition": "Collège 11 janvier", "surface_min": null, "largeur_min": null, "hauteur_max": null, "cos": null, "cus": null, "type_construction": "Enseignement", "Surface": 12645, "layer": "E_eq", "path": "C:\\Users\\hp\\Downloads\\E_eq.geojson" }, "geometry": { "type": "Point", "coordinates": [ -6.91150056200595, 33.918884587711595 ] } },
{ "type": "Feature", "properties": { "ville": "Temara", "designation": "E49", "definition": "Ecole Imam Ali", "surface_min": null, "largeur_min": null, "hauteur_max": null, "cos": null, "cus": null, "type_construction": "Enseignement", "Surface": 4343, "layer": "E_eq", "path": "C:\\Users\\hp\\Downloads\\E_eq.geojson" }, "geometry": { "type": "Point", "coordinates": [ -6.907683807481523, 33.918921722322644 ] } },
{ "type": "Feature", "properties": { "ville": "Temara", "designation": "E32", "definition": "Lycée Imam Ghazali", "surface_min": null, "largeur_min": null, "hauteur_max": null, "cos": null, "cus": null, "type_construction": "Enseignement", "Surface": 20362, "layer": "E_eq", "path": "C:\\Users\\hp\\Downloads\\E_eq.geojson" }, "geometry": { "type": "Point", "coordinates": [ -6.914508453798683, 33.921131066628028 ] } },
{ "type": "Feature", "properties": { "ville": "Temara", "designation": "E42", "definition": "Collège Ibn Sina", "surface_min": null, "largeur_min": null, "hauteur_max": null, "cos": null, "cus": null, "type_construction": "Enseignement", "Surface": 4815, "layer": "E_eq", "path": "C:\\Users\\hp\\Downloads\\E_eq.geojson" }, "geometry": { "type": "Point", "coordinates": [ -6.913608703744243, 33.920354491202453 ] } },
{ "type": "Feature", "properties": { "ville": "Temara", "designation": "E93", "definition": "Equipement d’Enseignement", "surface_min": null, "largeur_min": null, "hauteur_max": null, "cos": null, "cus": null, "type_construction": "Enseignement", "Surface": 6163, "layer": "E_eq", "path": "C:\\Users\\hp\\Downloads\\E_eq.geojson" }, "geometry": { "type": "Point", "coordinates": [ -6.909577071664947, 33.912624596145442 ] } },
{ "type": "Feature", "properties": { "ville": "Temara", "designation": "E109", "definition": "Equipement d’Enseignement", "surface_min": null, "largeur_min": null, "hauteur_max": null, "cos": null, "cus": null, "type_construction": "Enseignement", "Surface": 6421, "layer": "E_eq", "path": "C:\\Users\\hp\\Downloads\\E_eq.geojson" }, "geometry": { "type": "Point", "coordinates": [ -6.898072633512489, 33.912958212273907 ] } },
{ "type": "Feature", "properties": { "ville": "Temara", "designation": "E50", "definition": "Collège Firdaous", "surface_min": null, "largeur_min": null, "hauteur_max": null, "cos": null, "cus": null, "type_construction": "Enseignement", "Surface": 3959, "layer": "E_eq", "path": "C:\\Users\\hp\\Downloads\\E_eq.geojson" }, "geometry": { "type": "Point", "coordinates": [ -6.9341944028453, 33.87820562847542 ] } },
{ "type": "Feature", "properties": { "ville": "Temara", "designation": "E44", "definition": "Collège Al Manfalouti", "surface_min": null, "largeur_min": null, "hauteur_max": null, "cos": null, "cus": null, "type_construction": "Enseignement", "Surface": 11504, "layer": "E_eq", "path": "C:\\Users\\hp\\Downloads\\E_eq.geojson" }, "geometry": { "type": "Point", "coordinates": [ -6.907893345966109, 33.923453695623174 ] } },
{ "type": "Feature", "properties": { "ville": "Temara", "designation": "E14", "definition": "Equipement d’Enseignement", "surface_min": null, "largeur_min": null, "hauteur_max": null, "cos": null, "cus": null, "type_construction": "Enseignement", "Surface": 3531, "layer": "E_eq", "path": "C:\\Users\\hp\\Downloads\\E_eq.geojson" }, "geometry": { "type": "Point", "coordinates": [ -6.909049083668873, 33.923745985995154 ] } },
{ "type": "Feature", "properties": { "ville": "Temara", "designation": "E31", "definition": "Ecole", "surface_min": null, "largeur_min": null, "hauteur_max": null, "cos": null, "cus": null, "type_construction": "Enseignement", "Surface": 6486, "layer": "E_eq", "path": "C:\\Users\\hp\\Downloads\\E_eq.geojson" }, "geometry": { "type": "Point", "coordinates": [ -6.899987704374263, 33.938947423655073 ] } },
{ "type": "Feature", "properties": { "ville": "Temara", "designation": "E23", "definition": "Lycée Abou Feras El Hamadani", "surface_min": null, "largeur_min": null, "hauteur_max": null, "cos": null, "cus": null, "type_construction": "Enseignement", "Surface": 8447, "layer": "E_eq", "path": "C:\\Users\\hp\\Downloads\\E_eq.geojson" }, "geometry": { "type": "Point", "coordinates": [ -6.934701137018122, 33.925313333876346 ] } },
{ "type": "Feature", "properties": { "ville": "Temara", "designation": "E41", "definition": "Equipement d’Enseignement", "surface_min": null, "largeur_min": null, "hauteur_max": null, "cos": null, "cus": null, "type_construction": "Enseignement", "Surface": 8017, "layer": "E_eq", "path": "C:\\Users\\hp\\Downloads\\E_eq.geojson" }, "geometry": { "type": "Point", "coordinates": [ -6.934884607960562, 33.930290092146294 ] } },
{ "type": "Feature", "properties": { "ville": "Temara", "designation": "E02", "definition": "Ecole Ibrahim Roudani", "surface_min": null, "largeur_min": null, "hauteur_max": null, "cos": null, "cus": null, "type_construction": "Enseignement", "Surface": 10017, "layer": "E_eq", "path": "C:\\Users\\hp\\Downloads\\E_eq.geojson" }, "geometry": { "type": "Point", "coordinates": [ -6.939997049733262, 33.925541364702909 ] } },
{ "type": "Feature", "properties": { "ville": "Temara", "designation": "E94", "definition": "Equipement d’Enseignement", "surface_min": null, "largeur_min": null, "hauteur_max": null, "cos": null, "cus": null, "type_construction": "Enseignement", "Surface": 5232, "layer": "E_eq", "path": "C:\\Users\\hp\\Downloads\\E_eq.geojson" }, "geometry": { "type": "Point", "coordinates": [ -6.934922266171169, 33.912428851496102 ] } },
{ "type": "Feature", "properties": { "ville": "Temara", "designation": "E64", "definition": "Equipement d’Enseignement", "surface_min": null, "largeur_min": null, "hauteur_max": null, "cos": null, "cus": null, "type_construction": "Enseignement", "Surface": 9233, "layer": "E_eq", "path": "C:\\Users\\hp\\Downloads\\E_eq.geojson" }, "geometry": { "type": "Point", "coordinates": [ -6.902827018758825, 33.911271058032661 ] } },
{ "type": "Feature", "properties": { "ville": "Temara", "designation": "E84", "definition": "Equipement d’Enseignement", "surface_min": null, "largeur_min": null, "hauteur_max": null, "cos": null, "cus": null, "type_construction": "Enseignement", "Surface": 10298, "layer": "E_eq", "path": "C:\\Users\\hp\\Downloads\\E_eq.geojson" }, "geometry": { "type": "Point", "coordinates": [ -6.888144597756478, 33.908594414901444 ] } },
{ "type": "Feature", "properties": { "ville": "Temara", "designation": "E99", "definition": "CFP", "surface_min": null, "largeur_min": null, "hauteur_max": null, "cos": null, "cus": null, "type_construction": "Enseignement", "Surface": 28459, "layer": "E_eq", "path": "C:\\Users\\hp\\Downloads\\E_eq.geojson" }, "geometry": { "type": "Point", "coordinates": [ -6.895577047726927, 33.905535846665828 ] } },
{ "type": "Feature", "properties": { "ville": "Temara", "designation": "E62", "definition": "Equipement d’Enseignement", "surface_min": null, "largeur_min": null, "hauteur_max": null, "cos": null, "cus": null, "type_construction": "Enseignement", "Surface": 4080, "layer": "E_eq", "path": "C:\\Users\\hp\\Downloads\\E_eq.geojson" }, "geometry": { "type": "Point", "coordinates": [ -6.905203743846701, 33.909323830741862 ] } },
{ "type": "Feature", "properties": { "ville": "Temara", "designation": "E21", "definition": "Collège Mohamed El Haloui", "surface_min": null, "largeur_min": null, "hauteur_max": null, "cos": null, "cus": null, "type_construction": "Enseignement", "Surface": 7587, "layer": "E_eq", "path": "C:\\Users\\hp\\Downloads\\E_eq.geojson" }, "geometry": { "type": "Point", "coordinates": [ -6.902446984964691, 33.907224361418741 ] } },
{ "type": "Feature", "properties": { "ville": "Temara", "designation": "E65", "definition": "Enseignement", "surface_min": null, "largeur_min": null, "hauteur_max": null, "cos": null, "cus": null, "type_construction": "Enseignement", "Surface": 6213, "layer": "E_eq", "path": "C:\\Users\\hp\\Downloads\\E_eq.geojson" }, "geometry": { "type": "Point", "coordinates": [ -6.933774603347054, 33.907283507987096 ] } },
{ "type": "Feature", "properties": { "ville": "Temara", "designation": "E92", "definition": "Enseignement", "surface_min": null, "largeur_min": null, "hauteur_max": null, "cos": null, "cus": null, "type_construction": "Enseignement", "Surface": 4056, "layer": "E_eq", "path": "C:\\Users\\hp\\Downloads\\E_eq.geojson" }, "geometry": { "type": "Point", "coordinates": [ -6.938619321467533, 33.909437672575599 ] } },
{ "type": "Feature", "properties": { "ville": "Temara", "designation": "E57", "definition": "Equipement d’Enseignement", "surface_min": null, "largeur_min": null, "hauteur_max": null, "cos": null, "cus": null, "type_construction": "Enseignement", "Surface": 4389, "layer": "E_eq", "path": "C:\\Users\\hp\\Downloads\\E_eq.geojson" }, "geometry": { "type": "Point", "coordinates": [ -6.94335534761147, 33.904814275951921 ] } },
{ "type": "Feature", "properties": { "ville": "Temara", "designation": "E09", "definition": "Ecole", "surface_min": null, "largeur_min": null, "hauteur_max": null, "cos": null, "cus": null, "type_construction": "Enseignement", "Surface": 2424, "layer": "E_eq", "path": "C:\\Users\\hp\\Downloads\\E_eq.geojson" }, "geometry": { "type": "Point", "coordinates": [ -6.934962045944567, 33.896817122512637 ] } },
{ "type": "Feature", "properties": { "ville": "Temara", "designation": "E54", "definition": "Equipement d’Enseignement", "surface_min": null, "largeur_min": null, "hauteur_max": null, "cos": null, "cus": null, "type_construction": "Enseignement", "Surface": 9305, "layer": "E_eq", "path": "C:\\Users\\hp\\Downloads\\E_eq.geojson" }, "geometry": { "type": "Point", "coordinates": [ -6.93751771144827, 33.895729017188813 ] } },
{ "type": "Feature", "properties": { "ville": "Temara", "designation": "E58", "definition": "Equipement d’Enseignement", "surface_min": null, "largeur_min": null, "hauteur_max": null, "cos": null, "cus": null, "type_construction": "Enseignement", "Surface": 4332, "layer": "E_eq", "path": "C:\\Users\\hp\\Downloads\\E_eq.geojson" }, "geometry": { "type": "Point", "coordinates": [ -6.936507160404994, 33.905164447021711 ] } },
{ "type": "Feature", "properties": { "ville": "Temara", "designation": "E91", "definition": "Equipement d’Enseignement", "surface_min": null, "largeur_min": null, "hauteur_max": null, "cos": null, "cus": null, "type_construction": "Enseignement", "Surface": 4292, "layer": "E_eq", "path": "C:\\Users\\hp\\Downloads\\E_eq.geojson" }, "geometry": { "type": "Point", "coordinates": [ -6.934724890929142, 33.904191358157838 ] } },
{ "type": "Feature", "properties": { "ville": "Temara", "designation": "E88", "definition": "Equipement d’Enseignement", "surface_min": null, "largeur_min": null, "hauteur_max": null, "cos": null, "cus": null, "type_construction": "Enseignement", "Surface": 11702, "layer": "E_eq", "path": "C:\\Users\\hp\\Downloads\\E_eq.geojson" }, "geometry": { "type": "Point", "coordinates": [ -6.928577073584558, 33.899603625564268 ] } },
{ "type": "Feature", "properties": { "ville": "Temara", "designation": "E30", "definition": "Equipement d’Enseignement", "surface_min": null, "largeur_min": null, "hauteur_max": null, "cos": null, "cus": null, "type_construction": "Enseignement", "Surface": 7426, "layer": "E_eq", "path": "C:\\Users\\hp\\Downloads\\E_eq.geojson" }, "geometry": { "type": "Point", "coordinates": [ -6.926656097526746, 33.894058389566517 ] } },
{ "type": "Feature", "properties": { "ville": "Temara", "designation": "E22", "definition": "Equipement d’Enseignement", "surface_min": null, "largeur_min": null, "hauteur_max": null, "cos": null, "cus": null, "type_construction": "Enseignement", "Surface": 4938, "layer": "E_eq", "path": "C:\\Users\\hp\\Downloads\\E_eq.geojson" }, "geometry": { "type": "Point", "coordinates": [ -6.891053106247296, 33.941353304426897 ] } },
{ "type": "Feature", "properties": { "ville": "Temara", "designation": "E27", "definition": "Collège AtaibLaalaj", "surface_min": null, "largeur_min": null, "hauteur_max": null, "cos": null, "cus": null, "type_construction": "Enseignement", "Surface": 8680, "layer": "E_eq", "path": "C:\\Users\\hp\\Downloads\\E_eq.geojson" }, "geometry": { "type": "Point", "coordinates": [ -6.923208446263949, 33.898698151217886 ] } },
{ "type": "Feature", "properties": { "ville": "RA Mers El Kheir", "designation": "E11", "definition": "Ecole primaire en partie", "surface_min": null, "largeur_min": null, "hauteur_max": null, "cos": null, "cus": null, "type_construction": "Equipement d'enseignement", "Surface": 6485, "layer": "E_eq", "path": "C:\\Users\\hp\\Downloads\\E_eq.geojson" }, "geometry": { "type": "Point", "coordinates": [ -6.902596610766662, 33.884808152184171 ] } },
{ "type": "Feature", "properties": { "ville": "RA El Menzeh", "designation": "E08", "definition": "Equipement d'enseigenemnt public", "surface_min": null, "largeur_min": null, "hauteur_max": null, "cos": null, "cus": null, "type_construction": "Enseigenemnt", "Surface": 13692, "layer": "E_eq", "path": "C:\\Users\\hp\\Downloads\\E_eq.geojson" }, "geometry": { "type": "Point", "coordinates": [ -6.873962333861973, 33.865482225202015 ] } },
{ "type": "Feature", "properties": { "ville": "PA-SKHIRATE", "designation": "E09", "definition": "ECOLE LA BELLE VIE", "surface_min": null, "largeur_min": null, "hauteur_max": null, "cos": null, "cus": null, "type_construction": "Enseignement", "Surface": 6634, "layer": "E_eq", "path": "C:\\Users\\hp\\Downloads\\E_eq.geojson" }, "geometry": { "type": "Point", "coordinates": [ -7.007986382610072, 33.887205863456749 ] } },
{ "type": "Feature", "properties": { "ville": "PA-SKHIRATE", "designation": "E51", "definition": "ECOLE CHIYAIINA", "surface_min": null, "largeur_min": null, "hauteur_max": null, "cos": null, "cus": null, "type_construction": "Enseignement", "Surface": 4969, "layer": "E_eq", "path": "C:\\Users\\hp\\Downloads\\E_eq.geojson" }, "geometry": { "type": "Point", "coordinates": [ -7.003246028222311, 33.881465891579019 ] } },
{ "type": "Feature", "properties": { "ville": "RA Ain Attig", "designation": "E16", "definition": "Groupement scolaire Homane El fatwaki", "surface_min": null, "largeur_min": null, "hauteur_max": null, "cos": null, "cus": null, "type_construction": "Enseignement", "Surface": 9175, "layer": "E_eq", "path": "C:\\Users\\hp\\Downloads\\E_eq.geojson" }, "geometry": { "type": "Point", "coordinates": [ -6.944722246776816, 33.87168894548784 ] } },
{ "type": "Feature", "properties": { "ville": "Ain Attig", "designation": "S4", "definition": "Centre de santé urbain", "surface_min": null, "largeur_min": null, "hauteur_max": null, "cos": null, "cus": null, "type_construction": "Santé", "Surface": 1049, "layer": "S_eq", "path": "C:\\Users\\hp\\Downloads\\S_eq.geojson" }, "geometry": { "type": "Point", "coordinates": [ -6.972996203441472, 33.874348235001598 ] } },
{ "type": "Feature", "properties": { "ville": "Ain Attig", "designation": "S6", "definition": "Centre de santé", "surface_min": null, "largeur_min": null, "hauteur_max": null, "cos": null, "cus": null, "type_construction": "Santé", "Surface": 1593, "layer": "S_eq", "path": "C:\\Users\\hp\\Downloads\\S_eq.geojson" }, "geometry": { "type": "Point", "coordinates": [ -6.986590225033534, 33.892771653238505 ] } },
{ "type": "Feature", "properties": { "ville": "Ain Attig", "designation": "S9", "definition": "C.S. urbain Prévu par lotissement Ne Varietur", "surface_min": null, "largeur_min": null, "hauteur_max": null, "cos": null, "cus": null, "type_construction": "Santé", "Surface": 1103, "layer": "S_eq", "path": "C:\\Users\\hp\\Downloads\\S_eq.geojson" }, "geometry": { "type": "Point", "coordinates": [ -6.990846449108622, 33.887376812122312 ] } },
{ "type": "Feature", "properties": { "ville": "Ain Attig", "designation": "S11", "definition": "Centre de santé urbain", "surface_min": null, "largeur_min": null, "hauteur_max": null, "cos": null, "cus": null, "type_construction": "Santé", "Surface": 2461, "layer": "S_eq", "path": "C:\\Users\\hp\\Downloads\\S_eq.geojson" }, "geometry": { "type": "Point", "coordinates": [ -6.977617860736635, 33.88942646711574 ] } },
{ "type": "Feature", "properties": { "ville": "Ain Attig", "designation": "S10", "definition": "Centre de santé urbain", "surface_min": null, "largeur_min": null, "hauteur_max": null, "cos": null, "cus": null, "type_construction": "Santé", "Surface": 1786, "layer": "S_eq", "path": "C:\\Users\\hp\\Downloads\\S_eq.geojson" }, "geometry": { "type": "Point", "coordinates": [ -6.965819342430022, 33.895459567332949 ] } },
{ "type": "Feature", "properties": { "ville": "Ain Attig", "designation": "S5", "definition": "Centre de santé urbain", "surface_min": null, "largeur_min": null, "hauteur_max": null, "cos": null, "cus": null, "type_construction": "Santé", "Surface": 812, "layer": "S_eq", "path": "C:\\Users\\hp\\Downloads\\S_eq.geojson" }, "geometry": { "type": "Point", "coordinates": [ -6.974233092297613, 33.884715731069342 ] } },
{ "type": "Feature", "properties": { "ville": "Ain Attig", "designation": "S2", "definition": "Centre de santé urbain", "surface_min": null, "largeur_min": null, "hauteur_max": null, "cos": null, "cus": null, "type_construction": "Santé", "Surface": 1743, "layer": "S_eq", "path": "C:\\Users\\hp\\Downloads\\S_eq.geojson" }, "geometry": { "type": "Point", "coordinates": [ -6.95471282674293, 33.884272980544857 ] } },
{ "type": "Feature", "properties": { "ville": "Ain Attig", "designation": "S1", "definition": "Centre de santé urbain", "surface_min": null, "largeur_min": null, "hauteur_max": null, "cos": null, "cus": null, "type_construction": "Santé", "Surface": 2257, "layer": "S_eq", "path": "C:\\Users\\hp\\Downloads\\S_eq.geojson" }, "geometry": { "type": "Point", "coordinates": [ -6.954395152466176, 33.894870839495489 ] } },
{ "type": "Feature", "properties": { "ville": "Ain Attig", "designation": "S7", "definition": "Centre de santé urbain", "surface_min": null, "largeur_min": null, "hauteur_max": null, "cos": null, "cus": null, "type_construction": "Santé", "Surface": 397, "layer": "S_eq", "path": "C:\\Users\\hp\\Downloads\\S_eq.geojson" }, "geometry": { "type": "Point", "coordinates": [ -6.971853703993326, 33.888608915963822 ] } },
{ "type": "Feature", "properties": { "ville": "Ain Attig", "designation": "S3", "definition": "Centre de santé urbain", "surface_min": null, "largeur_min": null, "hauteur_max": null, "cos": null, "cus": null, "type_construction": "Santé", "Surface": 1511, "layer": "S_eq", "path": "C:\\Users\\hp\\Downloads\\S_eq.geojson" }, "geometry": { "type": "Point", "coordinates": [ -6.967071135384578, 33.879416249509703 ] } },
{ "type": "Feature", "properties": { "ville": "Ain Attig", "designation": "S12", "definition": "centre de santé urbain", "surface_min": null, "largeur_min": null, "hauteur_max": null, "cos": null, "cus": null, "type_construction": "Santé", "Surface": 1157, "layer": "S_eq", "path": "C:\\Users\\hp\\Downloads\\S_eq.geojson" }, "geometry": { "type": "Point", "coordinates": [ -6.987246429800745, 33.867687383078945 ] } },
{ "type": "Feature", "properties": { "ville": "Mers El Kheir", "designation": "S01", "definition": "Dispensaire", "surface_min": null, "largeur_min": null, "hauteur_max": null, "cos": null, "cus": null, "type_construction": "Equipement de Santé", "Surface": 2371, "layer": "S_eq", "path": "C:\\Users\\hp\\Downloads\\S_eq.geojson" }, "geometry": { "type": "Point", "coordinates": [ -6.919233800573815, 33.870127922554715 ] } },
{ "type": "Feature", "properties": { "ville": "El Menzeh", "designation": "S02", "definition": "Centre de santé", "surface_min": null, "largeur_min": null, "hauteur_max": null, "cos": null, "cus": null, "type_construction": "Santé publique", "Surface": 2173, "layer": "S_eq", "path": "C:\\Users\\hp\\Downloads\\S_eq.geojson" }, "geometry": { "type": "Point", "coordinates": [ -6.841453253170164, 33.849571217184852 ] } },
{ "type": "Feature", "properties": { "ville": "El Menzeh", "designation": "S01", "definition": "Centre de santé", "surface_min": null, "largeur_min": null, "hauteur_max": null, "cos": null, "cus": null, "type_construction": "Santé publique", "Surface": 2112, "layer": "S_eq", "path": "C:\\Users\\hp\\Downloads\\S_eq.geojson" }, "geometry": { "type": "Point", "coordinates": [ -6.836260002037695, 33.823690175184701 ] } },
{ "type": "Feature", "properties": { "ville": "Harhoura", "designation": "S 02", "definition": "Centre de santé urbain", "surface_min": null, "largeur_min": null, "hauteur_max": null, "cos": null, "cus": null, "type_construction": "Santé", "Surface": 992, "layer": "S_eq", "path": "C:\\Users\\hp\\Downloads\\S_eq.geojson" }, "geometry": { "type": "Point", "coordinates": [ -6.958388909418288, 33.921948261213608 ] } },
{ "type": "Feature", "properties": { "ville": "Harhoura", "designation": "S 04", "definition": "Centre de santé urbain", "surface_min": null, "largeur_min": null, "hauteur_max": null, "cos": null, "cus": null, "type_construction": "Santé", "Surface": 616, "layer": "S_eq", "path": "C:\\Users\\hp\\Downloads\\S_eq.geojson" }, "geometry": { "type": "Point", "coordinates": [ -6.958094631147183, 33.926542641550341 ] } },
{ "type": "Feature", "properties": { "ville": "Harhoura", "designation": "S 01", "definition": "Centre de santé urbain", "surface_min": null, "largeur_min": null, "hauteur_max": null, "cos": null, "cus": null, "type_construction": "Santé", "Surface": 451, "layer": "S_eq", "path": "C:\\Users\\hp\\Downloads\\S_eq.geojson" }, "geometry": { "type": "Point", "coordinates": [ -6.934339756302261, 33.943441001140201 ] } },
{ "type": "Feature", "properties": { "ville": "Harhoura", "designation": "S 03", "definition": "Centre de santé urbain", "surface_min": null, "largeur_min": null, "hauteur_max": null, "cos": null, "cus": null, "type_construction": "Santé", "Surface": 763, "layer": "S_eq", "path": "C:\\Users\\hp\\Downloads\\S_eq.geojson" }, "geometry": { "type": "Point", "coordinates": [ -6.976018435529847, 33.908137014104021 ] } },
{ "type": "Feature", "properties": { "ville": "Sidi Yahya des Zaers", "designation": "S1", "definition": "C.S.U", "surface_min": null, "largeur_min": null, "hauteur_max": null, "cos": null, "cus": null, "type_construction": "Santé", "Surface": 1070, "layer": "S_eq", "path": "C:\\Users\\hp\\Downloads\\S_eq.geojson" }, "geometry": { "type": "Point", "coordinates": [ -6.945507237611557, 33.816320810910646 ] } },
{ "type": "Feature", "properties": { "ville": "Sidi Yahya des Zaers", "designation": "S8", "definition": "C.S.U", "surface_min": null, "largeur_min": null, "hauteur_max": null, "cos": null, "cus": null, "type_construction": "Santé", "Surface": 1139, "layer": "S_eq", "path": "C:\\Users\\hp\\Downloads\\S_eq.geojson" }, "geometry": { "type": "Point", "coordinates": [ -6.921449155810716, 33.821359775426096 ] } },
{ "type": "Feature", "properties": { "ville": "Sidi Yahya des Zaers", "designation": "S3", "definition": "C.S.U.A", "surface_min": null, "largeur_min": null, "hauteur_max": null, "cos": null, "cus": null, "type_construction": "Santé", "Surface": 1409, "layer": "S_eq", "path": "C:\\Users\\hp\\Downloads\\S_eq.geojson" }, "geometry": { "type": "Point", "coordinates": [ -6.93716391061516, 33.822936477457532 ] } },
{ "type": "Feature", "properties": { "ville": "Sidi Yahya des Zaers", "designation": "S2", "definition": "Hopital de zone VNT", "surface_min": null, "largeur_min": null, "hauteur_max": null, "cos": null, "cus": null, "type_construction": "Santé", "Surface": 11683, "layer": "S_eq", "path": "C:\\Users\\hp\\Downloads\\S_eq.geojson" }, "geometry": { "type": "Point", "coordinates": [ -6.944644894793004, 33.823642993212914 ] } },
{ "type": "Feature", "properties": { "ville": "Sidi Yahya des Zaers", "designation": "S9", "definition": "Centre de santé", "surface_min": null, "largeur_min": null, "hauteur_max": null, "cos": null, "cus": null, "type_construction": "Santé", "Surface": 2354, "layer": "S_eq", "path": "C:\\Users\\hp\\Downloads\\S_eq.geojson" }, "geometry": { "type": "Point", "coordinates": [ -6.905354937731933, 33.825838704264321 ] } },
{ "type": "Feature", "properties": { "ville": "Sidi Yahya des Zaers", "designation": "S4", "definition": "C.S.U.A", "surface_min": null, "largeur_min": null, "hauteur_max": null, "cos": null, "cus": null, "type_construction": "Santé", "Surface": 1223, "layer": "S_eq", "path": "C:\\Users\\hp\\Downloads\\S_eq.geojson" }, "geometry": { "type": "Point", "coordinates": [ -6.92147908768582, 33.825819158810525 ] } },
{ "type": "Feature", "properties": { "ville": "Sidi Yahya des Zaers", "designation": "S5", "definition": "C.S.U.A", "surface_min": null, "largeur_min": null, "hauteur_max": null, "cos": null, "cus": null, "type_construction": "Santé", "Surface": 1221, "layer": "S_eq", "path": "C:\\Users\\hp\\Downloads\\S_eq.geojson" }, "geometry": { "type": "Point", "coordinates": [ -6.928844527995037, 33.83189339585924 ] } },
{ "type": "Feature", "properties": { "ville": "Sidi Yahya des Zaers", "designation": "S10", "definition": "C.S.U.A", "surface_min": null, "largeur_min": null, "hauteur_max": null, "cos": null, "cus": null, "type_construction": "Santé", "Surface": 1800, "layer": "S_eq", "path": "C:\\Users\\hp\\Downloads\\S_eq.geojson" }, "geometry": { "type": "Point", "coordinates": [ -6.938674021276793, 33.833228816766209 ] } },
{ "type": "Feature", "properties": { "ville": "Sidi Yahya des Zaers", "designation": "S7", "definition": "C.S.U.A", "surface_min": null, "largeur_min": null, "hauteur_max": null, "cos": null, "cus": null, "type_construction": "Santé", "Surface": 1455, "layer": "S_eq", "path": "C:\\Users\\hp\\Downloads\\S_eq.geojson" }, "geometry": { "type": "Point", "coordinates": [ -6.914569865482474, 33.833705895953813 ] } },
{ "type": "Feature", "properties": { "ville": "Sidi Yahya des Zaers", "designation": "S12", "definition": "Centre de santé", "surface_min": null, "largeur_min": null, "hauteur_max": null, "cos": null, "cus": null, "type_construction": "Santé", "Surface": 1489, "layer": "S_eq", "path": "C:\\Users\\hp\\Downloads\\S_eq.geojson" }, "geometry": { "type": "Point", "coordinates": [ -6.948683933477892, 33.838896990645637 ] } },
{ "type": "Feature", "properties": { "ville": "Sidi Yahya des Zaers", "designation": "S6", "definition": "Hopital VNT", "surface_min": null, "largeur_min": null, "hauteur_max": null, "cos": null, "cus": null, "type_construction": "Santé", "Surface": 30000, "layer": "S_eq", "path": "C:\\Users\\hp\\Downloads\\S_eq.geojson" }, "geometry": { "type": "Point", "coordinates": [ -6.930120124760136, 33.838690460169708 ] } },
{ "type": "Feature", "properties": { "ville": "Mers El Kheir", "designation": "S03", "definition": "Centre de santé", "surface_min": null, "largeur_min": null, "hauteur_max": null, "cos": null, "cus": null, "type_construction": "Equipement de Santé", "Surface": 1979, "layer": "S_eq", "path": "C:\\Users\\hp\\Downloads\\S_eq.geojson" }, "geometry": { "type": "Point", "coordinates": [ -6.931635376881927, 33.863981695347995 ] } },
{ "type": "Feature", "properties": { "ville": "Mers El Kheir", "designation": "S02", "definition": "Centre de santé", "surface_min": null, "largeur_min": null, "hauteur_max": null, "cos": null, "cus": null, "type_construction": "Equipement de Santé", "Surface": 1152, "layer": "S_eq", "path": "C:\\Users\\hp\\Downloads\\S_eq.geojson" }, "geometry": { "type": "Point", "coordinates": [ -6.921726563057765, 33.861619105265746 ] } },
{ "type": "Feature", "properties": { "ville": "Mers El Kheir", "designation": "S04", "definition": "Centre de santé", "surface_min": null, "largeur_min": null, "hauteur_max": null, "cos": null, "cus": null, "type_construction": "Equipement de Santé", "Surface": 1290, "layer": "S_eq", "path": "C:\\Users\\hp\\Downloads\\S_eq.geojson" }, "geometry": { "type": "Point", "coordinates": [ -6.913785267103784, 33.871822460630725 ] } },
{ "type": "Feature", "properties": { "ville": "Mers El Kheir", "designation": "S06", "definition": "Centre de santé", "surface_min": null, "largeur_min": null, "hauteur_max": null, "cos": null, "cus": null, "type_construction": "Equipement de Santé", "Surface": 2100, "layer": "S_eq", "path": "C:\\Users\\hp\\Downloads\\S_eq.geojson" }, "geometry": { "type": "Point", "coordinates": [ -6.907373125188733, 33.869783007648266 ] } },
{ "type": "Feature", "properties": { "ville": "Mers El Kheir", "designation": "S05", "definition": "Dispensaire", "surface_min": null, "largeur_min": null, "hauteur_max": null, "cos": null, "cus": null, "type_construction": "Equipement de Santé", "Surface": 1872, "layer": "S_eq", "path": "C:\\Users\\hp\\Downloads\\S_eq.geojson" }, "geometry": { "type": "Point", "coordinates": [ -6.919735759489172, 33.878277342197073 ] } },
{ "type": "Feature", "properties": { "ville": "AIN AOUDA", "designation": "S2", "definition": "Centre de sant�", "surface_min": null, "largeur_min": null, "hauteur_max": null, "cos": null, "cus": null, "type_construction": "Santr", "Surface": 4403, "layer": "S_eq", "path": "C:\\Users\\hp\\Downloads\\S_eq.geojson" }, "geometry": { "type": "Point", "coordinates": [ -6.794224574847187, 33.828415413497822 ] } },
{ "type": "Feature", "properties": { "ville": "AIN AOUDA", "designation": "S6", "definition": "Centre de sant�", "surface_min": null, "largeur_min": null, "hauteur_max": null, "cos": null, "cus": null, "type_construction": "Santu", "Surface": 1040, "layer": "S_eq", "path": "C:\\Users\\hp\\Downloads\\S_eq.geojson" }, "geometry": { "type": "Point", "coordinates": [ -6.787122143782645, 33.8106004400844 ] } },
{ "type": "Feature", "properties": { "ville": "AIN AOUDA", "designation": "S14", "definition": "Centre de sant�", "surface_min": null, "largeur_min": null, "hauteur_max": null, "cos": null, "cus": null, "type_construction": "Santt", "Surface": 837, "layer": "S_eq", "path": "C:\\Users\\hp\\Downloads\\S_eq.geojson" }, "geometry": { "type": "Point", "coordinates": [ -6.794779167014572, 33.806499832027107 ] } },
{ "type": "Feature", "properties": { "ville": "AIN AOUDA", "designation": "S2", "definition": "Centre de sant�", "surface_min": null, "largeur_min": null, "hauteur_max": null, "cos": null, "cus": null, "type_construction": "Santr", "Surface": 2349, "layer": "S_eq", "path": "C:\\Users\\hp\\Downloads\\S_eq.geojson" }, "geometry": { "type": "Point", "coordinates": [ -6.790401436768561, 33.803990074322108 ] } },
{ "type": "Feature", "properties": { "ville": "AIN AOUDA", "designation": "S15", "definition": "Centre de sant�", "surface_min": null, "largeur_min": null, "hauteur_max": null, "cos": null, "cus": null, "type_construction": "Santu", "Surface": 1028, "layer": "S_eq", "path": "C:\\Users\\hp\\Downloads\\S_eq.geojson" }, "geometry": { "type": "Point", "coordinates": [ -6.786008990372603, 33.801560369405493 ] } },
{ "type": "Feature", "properties": { "ville": "AIN AOUDA", "designation": "S12", "definition": "Centre de sant�", "surface_min": null, "largeur_min": null, "hauteur_max": null, "cos": null, "cus": null, "type_construction": "Santu", "Surface": 496, "layer": "S_eq", "path": "C:\\Users\\hp\\Downloads\\S_eq.geojson" }, "geometry": { "type": "Point", "coordinates": [ -6.790864578170615, 33.799560435272745 ] } },
{ "type": "Feature", "properties": { "ville": "AIN AOUDA", "designation": "S3", "definition": "Centre de sant�", "surface_min": null, "largeur_min": null, "hauteur_max": null, "cos": null, "cus": null, "type_construction": "Santu", "Surface": 1308, "layer": "S_eq", "path": "C:\\Users\\hp\\Downloads\\S_eq.geojson" }, "geometry": { "type": "Point", "coordinates": [ -6.803244408714961, 33.800182987375891 ] } },
{ "type": "Feature", "properties": { "ville": "AIN AOUDA", "designation": "S4", "definition": "H�pital", "surface_min": null, "largeur_min": null, "hauteur_max": null, "cos": null, "cus": null, "type_construction": "Santt", "Surface": 15209, "layer": "S_eq", "path": "C:\\Users\\hp\\Downloads\\S_eq.geojson" }, "geometry": { "type": "Point", "coordinates": [ -6.802623873904777, 33.795162111609201 ] } },
{ "type": "Feature", "properties": { "ville": "AIN AOUDA", "designation": "S5", "definition": "Dispensaire", "surface_min": null, "largeur_min": null, "hauteur_max": null, "cos": null, "cus": null, "type_construction": "Sante", "Surface": 789, "layer": "S_eq", "path": "C:\\Users\\hp\\Downloads\\S_eq.geojson" }, "geometry": { "type": "Point", "coordinates": [ -6.805351809990642, 33.793023745035839 ] } },
{ "type": "Feature", "properties": { "ville": "AIN AOUDA", "designation": "S7", "definition": "Centre de sant�", "surface_min": null, "largeur_min": null, "hauteur_max": null, "cos": null, "cus": null, "type_construction": "Santr", "Surface": 2962, "layer": "S_eq", "path": "C:\\Users\\hp\\Downloads\\S_eq.geojson" }, "geometry": { "type": "Point", "coordinates": [ -6.797908469941897, 33.78573185348494 ] } },
{ "type": "Feature", "properties": { "ville": "AIN AOUDA", "designation": "S9", "definition": "Centre de sant�", "surface_min": null, "largeur_min": null, "hauteur_max": null, "cos": null, "cus": null, "type_construction": "Santu", "Surface": 543, "layer": "S_eq", "path": "C:\\Users\\hp\\Downloads\\S_eq.geojson" }, "geometry": { "type": "Point", "coordinates": [ -6.798675205441339, 33.792112844976586 ] } },
{ "type": "Feature", "properties": { "ville": "AIN AOUDA", "designation": "S11", "definition": "Centre de sant�", "surface_min": null, "largeur_min": null, "hauteur_max": null, "cos": null, "cus": null, "type_construction": "Santr", "Surface": 747, "layer": "S_eq", "path": "C:\\Users\\hp\\Downloads\\S_eq.geojson" }, "geometry": { "type": "Point", "coordinates": [ -6.790706413950904, 33.788918468100029 ] } },
{ "type": "Feature", "properties": { "ville": "AIN AOUDA", "designation": "S10", "definition": "Centre de sant�", "surface_min": null, "largeur_min": null, "hauteur_max": null, "cos": null, "cus": null, "type_construction": "Santt", "Surface": 4447, "layer": "S_eq", "path": "C:\\Users\\hp\\Downloads\\S_eq.geojson" }, "geometry": { "type": "Point", "coordinates": [ -6.782228618074549, 33.795886601595932 ] } },
{ "type": "Feature", "properties": { "ville": "AIN AOUDA", "designation": "S13", "definition": "Centre de sant�", "surface_min": null, "largeur_min": null, "hauteur_max": null, "cos": null, "cus": null, "type_construction": "Santu", "Surface": 928, "layer": "S_eq", "path": "C:\\Users\\hp\\Downloads\\S_eq.geojson" }, "geometry": { "type": "Point", "coordinates": [ -6.783087610469033, 33.800746134017928 ] } },
{ "type": "Feature", "properties": { "ville": "Oum Azza", "designation": "S1", "definition": "Centre de Sant", "surface_min": null, "largeur_min": null, "hauteur_max": null, "cos": null, "cus": null, "type_construction": "Sant", "Surface": 1138, "layer": "S_eq", "path": "C:\\Users\\hp\\Downloads\\S_eq.geojson" }, "geometry": { "type": "Point", "coordinates": [ -6.782127106985509, 33.825725879746471 ] } },
{ "type": "Feature", "properties": { "ville": "Temara", "designation": "S08", "definition": "Hôpital régional", "surface_min": null, "largeur_min": null, "hauteur_max": null, "cos": null, "cus": null, "type_construction": "Santé", "Surface": 30753, "layer": "S_eq", "path": "C:\\Users\\hp\\Downloads\\S_eq.geojson" }, "geometry": { "type": "Point", "coordinates": [ -6.927095280830201, 33.918307139225597 ] } },
{ "type": "Feature", "properties": { "ville": "Temara", "designation": "S16", "definition": "Centre de santé", "surface_min": null, "largeur_min": null, "hauteur_max": null, "cos": null, "cus": null, "type_construction": "Santé", "Surface": 879, "layer": "S_eq", "path": "C:\\Users\\hp\\Downloads\\S_eq.geojson" }, "geometry": { "type": "Point", "coordinates": [ -6.932090001835055, 33.901045511342481 ] } },
{ "type": "Feature", "properties": { "ville": "Temara", "designation": "S29", "definition": "Centre d’addictologie", "surface_min": null, "largeur_min": null, "hauteur_max": null, "cos": null, "cus": null, "type_construction": "Santé", "Surface": 2672, "layer": "S_eq", "path": "C:\\Users\\hp\\Downloads\\S_eq.geojson" }, "geometry": { "type": "Point", "coordinates": [ -6.928147930495868, 33.909739476538412 ] } },
{ "type": "Feature", "properties": { "ville": "Temara", "designation": "S30", "definition": "Centre d’Hémodialyse", "surface_min": null, "largeur_min": null, "hauteur_max": null, "cos": null, "cus": null, "type_construction": "Santé", "Surface": 2659, "layer": "S_eq", "path": "C:\\Users\\hp\\Downloads\\S_eq.geojson" }, "geometry": { "type": "Point", "coordinates": [ -6.927817313423606, 33.909528337489149 ] } },
{ "type": "Feature", "properties": { "ville": "Temara", "designation": "S15", "definition": "Centre de santé", "surface_min": null, "largeur_min": null, "hauteur_max": null, "cos": null, "cus": null, "type_construction": "Santé", "Surface": 2373, "layer": "S_eq", "path": "C:\\Users\\hp\\Downloads\\S_eq.geojson" }, "geometry": { "type": "Point", "coordinates": [ -6.90750086007072, 33.896736057013428 ] } },
{ "type": "Feature", "properties": { "ville": "Temara", "designation": "S14", "definition": "Centre médical de proximité", "surface_min": null, "largeur_min": null, "hauteur_max": null, "cos": null, "cus": null, "type_construction": "Santé", "Surface": 9035, "layer": "S_eq", "path": "C:\\Users\\hp\\Downloads\\S_eq.geojson" }, "geometry": { "type": "Point", "coordinates": [ -6.910656828696513, 33.925122682308675 ] } },
{ "type": "Feature", "properties": { "ville": "Temara", "designation": "S01", "definition": "Centre de santé", "surface_min": null, "largeur_min": null, "hauteur_max": null, "cos": null, "cus": null, "type_construction": "Santé", "Surface": 265, "layer": "S_eq", "path": "C:\\Users\\hp\\Downloads\\S_eq.geojson" }, "geometry": { "type": "Point", "coordinates": [ -6.934800585980112, 33.928692361854552 ] } },
{ "type": "Feature", "properties": { "ville": "Temara", "designation": "S07", "definition": "Centre d'hémodialyse", "surface_min": null, "largeur_min": null, "hauteur_max": null, "cos": null, "cus": null, "type_construction": "Santé", "Surface": 1927, "layer": "S_eq", "path": "C:\\Users\\hp\\Downloads\\S_eq.geojson" }, "geometry": { "type": "Point", "coordinates": [ -6.895749153047841, 33.934986636071905 ] } },
{ "type": "Feature", "properties": { "ville": "Temara", "designation": "S28", "definition": "Hôpital Al Maamoura", "surface_min": null, "largeur_min": null, "hauteur_max": null, "cos": null, "cus": null, "type_construction": "Santé", "Surface": 2178, "layer": "S_eq", "path": "C:\\Users\\hp\\Downloads\\S_eq.geojson" }, "geometry": { "type": "Point", "coordinates": [ -6.88532460044931, 33.920950701867234 ] } },
{ "type": "Feature", "properties": { "ville": "Temara", "designation": "S23", "definition": "Dispensaire Massira II", "surface_min": null, "largeur_min": null, "hauteur_max": null, "cos": null, "cus": null, "type_construction": "Santé", "Surface": 2901, "layer": "S_eq", "path": "C:\\Users\\hp\\Downloads\\S_eq.geojson" }, "geometry": { "type": "Point", "coordinates": [ -6.893220615541555, 33.91782791814142 ] } },
{ "type": "Feature", "properties": { "ville": "Temara", "designation": "S09", "definition": "Centre de santé", "surface_min": null, "largeur_min": null, "hauteur_max": null, "cos": null, "cus": null, "type_construction": "Santé", "Surface": 2141, "layer": "S_eq", "path": "C:\\Users\\hp\\Downloads\\S_eq.geojson" }, "geometry": { "type": "Point", "coordinates": [ -6.90230876734814, 33.928309550548484 ] } },
{ "type": "Feature", "properties": { "ville": "Temara", "designation": "S25", "definition": "Dispensaire", "surface_min": null, "largeur_min": null, "hauteur_max": null, "cos": null, "cus": null, "type_construction": "Santé", "Surface": 217, "layer": "S_eq", "path": "C:\\Users\\hp\\Downloads\\S_eq.geojson" }, "geometry": { "type": "Point", "coordinates": [ -6.920649336578402, 33.906364188894344 ] } },
{ "type": "Feature", "properties": { "ville": "Temara", "designation": "S04", "definition": "Centre de santé", "surface_min": null, "largeur_min": null, "hauteur_max": null, "cos": null, "cus": null, "type_construction": "Santé", "Surface": 850, "layer": "S_eq", "path": "C:\\Users\\hp\\Downloads\\S_eq.geojson" }, "geometry": { "type": "Point", "coordinates": [ -6.885452585913084, 33.940654423905663 ] } },
{ "type": "Feature", "properties": { "ville": "Temara", "designation": "S05", "definition": "Centre de santé", "surface_min": null, "largeur_min": null, "hauteur_max": null, "cos": null, "cus": null, "type_construction": "Santé", "Surface": 803, "layer": "S_eq", "path": "C:\\Users\\hp\\Downloads\\S_eq.geojson" }, "geometry": { "type": "Point", "coordinates": [ -6.898611794544822, 33.931190691754082 ] } },
{ "type": "Feature", "properties": { "ville": "Temara", "designation": "S12", "definition": "Centre de santé", "surface_min": null, "largeur_min": null, "hauteur_max": null, "cos": null, "cus": null, "type_construction": "Santé", "Surface": 524, "layer": "S_eq", "path": "C:\\Users\\hp\\Downloads\\S_eq.geojson" }, "geometry": { "type": "Point", "coordinates": [ -6.922516753062861, 33.927898292265546 ] } },
{ "type": "Feature", "properties": { "ville": "Temara", "designation": "S17", "definition": "Centre de santé", "surface_min": null, "largeur_min": null, "hauteur_max": null, "cos": null, "cus": null, "type_construction": "Santé", "Surface": 203, "layer": "S_eq", "path": "C:\\Users\\hp\\Downloads\\S_eq.geojson" }, "geometry": { "type": "Point", "coordinates": [ -6.934820837701121, 33.91915461058251 ] } },
{ "type": "Feature", "properties": { "ville": "Temara", "designation": "S13", "definition": "Centre de santé", "surface_min": null, "largeur_min": null, "hauteur_max": null, "cos": null, "cus": null, "type_construction": "Santé", "Surface": 1058, "layer": "S_eq", "path": "C:\\Users\\hp\\Downloads\\S_eq.geojson" }, "geometry": { "type": "Point", "coordinates": [ -6.893786388203026, 33.938937797388519 ] } },
{ "type": "Feature", "properties": { "ville": "Temara", "designation": "S06", "definition": "Centre de santé", "surface_min": null, "largeur_min": null, "hauteur_max": null, "cos": null, "cus": null, "type_construction": "Santé", "Surface": 1329, "layer": "S_eq", "path": "C:\\Users\\hp\\Downloads\\S_eq.geojson" }, "geometry": { "type": "Point", "coordinates": [ -6.927284577097176, 33.887482284357404 ] } },
{ "type": "Feature", "properties": { "ville": "Temara", "designation": "S31", "definition": "Hôpital SIDI LEHCEN", "surface_min": null, "largeur_min": null, "hauteur_max": null, "cos": null, "cus": null, "type_construction": "Santé", "Surface": 13548, "layer": "S_eq", "path": "C:\\Users\\hp\\Downloads\\S_eq.geojson" }, "geometry": { "type": "Point", "coordinates": [ -6.938071199013423, 33.904113471386147 ] } },
{ "type": "Feature", "properties": { "ville": "Temara", "designation": "S11", "definition": "Clinique", "surface_min": null, "largeur_min": null, "hauteur_max": null, "cos": null, "cus": null, "type_construction": "Santé", "Surface": 620, "layer": "S_eq", "path": "C:\\Users\\hp\\Downloads\\S_eq.geojson" }, "geometry": { "type": "Point", "coordinates": [ -6.921286067474679, 33.924763850330272 ] } },
{ "type": "Feature", "properties": { "ville": "Temara", "designation": "S22", "definition": "Centre pour enfants autistes", "surface_min": null, "largeur_min": null, "hauteur_max": null, "cos": null, "cus": null, "type_construction": "Santé", "Surface": 2202, "layer": "S_eq", "path": "C:\\Users\\hp\\Downloads\\S_eq.geojson" }, "geometry": { "type": "Point", "coordinates": [ -6.92759560721348, 33.909919286887309 ] } },
{ "type": "Feature", "properties": { "ville": "Temara", "designation": "S21", "definition": "Centre de santé", "surface_min": null, "largeur_min": null, "hauteur_max": null, "cos": null, "cus": null, "type_construction": "Santé", "Surface": 1325, "layer": "S_eq", "path": "C:\\Users\\hp\\Downloads\\S_eq.geojson" }, "geometry": { "type": "Point", "coordinates": [ -6.913525349436386, 33.901244797896602 ] } },
{ "type": "Feature", "properties": { "ville": "Temara", "designation": "S20", "definition": "Centre de santé", "surface_min": null, "largeur_min": null, "hauteur_max": null, "cos": null, "cus": null, "type_construction": "Santé", "Surface": 2234, "layer": "S_eq", "path": "C:\\Users\\hp\\Downloads\\S_eq.geojson" }, "geometry": { "type": "Point", "coordinates": [ -6.902697558925444, 33.908365331034396 ] } },
{ "type": "Feature", "properties": { "ville": "Temara", "designation": "S26", "definition": "Equipement de santé", "surface_min": null, "largeur_min": null, "hauteur_max": null, "cos": null, "cus": null, "type_construction": "Santé", "Surface": 545, "layer": "S_eq", "path": "C:\\Users\\hp\\Downloads\\S_eq.geojson" }, "geometry": { "type": "Point", "coordinates": [ -6.889809114029705, 33.914053431762802 ] } },
{ "type": "Feature", "properties": { "ville": "Temara", "designation": "S32", "definition": "Equipement de santé", "surface_min": null, "largeur_min": null, "hauteur_max": null, "cos": null, "cus": null, "type_construction": "Santé", "Surface": 806, "layer": "S_eq", "path": "C:\\Users\\hp\\Downloads\\S_eq.geojson" }, "geometry": { "type": "Point", "coordinates": [ -6.933792691931779, 33.876875486637744 ] } },
{ "type": "Feature", "properties": { "ville": "Temara", "designation": "S10", "definition": "Centre de santé", "surface_min": null, "largeur_min": null, "hauteur_max": null, "cos": null, "cus": null, "type_construction": "Santé", "Surface": 1256, "layer": "S_eq", "path": "C:\\Users\\hp\\Downloads\\S_eq.geojson" }, "geometry": { "type": "Point", "coordinates": [ -6.906322781599094, 33.92271566441655 ] } },
{ "type": "Feature", "properties": { "ville": "Temara", "designation": "S24", "definition": "Centre de santé", "surface_min": null, "largeur_min": null, "hauteur_max": null, "cos": null, "cus": null, "type_construction": "Santé", "Surface": 1972, "layer": "S_eq", "path": "C:\\Users\\hp\\Downloads\\S_eq.geojson" }, "geometry": { "type": "Point", "coordinates": [ -6.946433971908877, 33.907075507824487 ] } },
{ "type": "Feature", "properties": { "ville": "Temara", "designation": "S19", "definition": "Centre de santé", "surface_min": null, "largeur_min": null, "hauteur_max": null, "cos": null, "cus": null, "type_construction": "Santé", "Surface": 1015, "layer": "S_eq", "path": "C:\\Users\\hp\\Downloads\\S_eq.geojson" }, "geometry": { "type": "Point", "coordinates": [ -6.909146944328373, 33.902237288466736 ] } },
{ "type": "Feature", "properties": { "ville": "Temara", "designation": "S18", "definition": "Centre de santé", "surface_min": null, "largeur_min": null, "hauteur_max": null, "cos": null, "cus": null, "type_construction": "Santé", "Surface": 724, "layer": "S_eq", "path": "C:\\Users\\hp\\Downloads\\S_eq.geojson" }, "geometry": { "type": "Point", "coordinates": [ -6.938376268979581, 33.918977312646533 ] } },
{ "type": "Feature", "properties": { "ville": "Temara", "designation": "S27", "definition": "Centre de santé", "surface_min": null, "largeur_min": null, "hauteur_max": null, "cos": null, "cus": null, "type_construction": "Santé", "Surface": 1116, "layer": "S_eq", "path": "C:\\Users\\hp\\Downloads\\S_eq.geojson" }, "geometry": { "type": "Point", "coordinates": [ -6.924430184858634, 33.914591391579606 ] } },
{ "type": "Feature", "properties": { "ville": "Temara", "designation": "S03", "definition": "Centre de santé", "surface_min": null, "largeur_min": null, "hauteur_max": null, "cos": null, "cus": null, "type_construction": "Santé", "Surface": 4920, "layer": "S_eq", "path": "C:\\Users\\hp\\Downloads\\S_eq.geojson" }, "geometry": { "type": "Point", "coordinates": [ -6.912595256012409, 33.908870235029774 ] } },
{ "type": "Feature", "properties": { "ville": "Temara", "designation": "S02", "definition": "Centre de santé", "surface_min": null, "largeur_min": null, "hauteur_max": null, "cos": null, "cus": null, "type_construction": "Santé", "Surface": 376, "layer": "S_eq", "path": "C:\\Users\\hp\\Downloads\\S_eq.geojson" }, "geometry": { "type": "Point", "coordinates": [ -6.916734792276884, 33.928088072981687 ] } },
{ "type": "Feature", "properties": { "ville": "RA El Menzeh", "designation": "S03", "definition": "Centre de sante", "surface_min": null, "largeur_min": null, "hauteur_max": null, "cos": null, "cus": null, "type_construction": "Sante publique", "Surface": 1617, "layer": "S_eq", "path": "C:\\Users\\hp\\Downloads\\S_eq.geojson" }, "geometry": { "type": "Point", "coordinates": [ -6.874303190078323, 33.863697908088596 ] } },
{ "type": "Feature", "properties": { "ville": "PA-SKHIRATE", "designation": "S11", "definition": null, "surface_min": null, "largeur_min": null, "hauteur_max": null, "cos": null, "cus": null, "type_construction": "Santé", "Surface": 1605, "layer": "S_eq", "path": "C:\\Users\\hp\\Downloads\\S_eq.geojson" }, "geometry": { "type": "Point", "coordinates": [ -7.005935091262121, 33.870171632134102 ] } },
{ "type": "Feature", "properties": { "ville": "PA-SKHIRATE", "designation": "S03", "definition": null, "surface_min": null, "largeur_min": null, "hauteur_max": null, "cos": null, "cus": null, "type_construction": "Santé", "Surface": 1548, "layer": "S_eq", "path": "C:\\Users\\hp\\Downloads\\S_eq.geojson" }, "geometry": { "type": "Point", "coordinates": [ -7.001039711616363, 33.85408325394728 ] } },
{ "type": "Feature", "properties": { "ville": "PA-SKHIRATE", "designation": "S05", "definition": null, "surface_min": null, "largeur_min": null, "hauteur_max": null, "cos": null, "cus": null, "type_construction": "Santé", "Surface": 1606, "layer": "S_eq", "path": "C:\\Users\\hp\\Downloads\\S_eq.geojson" }, "geometry": { "type": "Point", "coordinates": [ -7.00753831513552, 33.85326754419318 ] } },
{ "type": "Feature", "properties": { "ville": "RA Ain Attig", "designation": "S8", "definition": "Centre de santé Rural de proximité au profil de la population rurale", "surface_min": null, "largeur_min": null, "hauteur_max": null, "cos": null, "cus": null, "type_construction": "Santé", "Surface": 1907, "layer": "S_eq", "path": "C:\\Users\\hp\\Downloads\\S_eq.geojson" }, "geometry": { "type": "Point", "coordinates": [ -6.942796994209083, 33.871629469300522 ] } }
]
}
