{
"type": "FeatureCollection",
"name": "CadGis_Temara",
"crs": { "type": "name", "properties": { "name": "urn:ogc:def:crs:OGC:1.3:CRS84" } },
"features": [
{ "type": "Feature", "properties": { "fid": 12, "indice": "03", "complement": "", "Consistance": "TN", "num": "T100926", "surface": 23940 }, "geometry": { "type": "Polygon", "coordinates": [ [ [ -6.821462276110101, 33.826845943765612 ], [ -6.821073319765611, 33.827712614711025 ], [ -6.820625788662917, 33.828699004976727 ], [ -6.819939893356288, 33.830245495435761 ], [ -6.820127546877626, 33.83028755884132 ], [ -6.821501541143298, 33.828192085291668 ], [ -6.822345199480871, 33.82816896119467 ], [ -6.822302034733715, 33.827114189012221 ], [ -6.821462276110101, 33.826845943765612 ] ] ] } },
{ "type": "Feature", "properties": { "fid": 13, "indice": "03", "complement": "", "Consistance": "TN", "num": "T103604", "surface": 10159 }, "geometry": { "type": "Polygon", "coordinates": [ [ [ -6.842385439889739, 33.819917530155926 ], [ -6.841879745986995, 33.820506918278888 ], [ -6.842212557339908, 33.820701505765896 ], [ -6.843005893606998, 33.821167672660096 ], [ -6.843495302785148, 33.820573958405113 ], [ -6.842385439889739, 33.819917530155926 ] ] ] } },
{ "type": "Feature", "properties": { "fid": 14, "indice": "03", "complement": "", "Consistance": "TN", "num": "T103661", "surface": 11822 }, "geometry": { "type": "Polygon", "coordinates": [ [ [ -6.843005893606998, 33.821167672660096 ], [ -6.842212557339908, 33.820701505765896 ], [ -6.841399848429845, 33.821675953177113 ], [ -6.842210356686667, 33.822134711528761 ], [ -6.843005893606998, 33.821167672660096 ] ] ] } },
{ "type": "Feature", "properties": { "fid": 15, "indice": "03", "complement": "", "Consistance": "TN", "num": "T103662", "surface": 10807 }, "geometry": { "type": "Polygon", "coordinates": [ [ [ -6.842212557339908, 33.820701505765896 ], [ -6.841879745986995, 33.820506918278888 ], [ -6.841481454736866, 33.820273399651178 ], [ -6.840677713211702, 33.82126758169867 ], [ -6.841399848429845, 33.821675953177113 ], [ -6.842212557339908, 33.820701505765896 ] ] ] } },
{ "type": "Feature", "properties": { "fid": 16, "indice": "03", "complement": "", "Consistance": "TN", "num": "T103663", "surface": 10900 }, "geometry": { "type": "Polygon", "coordinates": [ [ [ -6.841481454736866, 33.820273399651178 ], [ -6.840754695859933, 33.819846141163119 ], [ -6.839955569855603, 33.820858304229311 ], [ -6.840677713211702, 33.82126758169867 ], [ -6.841481454736866, 33.820273399651178 ] ] ] } },
{ "type": "Feature", "properties": { "fid": 17, "indice": "03", "complement": "LNVECT", "Consistance": "TN", "num": "T105080", "surface": 13867 }, "geometry": { "type": "Polygon", "coordinates": [ [ [ -6.810666864601122, 33.817150659340399 ], [ -6.810709933569164, 33.817141153955731 ], [ -6.810834848131354, 33.817114490027436 ], [ -6.810960871495677, 33.817022874057976 ], [ -6.810991398819495, 33.81697292300553 ], [ -6.811056264280128, 33.816908153369866 ], [ -6.81108971119195, 33.816838326738655 ], [ -6.81111780002739, 33.816771266388535 ], [ -6.81113928970897, 33.816697065034681 ], [ -6.811138762857802, 33.816597857994275 ], [ -6.811143944680117, 33.816517527170554 ], [ -6.811165842522158, 33.81640183212695 ], [ -6.811180791432069, 33.816324096847076 ], [ -6.811206121124328, 33.816286831511107 ], [ -6.81123314394, 33.81622068509099 ], [ -6.811274386788489, 33.816165201362338 ], [ -6.811280152958551, 33.816120941380163 ], [ -6.811288021397536, 33.816073049917286 ], [ -6.811300591204568, 33.816048555723086 ], [ -6.811316124446292, 33.816006891277745 ], [ -6.811341161726848, 33.815951590480815 ], [ -6.811345715970432, 33.815899226746495 ], [ -6.811351423633974, 33.8158513596712 ], [ -6.811342399809191, 33.815761267900506 ], [ -6.811338894694329, 33.815678329312078 ], [ -6.811332658968992, 33.815560246023736 ], [ -6.811343286165124, 33.815482559493162 ], [ -6.811338991960822, 33.815350925227889 ], [ -6.811352495871591, 33.8153174011087 ], [ -6.811354305863204, 33.815295734193398 ], [ -6.81134414429825, 33.815268790820674 ], [ -6.811332653968714, 33.815226529525411 ], [ -6.811328185436165, 33.815150817293755 ], [ -6.810413143230638, 33.81529553347584 ], [ -6.810614743654396, 33.817135012645352 ], [ -6.810666864601122, 33.817150659340399 ] ] ] } },
{ "type": "Feature", "properties": { "fid": 18, "indice": "03", "complement": "", "Consistance": "TN", "num": "T105081", "surface": 19431 }, "geometry": { "type": "Polygon", "coordinates": [ [ [ -6.811328185436165, 33.815150817293755 ], [ -6.81075542073833, 33.814745999460122 ], [ -6.809917569037641, 33.814318914976177 ], [ -6.809115594777926, 33.813971692858196 ], [ -6.809538171055197, 33.81324267323955 ], [ -6.80876128611777, 33.81310982695593 ], [ -6.808581211707601, 33.8137341926926 ], [ -6.808491188117564, 33.814047277189594 ], [ -6.810413143230638, 33.81529553347584 ], [ -6.811328185436165, 33.815150817293755 ] ] ] } },
{ "type": "Feature", "properties": { "fid": 19, "indice": "03", "complement": "", "Consistance": "TN", "num": "T107949", "surface": 10008 }, "geometry": { "type": "Polygon", "coordinates": [ [ [ -6.83404786648854, 33.805243279775397 ], [ -6.832972624411307, 33.805164515562169 ], [ -6.832877186762926, 33.806062140006382 ], [ -6.83395353491549, 33.806141794397377 ], [ -6.83404786648854, 33.805243279775397 ] ] ] } },
{ "type": "Feature", "properties": { "fid": 21, "indice": "03", "complement": "", "Consistance": "TN", "num": "T107951", "surface": 10013 }, "geometry": { "type": "Polygon", "coordinates": [ [ [ -6.831896289231739, 33.805084852700524 ], [ -6.830819970834226, 33.805006082341031 ], [ -6.830724525989141, 33.805904606957597 ], [ -6.831801950460214, 33.805984267514596 ], [ -6.831896289231739, 33.805084852700524 ] ] ] } },
{ "type": "Feature", "properties": { "fid": 22, "indice": "03", "complement": "", "Consistance": "TN", "num": "T107953", "surface": 10024 }, "geometry": { "type": "Polygon", "coordinates": [ [ [ -6.829730676922856, 33.804926549216944 ], [ -6.828654347650327, 33.804846858433294 ], [ -6.828573071553902, 33.805754238661599 ], [ -6.828808784012104, 33.805765073505739 ], [ -6.829648213323742, 33.805826728300467 ], [ -6.829730676922856, 33.804926549216944 ] ] ] } },
{ "type": "Feature", "properties": { "fid": 23, "indice": "03", "complement": "", "Consistance": "TN", "num": "T107954", "surface": 10211 }, "geometry": { "type": "Polygon", "coordinates": [ [ [ -6.828654347650327, 33.804846858433294 ], [ -6.82758029902201, 33.804774347886053 ], [ -6.827493994891815, 33.805705235207476 ], [ -6.828573071553902, 33.805754238661599 ], [ -6.828654347650327, 33.804846858433294 ] ] ] } },
{ "type": "Feature", "properties": { "fid": 24, "indice": "03", "complement": "LN VECT", "Consistance": "TN", "num": "T107955", "surface": 15311 }, "geometry": { "type": "Polygon", "coordinates": [ [ [ -6.82758029902201, 33.804774347886053 ], [ -6.827002752368339, 33.804737649866638 ], [ -6.826885879980323, 33.804792198690727 ], [ -6.826755719836136, 33.804827056371131 ], [ -6.826641526592551, 33.804847300604898 ], [ -6.82647676964408, 33.804880748995039 ], [ -6.826240821279224, 33.804921323131779 ], [ -6.8260381971968, 33.804951595265187 ], [ -6.825914503050465, 33.804985476347653 ], [ -6.825814632764962, 33.805022693304458 ], [ -6.825749624764544, 33.805077551339345 ], [ -6.825690401560967, 33.805155793827318 ], [ -6.825658051065314, 33.805225612301584 ], [ -6.825632890322013, 33.805338641936885 ], [ -6.82564366028233, 33.805402556918565 ], [ -6.825674066254202, 33.805477973161409 ], [ -6.825706573698409, 33.805549757660671 ], [ -6.825766219811815, 33.805629350053508 ], [ -6.825766175529776, 33.80562664473527 ], [ -6.827493994891815, 33.805705235207476 ], [ -6.82758029902201, 33.804774347886053 ] ] ] } },
{ "type": "Feature", "properties": { "fid": 29, "indice": "03", "complement": "", "Consistance": "TN", "num": "T107962", "surface": 10034 }, "geometry": { "type": "Polygon", "coordinates": [ [ [ -6.834418354533829, 33.801694393458526 ], [ -6.833059071377453, 33.801684731792641 ], [ -6.832993460147603, 33.802359235485859 ], [ -6.833263893245314, 33.802379585127944 ], [ -6.83433910121092, 33.80245834690372 ], [ -6.834418354533829, 33.801694393458526 ] ] ] } },
{ "type": "Feature", "properties": { "fid": 31, "indice": "03", "complement": "", "Consistance": "TN", "num": "T107964", "surface": 9185 }, "geometry": { "type": "Polygon", "coordinates": [ [ [ -6.833113752046756, 33.801133919474978 ], [ -6.833059071377453, 33.801684731792641 ], [ -6.834418354533829, 33.801694393458526 ], [ -6.834496541145289, 33.800931353950766 ], [ -6.833113752046756, 33.801133919474978 ] ] ] } },
{ "type": "Feature", "properties": { "fid": 40, "indice": "03", "complement": "", "Consistance": "TN", "num": "T107973", "surface": 13481 }, "geometry": { "type": "Polygon", "coordinates": [ [ [ -6.829396680658268, 33.803995957493896 ], [ -6.828072743925626, 33.803903760257732 ], [ -6.827426659447229, 33.804629086124173 ], [ -6.827205421557578, 33.804644239733769 ], [ -6.829310544727199, 33.804804180526176 ], [ -6.829396680658268, 33.803995957493896 ] ] ] } },
{ "type": "Feature", "properties": { "fid": 44, "indice": "03", "complement": "", "Consistance": "TN", "num": "T108942", "surface": 10370 }, "geometry": { "type": "Polygon", "coordinates": [ [ [ -6.827386091612497, 33.8274052964356 ], [ -6.827472856877129, 33.827424148378803 ], [ -6.827643023229776, 33.826927042953578 ], [ -6.825347237124964, 33.82663936432477 ], [ -6.825135149723745, 33.826952949673668 ], [ -6.827386091612497, 33.8274052964356 ] ] ] } },
{ "type": "Feature", "properties": { "fid": 49, "indice": "38", "complement": "", "Consistance": "TN", "num": "T1576", "surface": 5065 }, "geometry": { "type": "Polygon", "coordinates": [ [ [ -6.811068452919987, 33.80452170206209 ], [ -6.810593644275658, 33.803222856522673 ], [ -6.810317828341124, 33.803470394771175 ], [ -6.81064633592979, 33.804608543351051 ], [ -6.811068452919987, 33.80452170206209 ] ] ] } },
{ "type": "Feature", "properties": { "fid": 50, "indice": "38", "complement": "", "Consistance": "TN", "num": "T16465", "surface": 12544 }, "geometry": { "type": "Polygon", "coordinates": [ [ [ -6.805720904651062, 33.806494971010189 ], [ -6.805400468439814, 33.806456183263379 ], [ -6.805449020697993, 33.806184153838053 ], [ -6.804613724573265, 33.806310795386842 ], [ -6.804436340635997, 33.807304018802874 ], [ -6.805554950131292, 33.807459205531501 ], [ -6.805720904651062, 33.806494971010189 ] ] ] } },
{ "type": "Feature", "properties": { "fid": 51, "indice": "38", "complement": "", "Consistance": "TN", "num": "T30439", "surface": 13306 }, "geometry": { "type": "Polygon", "coordinates": [ [ [ -6.835427319165176, 33.829026909144531 ], [ -6.833763631666867, 33.828802476477733 ], [ -6.833667150335001, 33.829309568592173 ], [ -6.833559021667835, 33.829568761923966 ], [ -6.835293532853539, 33.829761718589069 ], [ -6.835427319165176, 33.829026909144531 ] ] ] } },
{ "type": "Feature", "properties": { "fid": 53, "indice": "38", "complement": "", "Consistance": "TN", "num": "T16918", "surface": 25535 }, "geometry": { "type": "Polygon", "coordinates": [ [ [ -6.835973288165476, 33.82818725100649 ], [ -6.834201683898714, 33.827183889230099 ], [ -6.833982560599113, 33.827659017102512 ], [ -6.833763631666867, 33.828802476477733 ], [ -6.835427319165176, 33.829026909144531 ], [ -6.835973288165476, 33.82818725100649 ] ] ] } },
{ "type": "Feature", "properties": { "fid": 56, "indice": "R", "complement": "", "Consistance": "TN", "num": "T17842", "surface": 5391 }, "geometry": { "type": "Polygon", "coordinates": [ [ [ -6.792033359702271, 33.809436043428668 ], [ -6.792522323091023, 33.809337697681968 ], [ -6.792376708608265, 33.80881258905206 ], [ -6.791431021751352, 33.808998095455387 ], [ -6.791578834633126, 33.809525886429512 ], [ -6.792033359702271, 33.809436043428668 ] ] ] } },
{ "type": "Feature", "properties": { "fid": 57, "indice": "38", "complement": "", "Consistance": "TN", "num": "T17963", "surface": 3470 }, "geometry": { "type": "Polygon", "coordinates": [ [ [ -6.80085253917227, 33.802738937987961 ], [ -6.800627436894078, 33.802043359878873 ], [ -6.800182666486544, 33.802132223653189 ], [ -6.800384059039552, 33.802831675914057 ], [ -6.80085253917227, 33.802738937987961 ] ] ] } },
{ "type": "Feature", "properties": { "fid": 63, "indice": "38", "complement": "", "Consistance": "TN", "num": "T22804", "surface": 24553 }, "geometry": { "type": "Polygon", "coordinates": [ [ [ -6.768960473682317, 33.802120027875397 ], [ -6.768048230912197, 33.80092503029411 ], [ -6.767656221035328, 33.800522547486558 ], [ -6.767300586719267, 33.800097117102702 ], [ -6.766901744390811, 33.800153792026777 ], [ -6.76657941399277, 33.80033590011557 ], [ -6.767169378847317, 33.800892255914171 ], [ -6.767318533975904, 33.801034032030408 ], [ -6.768421813929052, 33.802355018191307 ], [ -6.769559806698575, 33.803339192245069 ], [ -6.770300163837242, 33.803769418111514 ], [ -6.768960473682317, 33.802120027875397 ] ] ] } },
{ "type": "Feature", "properties": { "fid": 64, "indice": "38", "complement": "P1", "Consistance": "TN", "num": "T22995", "surface": 25502 }, "geometry": { "type": "Polygon", "coordinates": [ [ [ -6.768515505824184, 33.800410320976795 ], [ -6.768338212283226, 33.800196699439503 ], [ -6.767709799512152, 33.799875273127853 ], [ -6.767300629182848, 33.800099822445844 ], [ -6.76765626351016, 33.800525252829267 ], [ -6.768048273399398, 33.800927735636328 ], [ -6.768960516198431, 33.802122733216279 ], [ -6.770300206395763, 33.803772123450528 ], [ -6.770132120714613, 33.802839561136381 ], [ -6.768515505824184, 33.800410320976795 ] ] ] } },
{ "type": "Feature", "properties": { "fid": 67, "indice": "38", "complement": "", "Consistance": "TN", "num": "T2668", "surface": 10982 }, "geometry": { "type": "Polygon", "coordinates": [ [ [ -6.848467020815041, 33.827447850040883 ], [ -6.847590448721487, 33.826790568810132 ], [ -6.846889657797485, 33.827476036136019 ], [ -6.847780457999938, 33.828143980640043 ], [ -6.848467020815041, 33.827447850040883 ] ] ] } },
{ "type": "Feature", "properties": { "fid": 68, "indice": "38", "complement": "", "Consistance": "TN", "num": "T2670", "surface": 10086 }, "geometry": { "type": "Polygon", "coordinates": [ [ [ -6.84678830650555, 33.826189242217801 ], [ -6.846031073820626, 33.825623468570683 ], [ -6.845975250824829, 33.825580821214089 ], [ -6.845272251056658, 33.826263599440615 ], [ -6.846082051750995, 33.82687116061134 ], [ -6.84678830650555, 33.826189242217801 ] ] ] } },
{ "type": "Feature", "properties": { "fid": 69, "indice": "38", "complement": "", "Consistance": "TN", "num": "T2671", "surface": 10077 }, "geometry": { "type": "Polygon", "coordinates": [ [ [ -6.845975250824829, 33.825580821214089 ], [ -6.845161126036568, 33.824972407294339 ], [ -6.844461381184815, 33.825656045390353 ], [ -6.845272251056658, 33.826263599440615 ], [ -6.845975250824829, 33.825580821214089 ] ] ] } },
{ "type": "Feature", "properties": { "fid": 70, "indice": "38", "complement": "", "Consistance": "TN", "num": "T2672", "surface": 10986 }, "geometry": { "type": "Polygon", "coordinates": [ [ [ -6.845161126036568, 33.824972407294339 ], [ -6.844262725413073, 33.824299120232617 ], [ -6.843589224079401, 33.825001391090979 ], [ -6.844461381184815, 33.825656045390353 ], [ -6.845161126036568, 33.824972407294339 ] ] ] } },
{ "type": "Feature", "properties": { "fid": 73, "indice": "38", "complement": "", "Consistance": "TN", "num": "T2679", "surface": 12283 }, "geometry": { "type": "Polygon", "coordinates": [ [ [ -6.839438590274443, 33.825015877608259 ], [ -6.838918435777676, 33.825517930826344 ], [ -6.839288511139801, 33.826724070153368 ], [ -6.840102327885796, 33.825877701158262 ], [ -6.840307430145958, 33.825667892904725 ], [ -6.839438590274443, 33.825015877608259 ] ] ] } },
{ "type": "Feature", "properties": { "fid": 75, "indice": "38", "complement": "", "Consistance": "TN", "num": "T2683", "surface": 13107 }, "geometry": { "type": "Polygon", "coordinates": [ [ [ -6.840102342798345, 33.825878602923503 ], [ -6.839288511139801, 33.826724070153368 ], [ -6.839327364283741, 33.826851697864747 ], [ -6.839671732483543, 33.827613476974243 ], [ -6.840283795280195, 33.82698318920999 ], [ -6.840826721730209, 33.826420438346233 ], [ -6.840102342798345, 33.825878602923503 ] ] ] } },
{ "type": "Feature", "properties": { "fid": 76, "indice": "38", "complement": "", "Consistance": "TN", "num": "T2686", "surface": 12791 }, "geometry": { "type": "Polygon", "coordinates": [ [ [ -6.840879627490805, 33.827919749413752 ], [ -6.840180257847202, 33.828629514066158 ], [ -6.840676960389139, 33.829583451545282 ], [ -6.841284618132932, 33.828947798499193 ], [ -6.841692654475493, 33.82852730133196 ], [ -6.840879627490805, 33.827919749413752 ] ] ] } },
{ "type": "Feature", "properties": { "fid": 77, "indice": "38", "complement": "", "Consistance": "TN", "num": "T2687", "surface": 11577 }, "geometry": { "type": "Polygon", "coordinates": [ [ [ -6.841284618132932, 33.828947798499193 ], [ -6.840676960389139, 33.829583451545282 ], [ -6.840911391287466, 33.830035325707328 ], [ -6.84115434352872, 33.830544825060677 ], [ -6.842097642607063, 33.829554445819241 ], [ -6.841284618132932, 33.828947798499193 ] ] ] } },
{ "type": "Feature", "properties": { "fid": 78, "indice": "38", "complement": "", "Consistance": "TN", "num": "T2692", "surface": 10087 }, "geometry": { "type": "Polygon", "coordinates": [ [ [ -6.842915373809657, 33.825813698426472 ], [ -6.842237527947058, 33.826516011542488 ], [ -6.843049470805566, 33.827123567376148 ], [ -6.843592395208198, 33.826561706292388 ], [ -6.843727314849551, 33.82642124999515 ], [ -6.842915373809657, 33.825813698426472 ] ] ] } },
{ "type": "Feature", "properties": { "fid": 79, "indice": "38", "complement": "", "Consistance": "TN", "num": "T2694", "surface": 10085 }, "geometry": { "type": "Polygon", "coordinates": [ [ [ -6.843592128269325, 33.825111393953058 ], [ -6.842915373809657, 33.825813698426472 ], [ -6.843727314849551, 33.82642124999515 ], [ -6.844405162917562, 33.825719830545268 ], [ -6.843592128269325, 33.825111393953058 ] ] ] } },
{ "type": "Feature", "properties": { "fid": 80, "indice": "38", "complement": "", "Consistance": "TN", "num": "T2695", "surface": 12092 }, "geometry": { "type": "Polygon", "coordinates": [ [ [ -6.844405162917562, 33.825719830545268 ], [ -6.843727314849551, 33.82642124999515 ], [ -6.843592395208198, 33.826561706292388 ], [ -6.844404347945208, 33.827169253318715 ], [ -6.845217113475928, 33.826327372457527 ], [ -6.844405162917562, 33.825719830545268 ] ] ] } },
{ "type": "Feature", "properties": { "fid": 82, "indice": "38", "complement": "", "Consistance": "TN", "num": "T2699", "surface": 12058 }, "geometry": { "type": "Polygon", "coordinates": [ [ [ -6.845279774398956, 33.82782386400487 ], [ -6.844467010464757, 33.828666646631845 ], [ -6.845277818607395, 33.829268789476544 ], [ -6.84609278626163, 33.828428682038044 ], [ -6.845279774398956, 33.82782386400487 ] ] ] } },
{ "type": "Feature", "properties": { "fid": 85, "indice": "38", "complement": "", "Consistance": "TN", "num": "T2702", "surface": 11091 }, "geometry": { "type": "Polygon", "coordinates": [ [ [ -6.842908088053287, 33.828830761574636 ], [ -6.842162214999357, 33.82960330749043 ], [ -6.842974186116725, 33.830210863210475 ], [ -6.843718976647871, 33.829438325079238 ], [ -6.842908088053287, 33.828830761574636 ] ] ] } },
{ "type": "Feature", "properties": { "fid": 93, "indice": "R", "complement": "", "Consistance": "TN", "num": "T34153", "surface": 152527 }, "geometry": { "type": "Polygon", "coordinates": [ [ [ -6.847593577000851, 33.819047388210429 ], [ -6.845716230523792, 33.817464562322947 ], [ -6.843567804007153, 33.815560140436403 ], [ -6.842382431156886, 33.814255186628536 ], [ -6.840434739519052, 33.815136292525033 ], [ -6.843049100061616, 33.817057938359284 ], [ -6.842580632986816, 33.817544981173896 ], [ -6.846528797777192, 33.820715674553895 ], [ -6.846852737971473, 33.820310562784108 ], [ -6.847766797724358, 33.819196908132383 ], [ -6.847593577000851, 33.819047388210429 ] ] ] } },
{ "type": "Feature", "properties": { "fid": 96, "indice": "R", "complement": "P2", "Consistance": "TN", "num": "T49830", "surface": 30794 }, "geometry": { "type": "Polygon", "coordinates": [ [ [ -6.805873674853242, 33.806119850217243 ], [ -6.805449020697993, 33.806184153838053 ], [ -6.805400468439814, 33.806456183263379 ], [ -6.805720904651062, 33.806494971010189 ], [ -6.805554950131292, 33.807459205531501 ], [ -6.804436340635997, 33.807304018802874 ], [ -6.804613724573265, 33.806310795386842 ], [ -6.80308755838127, 33.806542597847475 ], [ -6.802359042908404, 33.806792492992422 ], [ -6.802786580469983, 33.807577793164931 ], [ -6.805569380423064, 33.807884758075865 ], [ -6.805873674853242, 33.806119850217243 ] ] ] } },
{ "type": "Feature", "properties": { "fid": 97, "indice": "38", "complement": "", "Consistance": "TN", "num": "T5231", "surface": 255286 }, "geometry": { "type": "Polygon", "coordinates": [ [ [ -6.851276459796497, 33.822171397889242 ], [ -6.849791516485658, 33.820929520067857 ], [ -6.846031103768419, 33.825625272099927 ], [ -6.849888649853329, 33.82851640241212 ], [ -6.851471063499943, 33.826974668352477 ], [ -6.850319785357178, 33.827084536426057 ], [ -6.849864971534889, 33.825017157814472 ], [ -6.855357100420159, 33.823602239036006 ], [ -6.85364749430683, 33.823537347040684 ], [ -6.851276474824116, 33.822172299654277 ], [ -6.851276459796497, 33.822171397889242 ] ] ] } },
{ "type": "Feature", "properties": { "fid": 101, "indice": "R", "complement": "", "Consistance": "TN", "num": "T65651", "surface": 21898 }, "geometry": { "type": "Polygon", "coordinates": [ [ [ -6.780363770003631, 33.819360453239568 ], [ -6.781652097930118, 33.820330228753164 ], [ -6.782577668361386, 33.819481199099975 ], [ -6.781744253039324, 33.818850943671528 ], [ -6.781594370895317, 33.818802993957021 ], [ -6.780966777532316, 33.818408568593192 ], [ -6.780363770003631, 33.819360453239568 ] ] ] } },
{ "type": "Feature", "properties": { "fid": 102, "indice": "R", "complement": "", "Consistance": "TN", "num": "T69914", "surface": 103320 }, "geometry": { "type": "Polygon", "coordinates": [ [ [ -6.84970256018851, 33.818052461080008 ], [ -6.850653504768534, 33.817080862718072 ], [ -6.846542584811716, 33.815885626436561 ], [ -6.846464846203351, 33.815824292082759 ], [ -6.845254509041766, 33.81705500881629 ], [ -6.845716230523792, 33.817464562322947 ], [ -6.847593621967691, 33.819050093509382 ], [ -6.84821740846369, 33.819586738389091 ], [ -6.84843730197863, 33.819358705826204 ], [ -6.84970256018851, 33.818052461080008 ] ] ] } },
{ "type": "Feature", "properties": { "fid": 103, "indice": "R", "complement": "", "Consistance": "TN", "num": "T70339", "surface": 98358 }, "geometry": { "type": "Polygon", "coordinates": [ [ [ -6.843956148367154, 33.804766625038987 ], [ -6.844194251760783, 33.802575758255699 ], [ -6.839892309932329, 33.802261007205914 ], [ -6.839745688888347, 33.803652591258988 ], [ -6.839659075849564, 33.804491494179921 ], [ -6.843956148367154, 33.804766625038987 ] ] ] } },
{ "type": "Feature", "properties": { "fid": 104, "indice": "R", "complement": "", "Consistance": "TN", "num": "T70356", "surface": 86155 }, "geometry": { "type": "Polygon", "coordinates": [ [ [ -6.839892309932329, 33.802261007205914 ], [ -6.844194251760783, 33.802575758255699 ], [ -6.844391219281488, 33.800706457117862 ], [ -6.840832401274221, 33.799918647622505 ], [ -6.840696773587268, 33.80138587060452 ], [ -6.839989324636831, 33.801332691185927 ], [ -6.83993424011573, 33.801856453313256 ], [ -6.839892309932329, 33.802261007205914 ] ] ] } },
{ "type": "Feature", "properties": { "fid": 105, "indice": "R", "complement": "", "Consistance": "TN", "num": "T71005", "surface": 102791 }, "geometry": { "type": "Polygon", "coordinates": [ [ [ -6.833478379697909, 33.811145802678766 ], [ -6.833626820926352, 33.809267161572599 ], [ -6.827877202270672, 33.80884772990062 ], [ -6.828995914073765, 33.809927195237556 ], [ -6.829861185883581, 33.811428951978513 ], [ -6.833478379697909, 33.811145802678766 ] ] ] } },
{ "type": "Feature", "properties": { "fid": 106, "indice": "R", "complement": "", "Consistance": "TN", "num": "T71006", "surface": 103565 }, "geometry": { "type": "Polygon", "coordinates": [ [ [ -6.839952446078865, 33.815506232862553 ], [ -6.839842756142912, 33.815407381008939 ], [ -6.842382475959397, 33.81425789193348 ], [ -6.841989804669938, 33.813709532622255 ], [ -6.841052803374309, 33.812392681168213 ], [ -6.840859183733405, 33.81211891918165 ], [ -6.837207278270833, 33.81494885803135 ], [ -6.839057287364745, 33.816655690977932 ], [ -6.839952446078865, 33.815506232862553 ] ] ] } },
{ "type": "Feature", "properties": { "fid": 107, "indice": "R", "complement": "", "Consistance": "TN", "num": "T71063", "surface": 108176 }, "geometry": { "type": "Polygon", "coordinates": [ [ [ -6.838976162921738, 33.816716152851022 ], [ -6.83521031360749, 33.813237371394472 ], [ -6.833136735859972, 33.814810694217925 ], [ -6.833388789021727, 33.815287635977654 ], [ -6.835037668073842, 33.815940662807812 ], [ -6.836230326728616, 33.81559595389664 ], [ -6.83689476962094, 33.818275195041998 ], [ -6.838976162921738, 33.816716152851022 ] ] ] } },
{ "type": "Feature", "properties": { "fid": 108, "indice": "R", "complement": "", "Consistance": "TN", "num": "T71065", "surface": 130191 }, "geometry": { "type": "Polygon", "coordinates": [ [ [ -6.833757663711668, 33.808026393594417 ], [ -6.828562785212254, 33.807630393819373 ], [ -6.828521466205264, 33.807943839519893 ], [ -6.825802086385125, 33.807160436579551 ], [ -6.824283317060203, 33.809163824398354 ], [ -6.825334373703579, 33.809610931038549 ], [ -6.827653169860771, 33.808956717886502 ], [ -6.827877202270672, 33.80884772990062 ], [ -6.833626820926352, 33.809267161572599 ], [ -6.833757663711668, 33.808026393594417 ] ] ] } },
{ "type": "Feature", "properties": { "fid": 109, "indice": "R", "complement": "", "Consistance": "TN", "num": "T71112", "surface": 109118 }, "geometry": { "type": "Polygon", "coordinates": [ [ [ -6.837937223242509, 33.808962400135258 ], [ -6.839212277427302, 33.808771846874578 ], [ -6.839368548199599, 33.807243961483806 ], [ -6.833860158173015, 33.80808294212946 ], [ -6.833499678010143, 33.811520765641824 ], [ -6.834106040543319, 33.81100782174839 ], [ -6.836217006945793, 33.809218486141802 ], [ -6.837937223242509, 33.808962400135258 ] ] ] } },
{ "type": "Feature", "properties": { "fid": 110, "indice": "R", "complement": "", "Consistance": "TN", "num": "T71177", "surface": 116704 }, "geometry": { "type": "Polygon", "coordinates": [ [ [ -6.861056840739679, 33.823300350413071 ], [ -6.854470500763535, 33.821374844579367 ], [ -6.854417273941156, 33.821358326973986 ], [ -6.853647449149625, 33.823534641747777 ], [ -6.855357145630506, 33.823604944328231 ], [ -6.859624060808228, 33.824406630442084 ], [ -6.861056840739679, 33.823300350413071 ] ] ] } },
{ "type": "Feature", "properties": { "fid": 111, "indice": "R", "complement": "", "Consistance": "TN", "num": "T71486", "surface": 30098 }, "geometry": { "type": "Polygon", "coordinates": [ [ [ -6.839894901867352, 33.817058232098944 ], [ -6.83969665149567, 33.818596518100009 ], [ -6.84107332946601, 33.81931483422629 ], [ -6.842024345733659, 33.818079936020482 ], [ -6.839894901867352, 33.817058232098944 ] ] ] } },
{ "type": "Feature", "properties": { "fid": 112, "indice": "R", "complement": "", "Consistance": "TN", "num": "T71487", "surface": 30076 }, "geometry": { "type": "Polygon", "coordinates": [ [ [ -6.8398392145691, 33.817088637523298 ], [ -6.839063642807585, 33.816713341946063 ], [ -6.837014260982127, 33.81824766528878 ], [ -6.839651505838003, 33.818545627492298 ], [ -6.8398392145691, 33.817088637523298 ] ] ] } },
{ "type": "Feature", "properties": { "fid": 113, "indice": "R", "complement": "", "Consistance": "TN", "num": "T71498", "surface": 100865 }, "geometry": { "type": "Polygon", "coordinates": [ [ [ -6.843638111670045, 33.807872080957431 ], [ -6.843717251683952, 33.80697553774106 ], [ -6.839422000623704, 33.80675178735185 ], [ -6.839368548199599, 33.807243961483806 ], [ -6.839212277427302, 33.808771846874578 ], [ -6.83911368908737, 33.80967131591472 ], [ -6.839498583221656, 33.810208950808438 ], [ -6.843638111670045, 33.807872080957431 ] ] ] } },
{ "type": "Feature", "properties": { "fid": 114, "indice": "R", "complement": "", "Consistance": "TN", "num": "T71767", "surface": 103359 }, "geometry": { "type": "Polygon", "coordinates": [ [ [ -6.842408435045266, 33.813280790527919 ], [ -6.843882056999824, 33.811768358873699 ], [ -6.845335476456373, 33.810278690685827 ], [ -6.846783354991404, 33.808783656799406 ], [ -6.845050481387799, 33.808275163938333 ], [ -6.841052803374309, 33.812392681168213 ], [ -6.841547344730748, 33.81309049289478 ], [ -6.841989804669938, 33.813709532622255 ], [ -6.842408435045266, 33.813280790527919 ] ] ] } },
{ "type": "Feature", "properties": { "fid": 115, "indice": "R", "complement": "", "Consistance": "TN", "num": "T72529", "surface": 106338 }, "geometry": { "type": "Polygon", "coordinates": [ [ [ -6.856104832497, 33.811511125988858 ], [ -6.854288160827367, 33.813367728217884 ], [ -6.852471396670158, 33.815223401182926 ], [ -6.852246152485873, 33.815453307430566 ], [ -6.854288678078555, 33.816051901420082 ], [ -6.858146151471171, 33.812106063213129 ], [ -6.856104832497, 33.811511125988858 ] ] ] } },
{ "type": "Feature", "properties": { "fid": 116, "indice": "38", "complement": "", "Consistance": "TN", "num": "T6798", "surface": 23058 }, "geometry": { "type": "Polygon", "coordinates": [ [ [ -6.86130592518248, 33.813027929800178 ], [ -6.860185352822842, 33.812701893997293 ], [ -6.858749069744047, 33.814169889585841 ], [ -6.859534585845481, 33.814747885035231 ], [ -6.86130592518248, 33.813027929800178 ] ] ] } },
{ "type": "Feature", "properties": { "fid": 117, "indice": "R", "complement": "", "Consistance": "TN", "num": "T72597", "surface": 53807 }, "geometry": { "type": "Polygon", "coordinates": [ [ [ -6.838057663089777, 33.815733687025066 ], [ -6.841548410126582, 33.813089578667494 ], [ -6.841052803374309, 33.812392681168213 ], [ -6.840859183733405, 33.81211891918165 ], [ -6.837207278270833, 33.81494885803135 ], [ -6.838057663089777, 33.815733687025066 ] ] ] } },
{ "type": "Feature", "properties": { "fid": 118, "indice": "R", "complement": "", "Consistance": "TN", "num": "T72864", "surface": 95799 }, "geometry": { "type": "Polygon", "coordinates": [ [ [ -6.853647449149625, 33.823534641747777 ], [ -6.854417273941156, 33.821358326973986 ], [ -6.854362981776712, 33.821342723679976 ], [ -6.84843730197863, 33.819358705826204 ], [ -6.84821740846369, 33.819586738389091 ], [ -6.849357563171534, 33.820567462499035 ], [ -6.851276459796497, 33.822171397889242 ], [ -6.853647449149625, 33.823534641747777 ] ] ] } },
{ "type": "Feature", "properties": { "fid": 119, "indice": "R", "complement": "", "Consistance": "TN", "num": "T72865", "surface": 113757 }, "geometry": { "type": "Polygon", "coordinates": [ [ [ -6.854417273941156, 33.821358326973986 ], [ -6.855825939556049, 33.819842905519472 ], [ -6.84970256018851, 33.818052461080008 ], [ -6.84843730197863, 33.819358705826204 ], [ -6.854362981776712, 33.821342723679976 ], [ -6.854417273941156, 33.821358326973986 ] ] ] } },
{ "type": "Feature", "properties": { "fid": 120, "indice": "R", "complement": "", "Consistance": "TN", "num": "T72921", "surface": 101425 }, "geometry": { "type": "Polygon", "coordinates": [ [ [ -6.862986952437161, 33.82092371278344 ], [ -6.856705848067413, 33.819084946427083 ], [ -6.855572344715269, 33.820251731765765 ], [ -6.862470358423474, 33.822271845390667 ], [ -6.862986952437161, 33.82092371278344 ] ] ] } },
{ "type": "Feature", "properties": { "fid": 121, "indice": "R", "complement": "", "Consistance": "TN", "num": "T73891", "surface": 105142 }, "geometry": { "type": "Polygon", "coordinates": [ [ [ -6.85097438282564, 33.816753341876989 ], [ -6.850653504768534, 33.817080862718072 ], [ -6.84970256018851, 33.818052461080008 ], [ -6.855825939556049, 33.819842905519472 ], [ -6.857096571354334, 33.818541032059315 ], [ -6.85097438282564, 33.816753341876989 ] ] ] } },
{ "type": "Feature", "properties": { "fid": 122, "indice": "R", "complement": "", "Consistance": "TN", "num": "T74356", "surface": 102055 }, "geometry": { "type": "Polygon", "coordinates": [ [ [ -6.857939276484794, 33.817821378867912 ], [ -6.864006355316081, 33.819595846186246 ], [ -6.86405824884233, 33.819533004469577 ], [ -6.866129616625243, 33.818688863201047 ], [ -6.863687382612143, 33.817976987778728 ], [ -6.861392860302961, 33.817307533387364 ], [ -6.85909837326928, 33.816638036740976 ], [ -6.857939276484794, 33.817821378867912 ] ] ] } },
{ "type": "Feature", "properties": { "fid": 123, "indice": "R", "complement": "", "Consistance": "TN", "num": "T74383", "surface": 104973 }, "geometry": { "type": "Polygon", "coordinates": [ [ [ -6.857096571354334, 33.818541032059315 ], [ -6.858366114996706, 33.817240961278785 ], [ -6.856326834899522, 33.816646003439139 ], [ -6.854288678078555, 33.816051901420082 ], [ -6.852246152485873, 33.815453307430566 ], [ -6.85097438282564, 33.816753341876989 ], [ -6.857096571354334, 33.818541032059315 ] ] ] } },
{ "type": "Feature", "properties": { "fid": 124, "indice": "R", "complement": "", "Consistance": "TN", "num": "T74626", "surface": 99927 }, "geometry": { "type": "Polygon", "coordinates": [ [ [ -6.855572344715269, 33.820251731765765 ], [ -6.854470500763535, 33.821374844579367 ], [ -6.861056840739679, 33.823300350413071 ], [ -6.861276628237479, 33.823131824559113 ], [ -6.862470358423474, 33.822271845390667 ], [ -6.855572344715269, 33.820251731765765 ] ] ] } },
{ "type": "Feature", "properties": { "fid": 125, "indice": "R", "complement": "", "Consistance": "TN", "num": "T79089", "surface": 205383 }, "geometry": { "type": "Polygon", "coordinates": [ [ [ -6.84107332946601, 33.81931483422629 ], [ -6.83969665149567, 33.818596518100009 ], [ -6.839133096509863, 33.820393355519357 ], [ -6.837259348598888, 33.819741163953395 ], [ -6.83778940612731, 33.821345930528175 ], [ -6.840116415547462, 33.822743306152226 ], [ -6.841183368898711, 33.823352446127707 ], [ -6.842490531942068, 33.824109429291987 ], [ -6.843375307603271, 33.823635621248769 ], [ -6.843875753778678, 33.82285958713581 ], [ -6.843796880893117, 33.822143456995754 ], [ -6.844003625676272, 33.821773078173479 ], [ -6.843998038494929, 33.820849557370749 ], [ -6.8436589942229, 33.820670379534015 ], [ -6.8411653543683, 33.819194717411314 ], [ -6.84107332946601, 33.81931483422629 ] ] ] } },
{ "type": "Feature", "properties": { "fid": 126, "indice": "R", "complement": "", "Consistance": "TN", "num": "T79244", "surface": 10112 }, "geometry": { "type": "Polygon", "coordinates": [ [ [ -6.831485875958652, 33.829024296533014 ], [ -6.830501724869928, 33.828718981576216 ], [ -6.830041290952878, 33.828650290221375 ], [ -6.829753254690131, 33.829208274431799 ], [ -6.831347375500599, 33.829605826419225 ], [ -6.831485875958652, 33.829024296533014 ] ] ] } },
{ "type": "Feature", "properties": { "fid": 127, "indice": "R", "complement": "", "Consistance": "TN", "num": "T79262", "surface": 14663 }, "geometry": { "type": "Polygon", "coordinates": [ [ [ -6.829932943213698, 33.828633490762563 ], [ -6.828770457458923, 33.828458276543856 ], [ -6.828115326888359, 33.829433537545157 ], [ -6.829343262889172, 33.82977667147744 ], [ -6.829932943213698, 33.828633490762563 ] ] ] } },
{ "type": "Feature", "properties": { "fid": 129, "indice": "03", "complement": "", "Consistance": "TN", "num": "T83644", "surface": 10038 }, "geometry": { "type": "Polygon", "coordinates": [ [ [ -6.846699054877087, 33.801236264924192 ], [ -6.846547623327828, 33.802136354600364 ], [ -6.847632395954607, 33.802269910061092 ], [ -6.847769098747436, 33.801394342107685 ], [ -6.846699054877087, 33.801236264924192 ] ] ] } },
{ "type": "Feature", "properties": { "fid": 134, "indice": "38", "complement": "", "Consistance": "TN", "num": "T881", "surface": 315824 }, "geometry": { "type": "Polygon", "coordinates": [ [ [ -6.815978819020049, 33.814283774853017 ], [ -6.816092334792008, 33.813755757401225 ], [ -6.814143085773367, 33.812093906590462 ], [ -6.810348955279891, 33.808862737728759 ], [ -6.810315856170892, 33.811823271569232 ], [ -6.809538171055197, 33.81324267323955 ], [ -6.809115594777926, 33.813971692858196 ], [ -6.809917569037641, 33.814318914976177 ], [ -6.81075542073833, 33.814745999460122 ], [ -6.811328185436165, 33.815150817293755 ], [ -6.810603706648553, 33.817187449479015 ], [ -6.810872343122091, 33.81742794059744 ], [ -6.813113400749669, 33.817024716115775 ], [ -6.814532915346349, 33.816270877390096 ], [ -6.815699411763336, 33.815508162614876 ], [ -6.815978819020049, 33.814283774853017 ] ] ] } },
{ "type": "Feature", "properties": { "fid": 135, "indice": "03", "complement": "", "Consistance": "TN", "num": "T90636", "surface": 10369 }, "geometry": { "type": "Polygon", "coordinates": [ [ [ -6.806226394936242, 33.807957640676769 ], [ -6.808623886114554, 33.808221971263976 ], [ -6.808602940334493, 33.808062564215547 ], [ -6.807585134012481, 33.807326323119362 ], [ -6.806226394936242, 33.807957640676769 ] ] ] } },
{ "type": "Feature", "properties": { "fid": 137, "indice": "03", "complement": "", "Consistance": "TN", "num": "T90639", "surface": 9931 }, "geometry": { "type": "Polygon", "coordinates": [ [ [ -6.807180661349943, 33.807035041513267 ], [ -6.807035344196335, 33.806868014912048 ], [ -6.805598015842026, 33.807717577511148 ], [ -6.805569380423064, 33.807884758075865 ], [ -6.806226394936242, 33.807957640676769 ], [ -6.807585134012481, 33.807326323119362 ], [ -6.807180661349943, 33.807035041513267 ] ] ] } },
{ "type": "Feature", "properties": { "fid": 138, "indice": "03", "complement": "", "Consistance": "TN", "num": "T92873", "surface": 712428 }, "geometry": { "type": "Polygon", "coordinates": [ [ [ -6.855402828044634, 33.826597046405496 ], [ -6.850319785357178, 33.827084536426057 ], [ -6.849864971534889, 33.825017157814472 ], [ -6.855357145630506, 33.823604944328231 ], [ -6.85364749430683, 33.823537347040684 ], [ -6.851276459796497, 33.822171397889242 ], [ -6.849357563171534, 33.820567462499035 ], [ -6.847766842696657, 33.819199613431174 ], [ -6.846852782915952, 33.820313268082209 ], [ -6.846528842711818, 33.820718379851812 ], [ -6.84570735628409, 33.821747073713908 ], [ -6.843998038494929, 33.820849557370749 ], [ -6.844003625676272, 33.821773078173479 ], [ -6.843796880893117, 33.822143456995754 ], [ -6.843875753778678, 33.82285958713581 ], [ -6.843375307603271, 33.823635621248769 ], [ -6.846031103768419, 33.825625272099927 ], [ -6.85118549594956, 33.829488075920345 ], [ -6.852781285353871, 33.830367872880196 ], [ -6.855290249226869, 33.833052623106539 ], [ -6.857189758599517, 33.830181279159547 ], [ -6.855402828044634, 33.826597046405496 ] ] ] } },
{ "type": "Feature", "properties": { "fid": 139, "indice": "03", "complement": "", "Consistance": "TN", "num": "T92966", "surface": 11246 }, "geometry": { "type": "Polygon", "coordinates": [ [ [ -6.839884671776261, 33.820818533613824 ], [ -6.840536664863249, 33.81999206204096 ], [ -6.839450295104924, 33.819382238054693 ], [ -6.839133096509863, 33.820393355519357 ], [ -6.839884671776261, 33.820818533613824 ] ] ] } },
{ "type": "Feature", "properties": { "fid": 141, "indice": "03", "complement": "", "Consistance": "TN", "num": "T93918", "surface": 200005 }, "geometry": { "type": "Polygon", "coordinates": [ [ [ -6.846031103768419, 33.825625272099927 ], [ -6.849791516485658, 33.820929520067857 ], [ -6.849357563171534, 33.820567462499035 ], [ -6.847766842696657, 33.819199613431174 ], [ -6.846852782915952, 33.820313268082209 ], [ -6.846528842711818, 33.820718379851812 ], [ -6.84570735628409, 33.821747073713908 ], [ -6.843998038494929, 33.820849557370749 ], [ -6.844003625676272, 33.821773078173479 ], [ -6.843796880893117, 33.822143456995754 ], [ -6.843875753778678, 33.82285958713581 ], [ -6.843375307603271, 33.823635621248769 ], [ -6.846031103768419, 33.825625272099927 ] ] ] } },
{ "type": "Feature", "properties": { "fid": 142, "indice": "03", "complement": "", "Consistance": "TN", "num": "T93944", "surface": 10852 }, "geometry": { "type": "Polygon", "coordinates": [ [ [ -6.842229614898509, 33.822253545219738 ], [ -6.841603474318304, 33.821899991763651 ], [ -6.84063352705066, 33.823038595509551 ], [ -6.841183368898711, 33.823352446127707 ], [ -6.841256475304123, 33.823394896360107 ], [ -6.842229614898509, 33.822253545219738 ] ] ] } },
{ "type": "Feature", "properties": { "fid": 144, "indice": "38", "complement": "", "Consistance": "TN", "num": "T9488", "surface": 10006 }, "geometry": { "type": "Polygon", "coordinates": [ [ [ -6.847446607158235, 33.823858229710844 ], [ -6.847910295362857, 33.823278325384535 ], [ -6.846900504339327, 33.822470154164762 ], [ -6.846420786783741, 33.823061063589336 ], [ -6.847446607158235, 33.823858229710844 ] ] ] } },
{ "type": "Feature", "properties": { "fid": 145, "indice": "03", "complement": "", "Consistance": "TN", "num": "T97345", "surface": 10161 }, "geometry": { "type": "Polygon", "coordinates": [ [ [ -6.840754695859933, 33.819846141163119 ], [ -6.841481454736866, 33.820273399651178 ], [ -6.841879745986995, 33.820506918278888 ], [ -6.842385439889739, 33.819917530155926 ], [ -6.841329055558365, 33.819292043400139 ], [ -6.841203986075853, 33.819439599466534 ], [ -6.841073272598026, 33.819442008282699 ], [ -6.840754695859933, 33.819846141163119 ] ] ] } },
{ "type": "Feature", "properties": { "fid": 146, "indice": "R", "complement": "", "Consistance": "TN", "num": "T70338", "surface": 100363 }, "geometry": { "type": "Polygon", "coordinates": [ [ [ -6.828562785212254, 33.807630393819373 ], [ -6.833757663711668, 33.808026393594417 ], [ -6.833953520069964, 33.806140892625756 ], [ -6.828808828388707, 33.805767778822812 ], [ -6.828562785212254, 33.807630393819373 ] ] ] } },
{ "type": "Feature", "properties": { "fid": 147, "indice": "R", "complement": "", "Consistance": "TN", "num": "T69755", "surface": 100855 }, "geometry": { "type": "Polygon", "coordinates": [ [ [ -6.851988593938886, 33.810309817233609 ], [ -6.850175115531306, 33.812167224514347 ], [ -6.854288160827367, 33.813367728217884 ], [ -6.856104832497, 33.811511125988858 ], [ -6.851988593938886, 33.810309817233609 ] ] ] } },
{ "type": "Feature", "properties": { "fid": 148, "indice": "R", "complement": "", "Consistance": "TN", "num": "T69756", "surface": 100828 }, "geometry": { "type": "Polygon", "coordinates": [ [ [ -6.850175115531306, 33.812167224514347 ], [ -6.848358363771296, 33.814027347245698 ], [ -6.852471396670158, 33.815223401182926 ], [ -6.854288160827367, 33.813367728217884 ], [ -6.850175115531306, 33.812167224514347 ] ] ] } },
{ "type": "Feature", "properties": { "fid": 152, "indice": "R", "complement": "", "Consistance": "TN", "num": "T69763", "surface": 100002 }, "geometry": { "type": "Polygon", "coordinates": [ [ [ -6.853065827680944, 33.802083293233238 ], [ -6.85092372885273, 33.801843006825152 ], [ -6.850201770018999, 33.806305187644462 ], [ -6.850907570767921, 33.806386289113263 ], [ -6.852341906325107, 33.806550921810377 ], [ -6.853065827680944, 33.802083293233238 ] ] ] } },
{ "type": "Feature", "properties": { "fid": 153, "indice": "R", "complement": "", "Consistance": "TN", "num": "T69841", "surface": 100250 }, "geometry": { "type": "Polygon", "coordinates": [ [ [ -6.845335476456373, 33.810278690685827 ], [ -6.850427751997535, 33.811765634845784 ], [ -6.851880024272761, 33.810278608403365 ], [ -6.846783354991404, 33.808783656799406 ], [ -6.845335476456373, 33.810278690685827 ] ] ] } },
{ "type": "Feature", "properties": { "fid": 154, "indice": "R", "complement": "", "Consistance": "TN", "num": "T69842", "surface": 100045 }, "geometry": { "type": "Polygon", "coordinates": [ [ [ -6.848974379816676, 33.813254459772402 ], [ -6.850427751997535, 33.811765634845784 ], [ -6.845335476456373, 33.810278690685827 ], [ -6.843882056999824, 33.811768358873699 ], [ -6.848974379816676, 33.813254459772402 ] ] ] } },
{ "type": "Feature", "properties": { "fid": 155, "indice": "R", "complement": "", "Consistance": "TN", "num": "T69962", "surface": 100395 }, "geometry": { "type": "Polygon", "coordinates": [ [ [ -6.834228947263512, 33.804495295735634 ], [ -6.839745688888347, 33.803652591258988 ], [ -6.839892309932329, 33.802261007205914 ], [ -6.83993424011573, 33.801856453313256 ], [ -6.837967432752226, 33.802153287984794 ], [ -6.834423917026283, 33.802688270940543 ], [ -6.834228947263512, 33.804495295735634 ] ] ] } },
{ "type": "Feature", "properties": { "fid": 163, "indice": "R", "complement": "", "Consistance": "TN", "num": "T69758", "surface": 101533 }, "geometry": { "type": "Polygon", "coordinates": [ [ [ -6.848974379816676, 33.813254459772402 ], [ -6.843882056999824, 33.811768358873699 ], [ -6.842408435045266, 33.813280790527919 ], [ -6.847497550144412, 33.814765184739038 ], [ -6.848974379816676, 33.813254459772402 ] ] ] } },
{ "type": "Feature", "properties": { "fid": 165, "indice": "R", "complement": "", "Consistance": "TN", "num": "T69845", "surface": 100586 }, "geometry": { "type": "Polygon", "coordinates": [ [ [ -6.83993424011573, 33.801856453313256 ], [ -6.840127498578787, 33.800018770298919 ], [ -6.834609706664711, 33.800914722006574 ], [ -6.834423917026283, 33.802688270940543 ], [ -6.83993424011573, 33.801856453313256 ] ] ] } },
{ "type": "Feature", "properties": { "fid": 166, "indice": "R", "complement": "", "Consistance": "TN", "num": "T69913", "surface": 96012 }, "geometry": { "type": "Polygon", "coordinates": [ [ [ -6.841989804669938, 33.813709532622255 ], [ -6.842382475959397, 33.81425789193348 ], [ -6.843567804007153, 33.815560140436403 ], [ -6.845254509041766, 33.81705500881629 ], [ -6.846464846203351, 33.815824292082759 ], [ -6.847497550144412, 33.814765184739038 ], [ -6.842408435045266, 33.813280790527919 ], [ -6.841989804669938, 33.813709532622255 ] ] ] } },
{ "type": "Feature", "properties": { "fid": 170, "indice": "R", "complement": "", "Consistance": "TN", "num": "T31666", "surface": 132176 }, "geometry": { "type": "Polygon", "coordinates": [ [ [ -6.813680106333742, 33.804273019044267 ], [ -6.814517399955637, 33.80586809725397 ], [ -6.81531550925798, 33.808108499677338 ], [ -6.815631353638066, 33.808994234914124 ], [ -6.816713739642611, 33.809111850973174 ], [ -6.816527623194467, 33.808297705355933 ], [ -6.817095536847873, 33.807940413654002 ], [ -6.817313465923871, 33.806990906160053 ], [ -6.81758518355164, 33.804699602800618 ], [ -6.816686475685198, 33.803649110403136 ], [ -6.813680106333742, 33.804273019044267 ] ] ] } },
{ "type": "Feature", "properties": { "fid": 172, "indice": "03", "complement": "", "Consistance": "TN", "num": "T86191", "surface": 33772 }, "geometry": { "type": "Polygon", "coordinates": [ [ [ -6.833569279708468, 33.829272809553714 ], [ -6.831550611544399, 33.828754778653369 ], [ -6.831485875958652, 33.829024296533014 ], [ -6.831250388651796, 33.830017317069455 ], [ -6.831144624562947, 33.830486631865547 ], [ -6.832932543058106, 33.830771909310698 ], [ -6.833569279708468, 33.829272809553714 ] ] ] } },
{ "type": "Feature", "properties": { "fid": 173, "indice": "38", "complement": "", "Consistance": "TN", "num": "T2716", "surface": 10089 }, "geometry": { "type": "Polygon", "coordinates": [ [ [ -6.847168826422539, 33.828992569163432 ], [ -6.846488814085531, 33.829694027860739 ], [ -6.847299765676516, 33.830303371500392 ], [ -6.847978695714784, 33.829601921044251 ], [ -6.847168826422539, 33.828992569163432 ] ] ] } },
{ "type": "Feature", "properties": { "fid": 174, "indice": "38", "complement": "", "Consistance": "TN", "num": "T2665", "surface": 12112 }, "geometry": { "type": "Polygon", "coordinates": [ [ [ -6.850220204698182, 33.828762393649605 ], [ -6.84954680695256, 33.829470106171357 ], [ -6.849588377222214, 33.829500290061119 ], [ -6.850528473651789, 33.830205524826063 ], [ -6.851185450865759, 33.829485370631708 ], [ -6.850220204698182, 33.828762393649605 ] ] ] } },
{ "type": "Feature", "properties": { "fid": 175, "indice": "38", "complement": "", "Consistance": "TN", "num": "T2688", "surface": 9635 }, "geometry": { "type": "Polygon", "coordinates": [ [ [ -6.841502354325733, 33.827281215336157 ], [ -6.840879627490805, 33.827919749413752 ], [ -6.841692654475493, 33.82852730133196 ], [ -6.842032684239669, 33.828177036259213 ], [ -6.842371600891944, 33.827824979158947 ], [ -6.841502354325733, 33.827281215336157 ] ] ] } },
{ "type": "Feature", "properties": { "fid": 178, "indice": "38", "complement": "", "Consistance": "TN", "num": "T2693", "surface": 12090 }, "geometry": { "type": "Polygon", "coordinates": [ [ [ -6.843592395208198, 33.826561706292388 ], [ -6.843049470805566, 33.827123567376148 ], [ -6.842778546226386, 33.827404490761324 ], [ -6.843588340130985, 33.828012067860577 ], [ -6.844404347945208, 33.827169253318715 ], [ -6.843592395208198, 33.826561706292388 ] ] ] } },
{ "type": "Feature", "properties": { "fid": 179, "indice": "38", "complement": "", "Consistance": "TN", "num": "T2698", "surface": 12096 }, "geometry": { "type": "Polygon", "coordinates": [ [ [ -6.844468889947271, 33.827216310307399 ], [ -6.843653977772977, 33.828060014545322 ], [ -6.844465929950775, 33.82866665911552 ], [ -6.845279774398956, 33.82782386400487 ], [ -6.844468889947271, 33.827216310307399 ] ] ] } },
{ "type": "Feature", "properties": { "fid": 180, "indice": "38", "complement": "", "Consistance": "TN", "num": "T2713", "surface": 10087 }, "geometry": { "type": "Polygon", "coordinates": [ [ [ -6.84697334737427, 33.827634710480822 ], [ -6.846294439552913, 33.828337057686099 ], [ -6.847104281645076, 33.828945513595308 ], [ -6.847784283179584, 33.828244051381404 ], [ -6.84697334737427, 33.827634710480822 ] ] ] } },
{ "type": "Feature", "properties": { "fid": 181, "indice": "38", "complement": "", "Consistance": "TN", "num": "T2714", "surface": 10091 }, "geometry": { "type": "Polygon", "coordinates": [ [ [ -6.84784776228893, 33.828292020885605 ], [ -6.847168826422539, 33.828992569163432 ], [ -6.847978695714784, 33.829601921044251 ], [ -6.848659775848162, 33.828900441702935 ], [ -6.84784776228893, 33.828292020885605 ] ] ] } },
{ "type": "Feature", "properties": { "fid": 183, "indice": "38", "complement": "", "Consistance": "TN", "num": "T2674", "surface": 15427 }, "geometry": { "type": "Polygon", "coordinates": [ [ [ -6.841143004308032, 33.82332946105597 ], [ -6.840116415547462, 33.822743306152226 ], [ -6.840073845903891, 33.822717640324598 ], [ -6.839247137704662, 33.823566864554508 ], [ -6.840218643381736, 33.824285343937518 ], [ -6.841143004308032, 33.82332946105597 ] ] ] } },
{ "type": "Feature", "properties": { "fid": 184, "indice": "38", "complement": "", "Consistance": "TN", "num": "T2675", "surface": 11600 }, "geometry": { "type": "Polygon", "coordinates": [ [ [ -6.840073845903891, 33.822717640324598 ], [ -6.839193018323325, 33.822188424721297 ], [ -6.838443972558201, 33.822963692716009 ], [ -6.839247137704662, 33.823566864554508 ], [ -6.840073845903891, 33.822717640324598 ] ] ] } },
{ "type": "Feature", "properties": { "fid": 185, "indice": "38", "complement": "", "Consistance": "TN", "num": "T2678", "surface": 12631 }, "geometry": { "type": "Polygon", "coordinates": [ [ [ -6.839433668977206, 33.823802828513038 ], [ -6.838611259085143, 33.824586157146328 ], [ -6.838813400135596, 33.825178207496506 ], [ -6.838918435777676, 33.825517930826344 ], [ -6.839438590274443, 33.825015877608259 ], [ -6.840117557316585, 33.824315370414787 ], [ -6.839433668977206, 33.823802828513038 ] ] ] } },
{ "type": "Feature", "properties": { "fid": 186, "indice": "38", "complement": "", "Consistance": "TN", "num": "T2684", "surface": 10040 }, "geometry": { "type": "Polygon", "coordinates": [ [ [ -6.84096274101947, 33.826280874338963 ], [ -6.840826721730209, 33.826420438346233 ], [ -6.840283795280195, 33.82698318920999 ], [ -6.841088180278638, 33.827591746586066 ], [ -6.841764963291065, 33.826889452404892 ], [ -6.84096274101947, 33.826280874338963 ] ] ] } },
{ "type": "Feature", "properties": { "fid": 188, "indice": "R", "complement": "", "Consistance": "TN", "num": "T55664", "surface": 8193 }, "geometry": { "type": "Polygon", "coordinates": [ [ [ -6.800595845014606, 33.807335386684009 ], [ -6.801994769089744, 33.806916537190098 ], [ -6.802359042908404, 33.806792492992422 ], [ -6.802786580469983, 33.807577793164931 ], [ -6.800595845014606, 33.807335386684009 ] ] ] } },
{ "type": "Feature", "properties": { "fid": 189, "indice": "03", "complement": "-MT", "Consistance": "TN", "num": "T80532", "surface": 10086 }, "geometry": { "type": "Polygon", "coordinates": [ [ [ -6.799297858046185, 33.807716110941513 ], [ -6.798999138859611, 33.807818667827767 ], [ -6.798540342998806, 33.807978033333072 ], [ -6.798812110664096, 33.809157431850331 ], [ -6.799584142412411, 33.808924207459775 ], [ -6.799297858046185, 33.807716110941513 ] ] ] } },
{ "type": "Feature", "properties": { "fid": 192, "indice": "38", "complement": "", "Consistance": "TN", "num": "R1671", "surface": 194213 }, "geometry": { "type": "Polygon", "coordinates": [ [ [ -6.792350251563154, 33.792219918346547 ], [ -6.789951258220533, 33.793252287076399 ], [ -6.788262264037741, 33.795930881305253 ], [ -6.788424778793718, 33.797925969384785 ], [ -6.793208443422229, 33.797180045560715 ], [ -6.792350251563154, 33.792219918346547 ] ] ] } },
{ "type": "Feature", "properties": { "fid": 195, "indice": "R", "complement": "P4", "Consistance": "TN", "num": "T2062", "surface": 5148 }, "geometry": { "type": "Polygon", "coordinates": [ [ [ -6.787539632610523, 33.801159327258546 ], [ -6.788066289047272, 33.801056070073123 ], [ -6.787812064727818, 33.800153347346374 ], [ -6.787285399085913, 33.800255701711237 ], [ -6.787539632610523, 33.801159327258546 ] ] ] } },
{ "type": "Feature", "properties": { "fid": 196, "indice": "R", "complement": "P2", "Consistance": "TN", "num": "T2062", "surface": 4525 }, "geometry": { "type": "Polygon", "coordinates": [ [ [ -6.783284542705556, 33.800850228155852 ], [ -6.783211201454183, 33.800585870212501 ], [ -6.783138998092955, 33.800325107367343 ], [ -6.782815877257762, 33.800387308735075 ], [ -6.782341989715352, 33.800480038859952 ], [ -6.782488609961873, 33.801005148602776 ], [ -6.782963580383138, 33.800912405985024 ], [ -6.783284542705556, 33.800850228155852 ] ] ] } },
{ "type": "Feature", "properties": { "fid": 201, "indice": "R", "complement": "P4", "Consistance": "TN", "num": "T4118", "surface": 4204 }, "geometry": { "type": "Polygon", "coordinates": [ [ [ -6.785325267990011, 33.805124453998943 ], [ -6.785153424781252, 33.804509433854186 ], [ -6.784522263289428, 33.804632776707145 ], [ -6.784693007717927, 33.805246907885227 ], [ -6.785325267990011, 33.805124453998943 ] ] ] } },
{ "type": "Feature", "properties": { "fid": 205, "indice": "R", "complement": "P5", "Consistance": "TN", "num": "T15162", "surface": 3032 }, "geometry": { "type": "Polygon", "coordinates": [ [ [ -6.799152764073072, 33.802248382040361 ], [ -6.799831024702601, 33.802100084940903 ], [ -6.79972194382897, 33.801699041741671 ], [ -6.799037981047363, 33.80182846140837 ], [ -6.799152764073072, 33.802248382040361 ] ] ] } },
{ "type": "Feature", "properties": { "fid": 210, "indice": "R", "complement": "P3 VECT", "Consistance": "TN", "num": "T12602", "surface": 1723608 }, "geometry": { "type": "Polygon", "coordinates": [ [ [ -6.819174205850449, 33.793873597954146 ], [ -6.819425990926673, 33.793812112138696 ], [ -6.819635358449613, 33.793733068785457 ], [ -6.819989514971251, 33.793523402046532 ], [ -6.820221180749307, 33.793420653786185 ], [ -6.820348100928928, 33.793386741388709 ], [ -6.820491457464866, 33.793367073142853 ], [ -6.820701154665099, 33.79337461084603 ], [ -6.820988897113671, 33.793398397753322 ], [ -6.821119498515725, 33.793391501032318 ], [ -6.821249702676859, 33.793360256202988 ], [ -6.821409913539781, 33.793314238845717 ], [ -6.82150071372956, 33.793317715792817 ], [ -6.821637348145785, 33.793349533502372 ], [ -6.821762710916605, 33.793352617085283 ], [ -6.821894142052994, 33.793330377063434 ], [ -6.822381076728506, 33.793181426816481 ], [ -6.822640747113921, 33.793073845556584 ], [ -6.822782786899324, 33.793039758549128 ], [ -6.823008846669098, 33.793057027476593 ], [ -6.823446887775143, 33.791899353767768 ], [ -6.823619957469313, 33.791318333764913 ], [ -6.823456370036323, 33.790826833313282 ], [ -6.82321469735597, 33.7903163791079 ], [ -6.822307734028749, 33.790078669981654 ], [ -6.821765371497758, 33.789808846453468 ], [ -6.821494120779494, 33.789802010805644 ], [ -6.820697267054272, 33.789161671958858 ], [ -6.820356540461484, 33.788736219182326 ], [ -6.820311815339051, 33.788311911286122 ], [ -6.82012970945603, 33.788008221424974 ], [ -6.819708966690175, 33.78757736249721 ], [ -6.819519877734524, 33.787043754931751 ], [ -6.819181186611896, 33.786410828194697 ], [ -6.818832079987963, 33.786066641400986 ], [ -6.818545739243961, 33.785795700692752 ], [ -6.818323920315867, 33.785506890040558 ], [ -6.818167856078649, 33.784811457051717 ], [ -6.817951268713569, 33.783914674573289 ], [ -6.817792836625351, 33.783604398830335 ], [ -6.817572490312432, 33.783206434514085 ], [ -6.817134095175391, 33.782949842615281 ], [ -6.816373472483272, 33.782937721708336 ], [ -6.816039430556948, 33.782920762811784 ], [ -6.815699643305069, 33.782749635292291 ], [ -6.815245408348392, 33.782514862989736 ], [ -6.814903702396865, 33.782424930223918 ], [ -6.814471712230134, 33.78276173719081 ], [ -6.814129403954145, 33.782900903455385 ], [ -6.813902017266844, 33.782933240781198 ], [ -6.813484395349056, 33.782891064310689 ], [ -6.813067678280997, 33.782838052863902 ], [ -6.812803073747565, 33.782773398889532 ], [ -6.812497698497964, 33.782858928262094 ], [ -6.81231984990559, 33.783148659245889 ], [ -6.812147447016451, 33.783574522200574 ], [ -6.811907128986144, 33.783675549867432 ], [ -6.811734465476596, 33.783618874207598 ], [ -6.811368916190483, 33.783790765392048 ], [ -6.81108789234109, 33.78377950802291 ], [ -6.810825810786702, 33.783670626043602 ], [ -6.810233452358656, 33.783710684556169 ], [ -6.809525258737879, 33.784001885774003 ], [ -6.809176385613603, 33.784069858651847 ], [ -6.808917019644072, 33.783995215990529 ], [ -6.808424738936549, 33.784346210476777 ], [ -6.808124622559425, 33.784423552232347 ], [ -6.80779612381508, 33.784348784319434 ], [ -6.807454634905326, 33.784339101897082 ], [ -6.806791341815507, 33.784401589629262 ], [ -6.806228080476727, 33.784705571300599 ], [ -6.806020291119038, 33.784948728687475 ], [ -6.805817132537316, 33.785077286645283 ], [ -6.805641288473121, 33.785024246164085 ], [ -6.805528352073623, 33.784853245088179 ], [ -6.80540440880265, 33.784468606818997 ], [ -6.805204490580993, 33.784329249797565 ], [ -6.804838276440964, 33.784125920164406 ], [ -6.804705722553531, 33.783809925769383 ], [ -6.80425453869593, 33.785907507942689 ], [ -6.803966349840914, 33.78873653575959 ], [ -6.804432467727482, 33.790780512845288 ], [ -6.807990312443965, 33.793156783270803 ], [ -6.810411698933861, 33.79238627852483 ], [ -6.810948900633764, 33.792271981403175 ], [ -6.810791456127744, 33.791955372944258 ], [ -6.810449716127465, 33.791531709278807 ], [ -6.813340815351337, 33.790819882399468 ], [ -6.814580375318968, 33.790519039215923 ], [ -6.81683235897239, 33.78996769403139 ], [ -6.817465619712951, 33.790912064143967 ], [ -6.817772056239563, 33.792815297742933 ], [ -6.815819367452534, 33.793440835376494 ], [ -6.815841379440323, 33.793465840415301 ], [ -6.813594178222625, 33.794118129561888 ], [ -6.811551406883343, 33.79498814295156 ], [ -6.813253261876596, 33.798008454813655 ], [ -6.815278344845531, 33.798706190649767 ], [ -6.815507545243084, 33.798782965863033 ], [ -6.815584514137846, 33.798799231000132 ], [ -6.815711927587971, 33.798795081972038 ], [ -6.815902292883411, 33.798742416730292 ], [ -6.816008992885449, 33.798726776813396 ], [ -6.816152828308181, 33.798735970404252 ], [ -6.81631872121146, 33.798772874070345 ], [ -6.816407733159044, 33.798798923587654 ], [ -6.816908194593615, 33.79901422663923 ], [ -6.817148037374237, 33.79908095684798 ], [ -6.817329977826437, 33.799174499561204 ], [ -6.817400877338069, 33.799216086788881 ], [ -6.818912715814641, 33.79738512590415 ], [ -6.819449065335979, 33.795957573428765 ], [ -6.8188752050325, 33.793954560140989 ], [ -6.819174205850449, 33.793873597954146 ] ] ] } },
{ "type": "Feature", "properties": { "fid": 211, "indice": "R", "complement": "", "Consistance": "TN", "num": "T17010", "surface": 3158 }, "geometry": { "type": "Polygon", "coordinates": [ [ [ -6.927036320241856, 33.937170787498012 ], [ -6.926473312137201, 33.93770707726938 ], [ -6.926798850276291, 33.937943918248841 ], [ -6.927361857906901, 33.937407627058619 ], [ -6.927036320241856, 33.937170787498012 ] ] ] } },
{ "type": "Feature", "properties": { "fid": 213, "indice": "R", "complement": "", "Consistance": "TN", "num": "T17659", "surface": 3361 }, "geometry": { "type": "Polygon", "coordinates": [ [ [ -6.921780735973325, 33.937793972313223 ], [ -6.92174457708101, 33.937768256387827 ], [ -6.921093515648711, 33.937293645527738 ], [ -6.92081359287612, 33.93756040507072 ], [ -6.921467291760149, 33.938062042676911 ], [ -6.921780735973325, 33.937793972313223 ] ] ] } },
{ "type": "Feature", "properties": { "fid": 222, "indice": "38", "complement": "", "Consistance": "TN", "num": "T63023", "surface": 7346 }, "geometry": { "type": "Polygon", "coordinates": [ [ [ -6.840493632346149, 33.84535226675942 ], [ -6.841214951163729, 33.845046318120147 ], [ -6.840897310765078, 33.844728890952652 ], [ -6.840570602555045, 33.844908531741808 ], [ -6.840349138663466, 33.844981433481905 ], [ -6.839853455377335, 33.845074629270648 ], [ -6.839544265570499, 33.845071875478389 ], [ -6.83931339435931, 33.845098885164241 ], [ -6.83929403086845, 33.845104519624257 ], [ -6.839485297223828, 33.845558695252478 ], [ -6.840493632346149, 33.84535226675942 ] ] ] } },
{ "type": "Feature", "properties": { "fid": 223, "indice": "38", "complement": "", "Consistance": "TN", "num": "T112474", "surface": 15200 }, "geometry": { "type": "Polygon", "coordinates": [ [ [ -6.841312609770443, 33.845003703693671 ], [ -6.84145947363098, 33.844929856326317 ], [ -6.841548803339548, 33.845037058368199 ], [ -6.842420893062527, 33.844502077681753 ], [ -6.842168725260479, 33.844156840459824 ], [ -6.842525995828503, 33.843865003248567 ], [ -6.842697209682163, 33.843695268661058 ], [ -6.842799029237278, 33.843577744653309 ], [ -6.842915818574955, 33.843385187443474 ], [ -6.843049215570449, 33.843086010437311 ], [ -6.843120654997707, 33.842961621259398 ], [ -6.843336014110826, 33.842716515839513 ], [ -6.8430203817897, 33.84245499047146 ], [ -6.84193089103512, 33.844024293377998 ], [ -6.841564822841546, 33.844307210945459 ], [ -6.840967085705364, 33.844634286046755 ], [ -6.841312609770443, 33.845003703693671 ] ] ] } },
{ "type": "Feature", "properties": { "fid": 234, "indice": "38", "complement": "", "Consistance": "TN", "num": "T43029", "surface": 13002 }, "geometry": { "type": "Polygon", "coordinates": [ [ [ -6.856577999026233, 33.846653237501194 ], [ -6.855103720056896, 33.847695898366894 ], [ -6.854918231646893, 33.847851385066612 ], [ -6.854476823014139, 33.848152353608668 ], [ -6.853651740410873, 33.848716635508389 ], [ -6.853836591135011, 33.848911107801719 ], [ -6.855108984496091, 33.848075550645277 ], [ -6.856497958414919, 33.847296345948607 ], [ -6.856862659106509, 33.847063006765353 ], [ -6.856577999026233, 33.846653237501194 ] ] ] } },
{ "type": "Feature", "properties": { "fid": 235, "indice": "38", "complement": "", "Consistance": "TN", "num": "T28079", "surface": 13612 }, "geometry": { "type": "Polygon", "coordinates": [ [ [ -6.907636343383804, 33.892015080116181 ], [ -6.907006057661868, 33.892590886291451 ], [ -6.908168954446321, 33.893604167112997 ], [ -6.908808314834674, 33.892990364978338 ], [ -6.907636343383804, 33.892015080116181 ] ] ] } },
{ "type": "Feature", "properties": { "fid": 237, "indice": "38", "complement": "", "Consistance": "TN", "num": "R170", "surface": 25506 }, "geometry": { "type": "Polygon", "coordinates": [ [ [ -6.850482099899726, 33.870632416826858 ], [ -6.850531886579915, 33.870570508596565 ], [ -6.84986479332633, 33.869858506360217 ], [ -6.848024016844483, 33.867747677845387 ], [ -6.847233478004005, 33.867021757682679 ], [ -6.844679594622416, 33.866169197699577 ], [ -6.84477118359506, 33.86634581916671 ], [ -6.847104307717585, 33.867316378002393 ], [ -6.847602742313218, 33.867771494480422 ], [ -6.84767259662837, 33.868071027219933 ], [ -6.849198882134788, 33.86973634593452 ], [ -6.850302905337289, 33.870779704528552 ], [ -6.850482099899726, 33.870632416826858 ] ] ] } },
{ "type": "Feature", "properties": { "fid": 242, "indice": "38", "complement": "", "Consistance": "TN", "num": "T28129", "surface": 27580 }, "geometry": { "type": "Polygon", "coordinates": [ [ [ -6.908977896436495, 33.894973457022829 ], [ -6.908163525213673, 33.895786890511182 ], [ -6.909059261763102, 33.896297402960187 ], [ -6.911161525905644, 33.897089174552477 ], [ -6.911539234948904, 33.896667021260285 ], [ -6.91057786372258, 33.896114928351615 ], [ -6.910075909544672, 33.895797196332317 ], [ -6.910112064684876, 33.895761584918645 ], [ -6.908977896436495, 33.894973457022829 ] ] ] } },
{ "type": "Feature", "properties": { "fid": 243, "indice": "38", "complement": "", "Consistance": "TN", "num": "T28077", "surface": 2729 }, "geometry": { "type": "Polygon", "coordinates": [ [ [ -6.854896300175244, 33.84783269964484 ], [ -6.855085060972671, 33.847678978764868 ], [ -6.854919566561822, 33.847607847784758 ], [ -6.854134013626197, 33.847626004130099 ], [ -6.854309396255963, 33.847900857850341 ], [ -6.854324933491524, 33.847925029330064 ], [ -6.854458058498652, 33.848129121616459 ], [ -6.854896300175244, 33.84783269964484 ] ] ] } },
{ "type": "Feature", "properties": { "fid": 244, "indice": "R", "complement": "", "Consistance": "TN", "num": "R21148", "surface": 43929 }, "geometry": { "type": "Polygon", "coordinates": [ [ [ -6.904737370599694, 33.898615084286533 ], [ -6.905608406646186, 33.899260304622949 ], [ -6.906765991944578, 33.898151435658626 ], [ -6.907574453754955, 33.897431883632066 ], [ -6.906642741394471, 33.89628052594923 ], [ -6.904386014382177, 33.898311753283238 ], [ -6.904737370599694, 33.898615084286533 ] ] ] } },
{ "type": "Feature", "properties": { "fid": 246, "indice": "R", "complement": "ANNULEE", "Consistance": "TN", "num": "R23193", "surface": 16666 }, "geometry": { "type": "Polygon", "coordinates": [ [ [ -6.85876112922633, 33.873532337547516 ], [ -6.859311196757896, 33.873127270688741 ], [ -6.857433141369057, 33.871649264259005 ], [ -6.856950805535559, 33.872224900009989 ], [ -6.85876112922633, 33.873532337547516 ] ] ] } },
{ "type": "Feature", "properties": { "fid": 251, "indice": "38", "complement": "", "Consistance": "TN", "num": "T108302", "surface": 16845 }, "geometry": { "type": "Polygon", "coordinates": [ [ [ -6.902219315994176, 33.912767613128239 ], [ -6.900921478605716, 33.911154320161828 ], [ -6.900554526581809, 33.91139141562271 ], [ -6.900135999208553, 33.911774337084516 ], [ -6.900227026448102, 33.911846301305175 ], [ -6.901809177126487, 33.913135106709383 ], [ -6.902219315994176, 33.912767613128239 ] ] ] } },
{ "type": "Feature", "properties": { "fid": 253, "indice": "38", "complement": "", "Consistance": "TN", "num": "T24933", "surface": 19101 }, "geometry": { "type": "Polygon", "coordinates": [ [ [ -6.852266030901657, 33.879114155218375 ], [ -6.852681819931566, 33.878758479707024 ], [ -6.849552074498041, 33.876530957824968 ], [ -6.84935594426222, 33.876895803412317 ], [ -6.849320207593594, 33.876957548213618 ], [ -6.849674723893252, 33.877207782689027 ], [ -6.850048597200998, 33.877451478328531 ], [ -6.85086323199759, 33.87805894818846 ], [ -6.852245714969413, 33.879127919902643 ], [ -6.852266030901657, 33.879114155218375 ] ] ] } },
{ "type": "Feature", "properties": { "fid": 256, "indice": "R", "complement": "", "Consistance": "TN", "num": "R38958", "surface": 16085 }, "geometry": { "type": "Polygon", "coordinates": [ [ [ -6.911501633565475, 33.917040978365847 ], [ -6.910030377501135, 33.91623258111467 ], [ -6.90832010705167, 33.916050272972321 ], [ -6.908460692769561, 33.916172141371348 ], [ -6.909513482512494, 33.916868355456245 ], [ -6.909666080191861, 33.916934158706354 ], [ -6.90985757548547, 33.91674785737677 ], [ -6.911195723229032, 33.917491121957276 ], [ -6.911501633565475, 33.917040978365847 ] ] ] } },
{ "type": "Feature", "properties": { "fid": 265, "indice": "R", "complement": "-BC", "Consistance": "TN", "num": "R39915", "surface": 4967 }, "geometry": { "type": "Polygon", "coordinates": [ [ [ -6.848789231058, 33.876954679568158 ], [ -6.849050064191554, 33.877163610365812 ], [ -6.849248809015285, 33.876825792712999 ], [ -6.848738210974079, 33.876488074338532 ], [ -6.848123156619184, 33.876046038135812 ], [ -6.847883224124196, 33.876248140408826 ], [ -6.848789231058, 33.876954679568158 ] ] ] } },
{ "type": "Feature", "properties": { "fid": 266, "indice": "38", "complement": "", "Consistance": "TN", "num": "T3037", "surface": 10275 }, "geometry": { "type": "Polygon", "coordinates": [ [ [ -6.850280387466651, 33.850675088973517 ], [ -6.849367304537749, 33.851410826939613 ], [ -6.849691184666931, 33.851710121595687 ], [ -6.850613484233488, 33.850943608781584 ], [ -6.850730567855396, 33.850834018890616 ], [ -6.850947786006851, 33.850570840784108 ], [ -6.851372342658207, 33.850100517726318 ], [ -6.851365767784084, 33.850095182444832 ], [ -6.85154152529078, 33.849938912275015 ], [ -6.851351903418507, 33.849717434119917 ], [ -6.850280387466651, 33.850675088973517 ] ] ] } },
{ "type": "Feature", "properties": { "fid": 267, "indice": "38", "complement": "", "Consistance": "TN", "num": "T53053", "surface": 20035 }, "geometry": { "type": "Polygon", "coordinates": [ [ [ -6.896688951460992, 33.915137371432685 ], [ -6.897226649396409, 33.914699823591995 ], [ -6.897187185041457, 33.914669630526021 ], [ -6.896359435558714, 33.913904783279257 ], [ -6.89602758850271, 33.913542572127284 ], [ -6.894880278522567, 33.912499234478069 ], [ -6.894539146241115, 33.912918190832194 ], [ -6.895832239973127, 33.914261029454018 ], [ -6.896655930032077, 33.915104395401833 ], [ -6.896688951460992, 33.915137371432685 ] ] ] } },
{ "type": "Feature", "properties": { "fid": 271, "indice": "03", "complement": "", "Consistance": "TN", "num": "R40244", "surface": 8709 }, "geometry": { "type": "Polygon", "coordinates": [ [ [ -6.84994112438657, 33.847050552606589 ], [ -6.849029596336127, 33.845799315216745 ], [ -6.848560962113742, 33.84641354887107 ], [ -6.849607941973892, 33.847295231148173 ], [ -6.84994112438657, 33.847050552606589 ] ] ] } },
{ "type": "Feature", "properties": { "fid": 273, "indice": "38", "complement": "", "Consistance": "TN", "num": "T31157", "surface": 27050 }, "geometry": { "type": "Polygon", "coordinates": [ [ [ -6.849172386531915, 33.849182610539486 ], [ -6.850189829955763, 33.84835366600273 ], [ -6.849451009608431, 33.84754327760723 ], [ -6.848396806070829, 33.848566557402144 ], [ -6.847545714453985, 33.849779588070042 ], [ -6.847583194335638, 33.849888287866875 ], [ -6.84795129968119, 33.850182565453174 ], [ -6.849172386531915, 33.849182610539486 ] ] ] } },
{ "type": "Feature", "properties": { "fid": 274, "indice": "38", "complement": "", "Consistance": "TN", "num": "T64781", "surface": 7172 }, "geometry": { "type": "Polygon", "coordinates": [ [ [ -6.861717418326143, 33.865166729812302 ], [ -6.8621619661323, 33.865370781167144 ], [ -6.862842014616288, 33.86459799445845 ], [ -6.862110001251912, 33.8643368769999 ], [ -6.861868632270633, 33.864642746183037 ], [ -6.861503090471595, 33.865087158900394 ], [ -6.861717418326143, 33.865166729812302 ] ] ] } },
{ "type": "Feature", "properties": { "fid": 278, "indice": "R", "complement": "", "Consistance": "TN", "num": "T55791", "surface": 17944 }, "geometry": { "type": "Polygon", "coordinates": [ [ [ -6.901872975180766, 33.911003107487652 ], [ -6.901646732481389, 33.91074336400586 ], [ -6.900972310525082, 33.911153710506767 ], [ -6.90225099948889, 33.912723038809141 ], [ -6.902615088524912, 33.9124453865359 ], [ -6.903036790520304, 33.912058810978209 ], [ -6.901872975180766, 33.911003107487652 ] ] ] } },
{ "type": "Feature", "properties": { "fid": 280, "indice": "38", "complement": "", "Consistance": "TN", "num": "T82411", "surface": 15834 }, "geometry": { "type": "Polygon", "coordinates": [ [ [ -6.889619798086384, 33.912382478181023 ], [ -6.888863346119282, 33.911733080438019 ], [ -6.887863831009136, 33.910849363903289 ], [ -6.886247736397467, 33.909268566022789 ], [ -6.885972419019114, 33.909489197589231 ], [ -6.886471098210841, 33.909932430096681 ], [ -6.88817092119652, 33.91147434878831 ], [ -6.889595182091476, 33.912650640504516 ], [ -6.890402418950808, 33.913295821324674 ], [ -6.890598891741981, 33.913145567021623 ], [ -6.889619798086384, 33.912382478181023 ] ] ] } },
{ "type": "Feature", "properties": { "fid": 283, "indice": "38", "complement": "", "Consistance": "TN", "num": "T36814", "surface": 10549 }, "geometry": { "type": "Polygon", "coordinates": [ [ [ -6.833887690588923, 33.845656377122978 ], [ -6.832141776765979, 33.846826345392287 ], [ -6.832395238573993, 33.846989397500316 ], [ -6.83320277308386, 33.847256135639292 ], [ -6.833887690588923, 33.845656377122978 ] ] ] } },
{ "type": "Feature", "properties": { "fid": 284, "indice": "38", "complement": "", "Consistance": "TN", "num": "T96760", "surface": 112718 }, "geometry": { "type": "Polygon", "coordinates": [ [ [ -6.900135999208553, 33.911774337084516 ], [ -6.900129665474474, 33.911783432191264 ], [ -6.899240923124896, 33.911057214942737 ], [ -6.898368604788619, 33.910341617757773 ], [ -6.897240413273638, 33.909402694431272 ], [ -6.896355056919742, 33.908681827673469 ], [ -6.895987677158654, 33.910026471159718 ], [ -6.895530065611979, 33.911282901242259 ], [ -6.896701218966887, 33.912266421546157 ], [ -6.898301241311974, 33.913653365863581 ], [ -6.899665931373943, 33.912368021632389 ], [ -6.900227026448102, 33.911846301305175 ], [ -6.900135999208553, 33.911774337084516 ] ] ] } },
{ "type": "Feature", "properties": { "fid": 288, "indice": "03", "complement": "", "Consistance": "TN", "num": "T100094", "surface": 19982 }, "geometry": { "type": "Polygon", "coordinates": [ [ [ -6.864676601504311, 33.839722878797701 ], [ -6.864886699790643, 33.839233372148335 ], [ -6.862869087491953, 33.837774209963442 ], [ -6.862527104226468, 33.838198512765786 ], [ -6.862328065236906, 33.838446167302244 ], [ -6.864485903117867, 33.839759385981104 ], [ -6.864676601504311, 33.839722878797701 ] ] ] } },
{ "type": "Feature", "properties": { "fid": 289, "indice": "03", "complement": "", "Consistance": "TN", "num": "T100148", "surface": 9593 }, "geometry": { "type": "Polygon", "coordinates": [ [ [ -6.910320437477504, 33.870068534110857 ], [ -6.911046811599982, 33.869432918250368 ], [ -6.910312427779962, 33.868796905643023 ], [ -6.909577296040469, 33.869426309536529 ], [ -6.910320437477504, 33.870068534110857 ] ] ] } },
{ "type": "Feature", "properties": { "fid": 291, "indice": "03", "complement": "", "Consistance": "TN", "num": "T100341", "surface": 4518 }, "geometry": { "type": "Polygon", "coordinates": [ [ [ -6.832211022832447, 33.894600402833483 ], [ -6.831536096938077, 33.894203166468415 ], [ -6.831164602415382, 33.894631316501439 ], [ -6.831841811324304, 33.895035744028064 ], [ -6.832211022832447, 33.894600402833483 ] ] ] } },
{ "type": "Feature", "properties": { "fid": 295, "indice": "03", "complement": "", "Consistance": "TN", "num": "T103664", "surface": 30777 }, "geometry": { "type": "Polygon", "coordinates": [ [ [ -6.91203312281107, 33.874238219594652 ], [ -6.910427335181626, 33.873050834811323 ], [ -6.90928782257529, 33.874057615417072 ], [ -6.910587482495367, 33.87505118865348 ], [ -6.910868011643864, 33.875265166127548 ], [ -6.91203312281107, 33.874238219594652 ] ] ] } },
{ "type": "Feature", "properties": { "fid": 297, "indice": "03", "complement": "", "Consistance": "TN", "num": "T103748", "surface": 10239 }, "geometry": { "type": "Polygon", "coordinates": [ [ [ -6.859650503145787, 33.868021115574372 ], [ -6.859458804192962, 33.868646583881521 ], [ -6.85936112799874, 33.868818187658192 ], [ -6.860533727188743, 33.869753328220462 ], [ -6.860856433532676, 33.869460943275179 ], [ -6.859650503145787, 33.868021115574372 ] ] ] } },
{ "type": "Feature", "properties": { "fid": 298, "indice": "03", "complement": "", "Consistance": "TN", "num": "T103749", "surface": 10999 }, "geometry": { "type": "Polygon", "coordinates": [ [ [ -6.862748609280204, 33.873322524990407 ], [ -6.862365276857214, 33.871809065641607 ], [ -6.861585443902994, 33.872502741744398 ], [ -6.862954775990065, 33.873880209831867 ], [ -6.863237398989726, 33.873582876452126 ], [ -6.862748609280204, 33.873322524990407 ] ] ] } },
{ "type": "Feature", "properties": { "fid": 299, "indice": "03", "complement": "", "Consistance": "TN", "num": "T103750", "surface": 11742 }, "geometry": { "type": "Polygon", "coordinates": [ [ [ -6.86025714501924, 33.866994857217534 ], [ -6.859866857590235, 33.867318695243227 ], [ -6.856752237111346, 33.865658483399642 ], [ -6.8548453072505, 33.864898707316847 ], [ -6.854838343389725, 33.864934865407939 ], [ -6.856728983946158, 33.865690321673426 ], [ -6.859855571653676, 33.867354904050764 ], [ -6.859686402459376, 33.867905249993093 ], [ -6.86019944466258, 33.868517983728538 ], [ -6.860800157612864, 33.867976126969253 ], [ -6.86025714501924, 33.866994857217534 ] ] ] } },
{ "type": "Feature", "properties": { "fid": 304, "indice": "03", "complement": "", "Consistance": "TN", "num": "T105277", "surface": 19827 }, "geometry": { "type": "Polygon", "coordinates": [ [ [ -6.859004162485308, 33.841459578363079 ], [ -6.859506015802173, 33.840963069160196 ], [ -6.858454693574669, 33.840404411043529 ], [ -6.857822003649757, 33.84122082448436 ], [ -6.856898202091995, 33.841112535903846 ], [ -6.85805426517795, 33.842181382550571 ], [ -6.859004162485308, 33.841459578363079 ] ] ] } },
{ "type": "Feature", "properties": { "fid": 314, "indice": "03", "complement": "", "Consistance": "TN", "num": "T105706", "surface": 20099 }, "geometry": { "type": "Polygon", "coordinates": [ [ [ -6.86521016918558, 33.838480073133667 ], [ -6.863398426801644, 33.837115013885843 ], [ -6.863184582322829, 33.837381783874548 ], [ -6.862869087491953, 33.837774209963442 ], [ -6.86488674530516, 33.839236077423507 ], [ -6.86521016918558, 33.838480073133667 ] ] ] } },
{ "type": "Feature", "properties": { "fid": 317, "indice": "03", "complement": "", "Consistance": "TN", "num": "T106199", "surface": 20865 }, "geometry": { "type": "Polygon", "coordinates": [ [ [ -6.852978945633803, 33.840659368851391 ], [ -6.85156354754785, 33.841729266454834 ], [ -6.852847037669937, 33.842276265343202 ], [ -6.854152897726515, 33.840796345171483 ], [ -6.852978945633803, 33.840659368851391 ] ] ] } },
{ "type": "Feature", "properties": { "fid": 318, "indice": "03", "complement": "", "Consistance": "TN", "num": "T106207", "surface": 19991 }, "geometry": { "type": "Polygon", "coordinates": [ [ [ -6.855523651880953, 33.880313733571384 ], [ -6.855649402967969, 33.880203137769456 ], [ -6.856140647298409, 33.87976900741053 ], [ -6.854888339808433, 33.878728327891409 ], [ -6.854377287995582, 33.879141939533007 ], [ -6.853980377093966, 33.879462226293576 ], [ -6.853957974391101, 33.879480525123981 ], [ -6.855133157623358, 33.880500464651163 ], [ -6.85515996035415, 33.880486624049439 ], [ -6.855523651880953, 33.880313733571384 ] ] ] } },
{ "type": "Feature", "properties": { "fid": 320, "indice": "03", "complement": "", "Consistance": "TN", "num": "T107794", "surface": 52319 }, "geometry": { "type": "Polygon", "coordinates": [ [ [ -6.82724543515997, 33.845198421815901 ], [ -6.825789137723022, 33.844190442453524 ], [ -6.825035257070708, 33.844887208309906 ], [ -6.827068271391179, 33.84744715010838 ], [ -6.828650569679444, 33.846511821025921 ], [ -6.82724543515997, 33.845198421815901 ] ] ] } },
{ "type": "Feature", "properties": { "fid": 321, "indice": "03", "complement": "", "Consistance": "TN", "num": "T108718", "surface": 11321 }, "geometry": { "type": "Polygon", "coordinates": [ [ [ -6.91171612523524, 33.875908819779106 ], [ -6.911467428953054, 33.875722419440571 ], [ -6.911031284790126, 33.875389464359976 ], [ -6.909942663619698, 33.876027647412513 ], [ -6.910036357263241, 33.876068005264102 ], [ -6.910784212928173, 33.876666876804073 ], [ -6.91171612523524, 33.875908819779106 ] ] ] } },
{ "type": "Feature", "properties": { "fid": 322, "indice": "03", "complement": "", "Consistance": "TN", "num": "T109004", "surface": 8985 }, "geometry": { "type": "Polygon", "coordinates": [ [ [ -6.857544414789495, 33.868996305353384 ], [ -6.856159782267774, 33.870636800786635 ], [ -6.856441295056979, 33.870918531844573 ], [ -6.85787495871153, 33.869235973374842 ], [ -6.857544414789495, 33.868996305353384 ] ] ] } },
{ "type": "Feature", "properties": { "fid": 323, "indice": "03", "complement": "", "Consistance": "TN", "num": "T109007", "surface": 8965 }, "geometry": { "type": "Polygon", "coordinates": [ [ [ -6.85688767152747, 33.868517818020166 ], [ -6.855542902138962, 33.870020749813136 ], [ -6.855837609536879, 33.870315857590406 ], [ -6.857241214978862, 33.868775258356138 ], [ -6.85688767152747, 33.868517818020166 ] ] ] } },
{ "type": "Feature", "properties": { "fid": 324, "indice": "03", "complement": "", "Consistance": "TN", "num": "T109008", "surface": 9048 }, "geometry": { "type": "Polygon", "coordinates": [ [ [ -6.856652357511647, 33.868347388700116 ], [ -6.856535030090746, 33.868249543065822 ], [ -6.856355644786071, 33.868449153684843 ], [ -6.856006419792672, 33.86883743985463 ], [ -6.855646577577889, 33.869237573557974 ], [ -6.855219833860855, 33.869710638544404 ], [ -6.855333994092509, 33.869813031848878 ], [ -6.855542902138962, 33.870020749813136 ], [ -6.85688767152747, 33.868517818020166 ], [ -6.856652357511647, 33.868347388700116 ] ] ] } },
{ "type": "Feature", "properties": { "fid": 328, "indice": "03", "complement": "", "Consistance": "TN", "num": "T109015", "surface": 5888 }, "geometry": { "type": "Polygon", "coordinates": [ [ [ -6.853327745556711, 33.865958977156396 ], [ -6.852621950720293, 33.865389040874348 ], [ -6.852122637546024, 33.865076458542887 ], [ -6.850581060629064, 33.864113951780709 ], [ -6.850539264110541, 33.8641360827569 ], [ -6.850518861239084, 33.864144436713588 ], [ -6.851976980128883, 33.865159322914955 ], [ -6.852497972840165, 33.865475261771223 ], [ -6.853238509373458, 33.866053814361528 ], [ -6.854118573955898, 33.866829164436204 ], [ -6.854160661040114, 33.866630251285585 ], [ -6.853327745556711, 33.865958977156396 ] ] ] } },
{ "type": "Feature", "properties": { "fid": 331, "indice": "03", "complement": "", "Consistance": "TN", "num": "T110365", "surface": 27478 }, "geometry": { "type": "Polygon", "coordinates": [ [ [ -6.858007931823515, 33.875689503498513 ], [ -6.859016233545591, 33.875011225077401 ], [ -6.857996682750285, 33.874178910837301 ], [ -6.857942447630379, 33.874168719859604 ], [ -6.857268296342458, 33.874719533927902 ], [ -6.856088453107768, 33.875615354957574 ], [ -6.857598974142573, 33.876128094935858 ], [ -6.858007931823515, 33.875689503498513 ] ] ] } },
{ "type": "Feature", "properties": { "fid": 332, "indice": "03", "complement": "", "Consistance": "TN", "num": "T110366", "surface": 10023 }, "geometry": { "type": "Polygon", "coordinates": [ [ [ -6.859091093296132, 33.874961647995583 ], [ -6.859575123871414, 33.874487000356474 ], [ -6.858595308472401, 33.873702931170101 ], [ -6.858389170046073, 33.873855054183956 ], [ -6.857996682750285, 33.874178910837301 ], [ -6.859016233545591, 33.875011225077401 ], [ -6.859091093296132, 33.874961647995583 ] ] ] } },
{ "type": "Feature", "properties": { "fid": 333, "indice": "03", "complement": "", "Consistance": "TN", "num": "T110367", "surface": 9949 }, "geometry": { "type": "Polygon", "coordinates": [ [ [ -6.859750658780833, 33.874315390191839 ], [ -6.860185687214899, 33.87394954284941 ], [ -6.859259630708273, 33.873211751306343 ], [ -6.858595308472401, 33.873702931170101 ], [ -6.859575123871414, 33.874487000356474 ], [ -6.859750658780833, 33.874315390191839 ] ] ] } },
{ "type": "Feature", "properties": { "fid": 338, "indice": "R", "complement": "", "Consistance": "TN", "num": "T12232", "surface": 32941 }, "geometry": { "type": "Polygon", "coordinates": [ [ [ -6.905610045760215, 33.901417684021816 ], [ -6.905888942311941, 33.901158181994269 ], [ -6.904692453312339, 33.900083052998369 ], [ -6.903967574135484, 33.89944599097516 ], [ -6.903594381750056, 33.899819362326163 ], [ -6.903048842054616, 33.900296720049894 ], [ -6.903464262796751, 33.90067685023341 ], [ -6.904903792247504, 33.901983567733531 ], [ -6.905610045760215, 33.901417684021816 ] ] ] } },
{ "type": "Feature", "properties": { "fid": 339, "indice": "38", "complement": "", "Consistance": "TN", "num": "T1224", "surface": 9699 }, "geometry": { "type": "Polygon", "coordinates": [ [ [ -6.899944656280376, 33.919938078903243 ], [ -6.899884746299337, 33.919914445138943 ], [ -6.899399872918817, 33.919714618019547 ], [ -6.898928224891306, 33.920282160954535 ], [ -6.899773273033664, 33.920916005474005 ], [ -6.900432425209571, 33.920305625561021 ], [ -6.899944656280376, 33.919938078903243 ] ] ] } },
{ "type": "Feature", "properties": { "fid": 340, "indice": "R", "complement": "", "Consistance": "TN", "num": "T12336", "surface": 18407 }, "geometry": { "type": "Polygon", "coordinates": [ [ [ -6.914077674442764, 33.892936632092187 ], [ -6.913486616517398, 33.892345806160883 ], [ -6.912941780830543, 33.891862649647706 ], [ -6.912284607424468, 33.891324929199548 ], [ -6.911724923918579, 33.891791675198093 ], [ -6.911646083498976, 33.891860272216697 ], [ -6.911724938917416, 33.891917042744396 ], [ -6.913613065818209, 33.893335493215638 ], [ -6.914077674442764, 33.892936632092187 ] ] ] } },
{ "type": "Feature", "properties": { "fid": 342, "indice": "R", "complement": "", "Consistance": "TN", "num": "T12360", "surface": 2478 }, "geometry": { "type": "Polygon", "coordinates": [ [ [ -6.834386943732627, 33.893214486034601 ], [ -6.834024524912334, 33.892945359684951 ], [ -6.833655920528013, 33.893350936474476 ], [ -6.834004119241049, 33.893610305760802 ], [ -6.834386943732627, 33.893214486034601 ] ] ] } },
{ "type": "Feature", "properties": { "fid": 347, "indice": "38", "complement": "", "Consistance": "TN", "num": "T12928", "surface": 10126 }, "geometry": { "type": "Polygon", "coordinates": [ [ [ -6.866367423292271, 33.854376626015764 ], [ -6.86589601554484, 33.85398710628219 ], [ -6.864590982119763, 33.854359561191124 ], [ -6.865553601441931, 33.855095083751927 ], [ -6.866367423292271, 33.854376626015764 ] ] ] } },
{ "type": "Feature", "properties": { "fid": 348, "indice": "38", "complement": "", "Consistance": "TN", "num": "T12931", "surface": 11539 }, "geometry": { "type": "Polygon", "coordinates": [ [ [ -6.865549543555842, 33.856587827594332 ], [ -6.864694936271349, 33.856040445777609 ], [ -6.864617414779456, 33.856123429375756 ], [ -6.863931376705262, 33.856856614026107 ], [ -6.864804498516259, 33.857411901483054 ], [ -6.865549543555842, 33.856587827594332 ] ] ] } },
{ "type": "Feature", "properties": { "fid": 351, "indice": "38", "complement": "", "Consistance": "TN", "num": "T12938", "surface": 10024 }, "geometry": { "type": "Polygon", "coordinates": [ [ [ -6.867823260887189, 33.855575351826594 ], [ -6.86708984170958, 33.854970643973267 ], [ -6.86629940397083, 33.8556653818953 ], [ -6.867073622388781, 33.856253380897464 ], [ -6.867823260887189, 33.855575351826594 ] ] ] } },
{ "type": "Feature", "properties": { "fid": 352, "indice": "38", "complement": "", "Consistance": "TN", "num": "T12940", "surface": 9974 }, "geometry": { "type": "Polygon", "coordinates": [ [ [ -6.86795727303945, 33.857047534896935 ], [ -6.867154574591265, 33.856438229119433 ], [ -6.86651874837888, 33.857134761821762 ], [ -6.866438076199588, 33.857223195057863 ], [ -6.867125385493927, 33.857721117583189 ], [ -6.86795727303945, 33.857047534896935 ] ] ] } },
{ "type": "Feature", "properties": { "fid": 353, "indice": "38", "complement": "", "Consistance": "TN", "num": "T12944", "surface": 10487 }, "geometry": { "type": "Polygon", "coordinates": [ [ [ -6.868390725883418, 33.857300398859408 ], [ -6.868062816279672, 33.857087784882921 ], [ -6.866281651272936, 33.858526515191841 ], [ -6.867118661948401, 33.858605088631094 ], [ -6.868390725883418, 33.857300398859408 ] ] ] } },
{ "type": "Feature", "properties": { "fid": 354, "indice": "38", "complement": "", "Consistance": "TN", "num": "T12945", "surface": 10558 }, "geometry": { "type": "Polygon", "coordinates": [ [ [ -6.868851035046716, 33.85760706178759 ], [ -6.868390725883418, 33.857300398859408 ], [ -6.867118661948401, 33.858605088631094 ], [ -6.86801334112422, 33.858705527873965 ], [ -6.868851035046716, 33.85760706178759 ] ] ] } },
{ "type": "Feature", "properties": { "fid": 355, "indice": "38", "complement": "", "Consistance": "TN", "num": "T12946", "surface": 10283 }, "geometry": { "type": "Polygon", "coordinates": [ [ [ -6.869598509625095, 33.85808171595805 ], [ -6.868851035046716, 33.85760706178759 ], [ -6.86801334112422, 33.858705527873965 ], [ -6.868990367415778, 33.85881671866241 ], [ -6.869598509625095, 33.85808171595805 ] ] ] } },
{ "type": "Feature", "properties": { "fid": 356, "indice": "38", "complement": "", "Consistance": "TN", "num": "T12947", "surface": 10615 }, "geometry": { "type": "Polygon", "coordinates": [ [ [ -6.870013473495141, 33.857879316341247 ], [ -6.869598509625095, 33.85808171595805 ], [ -6.868990367415778, 33.85881671866241 ], [ -6.869954258070886, 33.858918134989636 ], [ -6.870794747028994, 33.859010171985553 ], [ -6.870013473495141, 33.857879316341247 ] ] ] } },
{ "type": "Feature", "properties": { "fid": 359, "indice": "38", "complement": "", "Consistance": "TN", "num": "T12952", "surface": 10450 }, "geometry": { "type": "Polygon", "coordinates": [ [ [ -6.872203340239419, 33.856959743750373 ], [ -6.871969188067172, 33.85692191290034 ], [ -6.870687903638112, 33.857549397938577 ], [ -6.871351637252364, 33.858505755817184 ], [ -6.872203340239419, 33.856959743750373 ] ] ] } },
{ "type": "Feature", "properties": { "fid": 360, "indice": "38", "complement": "", "Consistance": "TN", "num": "T1307", "surface": 7248 }, "geometry": { "type": "Polygon", "coordinates": [ [ [ -6.852798397237382, 33.871750079033916 ], [ -6.852830542673006, 33.87173256911224 ], [ -6.851652960873117, 33.871013877461529 ], [ -6.851831565035451, 33.870766480978354 ], [ -6.851381172654339, 33.870536305224391 ], [ -6.850922493898215, 33.87026293156665 ], [ -6.850482099899726, 33.870632416826858 ], [ -6.851403623472874, 33.871299073324792 ], [ -6.851630635054001, 33.871036684679751 ], [ -6.852798397237382, 33.871750079033916 ] ] ] } },
{ "type": "Feature", "properties": { "fid": 368, "indice": "38", "complement": "", "Consistance": "TN", "num": "T13347", "surface": 19894 }, "geometry": { "type": "Polygon", "coordinates": [ [ [ -6.85009681625154, 33.844651411028664 ], [ -6.850596225148495, 33.84465283419707 ], [ -6.850635218756357, 33.844527915124402 ], [ -6.851059728722339, 33.844575301929851 ], [ -6.851192484798365, 33.844304083409334 ], [ -6.851497756596611, 33.843812594525822 ], [ -6.851464774248333, 33.843584788272913 ], [ -6.850532436137433, 33.843873402190162 ], [ -6.848505394426136, 33.844502997982254 ], [ -6.848653059567459, 33.844802532878134 ], [ -6.848816395986352, 33.845134355583802 ], [ -6.85009681625154, 33.844651411028664 ] ] ] } },
{ "type": "Feature", "properties": { "fid": 371, "indice": "R", "complement": "", "Consistance": "TN", "num": "T14135", "surface": 28602 }, "geometry": { "type": "Polygon", "coordinates": [ [ [ -6.867902068238137, 33.871340151054198 ], [ -6.865018352287916, 33.869091181186754 ], [ -6.863573971215747, 33.867941897864114 ], [ -6.862308757080326, 33.867093551039723 ], [ -6.861655218365184, 33.865905233729059 ], [ -6.86162210187906, 33.865929070840302 ], [ -6.862272245862224, 33.867108408722558 ], [ -6.862357603004969, 33.867233680671546 ], [ -6.862396215638686, 33.867215190686061 ], [ -6.864661239318364, 33.869329864341083 ], [ -6.866608800879934, 33.871142466132611 ], [ -6.865650505727771, 33.870995860991449 ], [ -6.865304130024371, 33.871358885823113 ], [ -6.864755888739468, 33.871934422435359 ], [ -6.864251220111107, 33.87246525202945 ], [ -6.864268073110474, 33.872502935650985 ], [ -6.865669536307339, 33.871034420858415 ], [ -6.86796015424019, 33.871386369601964 ], [ -6.867902068238137, 33.871340151054198 ] ] ] } },
{ "type": "Feature", "properties": { "fid": 372, "indice": "R", "complement": "", "Consistance": "TN", "num": "T14490", "surface": 16605 }, "geometry": { "type": "Polygon", "coordinates": [ [ [ -6.906559366669344, 33.903083833355417 ], [ -6.905228245401935, 33.904169531444062 ], [ -6.905922372990832, 33.904839424957949 ], [ -6.907246963894043, 33.903688860039942 ], [ -6.906559366669344, 33.903083833355417 ] ] ] } },
{ "type": "Feature", "properties": { "fid": 375, "indice": "38", "complement": "", "Consistance": "TN", "num": "T14752", "surface": 15597 }, "geometry": { "type": "Polygon", "coordinates": [ [ [ -6.911554679430464, 33.867733853503637 ], [ -6.910951901532727, 33.867266719372715 ], [ -6.909991795627271, 33.868077426417713 ], [ -6.909412085631242, 33.868566055540057 ], [ -6.9100205039539, 33.869046657798066 ], [ -6.910590516040235, 33.86855994691733 ], [ -6.911554679430464, 33.867733853503637 ] ] ] } },
{ "type": "Feature", "properties": { "fid": 376, "indice": "38", "complement": "", "Consistance": "TN", "num": "T14753", "surface": 16460 }, "geometry": { "type": "Polygon", "coordinates": [ [ [ -6.909412085631242, 33.868566055540057 ], [ -6.907804038497685, 33.869923917794615 ], [ -6.908443650810185, 33.870395132167374 ], [ -6.908814437990861, 33.870078591604276 ], [ -6.909577296040469, 33.869426309536529 ], [ -6.9100205039539, 33.869046657798066 ], [ -6.909412085631242, 33.868566055540057 ] ] ] } },
{ "type": "Feature", "properties": { "fid": 382, "indice": "38", "complement": "", "Consistance": "TN", "num": "T15322", "surface": 132574 }, "geometry": { "type": "Polygon", "coordinates": [ [ [ -6.887248595207038, 33.90846118400173 ], [ -6.886441890183785, 33.909109326378051 ], [ -6.887405264509067, 33.909969132177324 ], [ -6.888691222684724, 33.911220133370449 ], [ -6.890102476994938, 33.912394770335943 ], [ -6.890800338945406, 33.912969999464281 ], [ -6.892225698788997, 33.911873417188659 ], [ -6.892500806740218, 33.911641049518693 ], [ -6.891796236795705, 33.910927014240826 ], [ -6.889749214084572, 33.909074508140023 ], [ -6.888107833949725, 33.907786255819467 ], [ -6.887792524126146, 33.908071403359422 ], [ -6.887248595207038, 33.90846118400173 ] ] ] } },
{ "type": "Feature", "properties": { "fid": 383, "indice": "38", "complement": "", "Consistance": "TN", "num": "T15323", "surface": 26242 }, "geometry": { "type": "Polygon", "coordinates": [ [ [ -6.884981947891698, 33.90913207043247 ], [ -6.884447831021347, 33.908576512693628 ], [ -6.883299649206196, 33.90746994562349 ], [ -6.882737449441251, 33.908121479180188 ], [ -6.883541758972338, 33.908854224825383 ], [ -6.884020478125672, 33.909269744189011 ], [ -6.885043613687416, 33.910273165901394 ], [ -6.885124716381058, 33.910208167351151 ], [ -6.885580458782409, 33.909847402741292 ], [ -6.884981947891698, 33.90913207043247 ] ] ] } },
{ "type": "Feature", "properties": { "fid": 384, "indice": "38", "complement": "", "Consistance": "TN", "num": "T15363", "surface": 10264 }, "geometry": { "type": "Polygon", "coordinates": [ [ [ -6.907006057661868, 33.892590886291451 ], [ -6.906524820169188, 33.893030507687939 ], [ -6.906959575648292, 33.893404080699433 ], [ -6.907184727015157, 33.893602498022439 ], [ -6.907701930586624, 33.894052640809058 ], [ -6.908168954446321, 33.893604167112997 ], [ -6.907006057661868, 33.892590886291451 ] ] ] } },
{ "type": "Feature", "properties": { "fid": 390, "indice": "38", "complement": "", "Consistance": "TN", "num": "T1675", "surface": 10012 }, "geometry": { "type": "Polygon", "coordinates": [ [ [ -6.84651919392408, 33.845185302015686 ], [ -6.845243048254071, 33.846122733752075 ], [ -6.843895347739377, 33.847114192024492 ], [ -6.844218777934782, 33.84732331294348 ], [ -6.845409424553884, 33.846377861319091 ], [ -6.846716315574918, 33.845339055895046 ], [ -6.84651919392408, 33.845185302015686 ] ] ] } },
{ "type": "Feature", "properties": { "fid": 394, "indice": "R", "complement": "", "Consistance": "TN", "num": "T17233", "surface": 18070 }, "geometry": { "type": "Polygon", "coordinates": [ [ [ -6.896755784294265, 33.906069586418212 ], [ -6.896752295885448, 33.905678194912319 ], [ -6.895253348171928, 33.904372096047815 ], [ -6.89449368679754, 33.904919617171799 ], [ -6.896693376049568, 33.906403141246599 ], [ -6.896755784294265, 33.906069586418212 ] ] ] } },
{ "type": "Feature", "properties": { "fid": 413, "indice": "38", "complement": "", "Consistance": "TN", "num": "T19895", "surface": 3324 }, "geometry": { "type": "Polygon", "coordinates": [ [ [ -6.90577700955239, 33.902002826388475 ], [ -6.905358265735128, 33.901619136146039 ], [ -6.904904873663124, 33.901983554727906 ], [ -6.905254130480139, 33.902289615112338 ], [ -6.905334337827917, 33.902361705940216 ], [ -6.90577700955239, 33.902002826388475 ] ] ] } },
{ "type": "Feature", "properties": { "fid": 414, "indice": "38", "complement": "", "Consistance": "TN", "num": "T2006", "surface": 4631 }, "geometry": { "type": "Polygon", "coordinates": [ [ [ -6.90202156822613, 33.935398127381269 ], [ -6.902008804271438, 33.935410907288244 ], [ -6.901967118478535, 33.93537803673668 ], [ -6.901681874170148, 33.935652934096296 ], [ -6.901881524300596, 33.935810177211422 ], [ -6.902081144005035, 33.935965616551037 ], [ -6.902280779999048, 33.936121957287931 ], [ -6.90248149855317, 33.936278284713289 ], [ -6.902553897200971, 33.936335138050666 ], [ -6.902841965799303, 33.936035853258417 ], [ -6.90202156822613, 33.935398127381269 ] ] ] } },
{ "type": "Feature", "properties": { "fid": 416, "indice": "38", "complement": "", "Consistance": "TN", "num": "T20183", "surface": 5398 }, "geometry": { "type": "Polygon", "coordinates": [ [ [ -6.844775555537086, 33.883154007539325 ], [ -6.843945868755815, 33.882552084277883 ], [ -6.84399475031036, 33.882500110604596 ], [ -6.843593573531104, 33.882240477723435 ], [ -6.843388087276046, 33.88249989606701 ], [ -6.844018505439063, 33.883019342664376 ], [ -6.844716253005061, 33.883490206800055 ], [ -6.844775555537086, 33.883154007539325 ] ] ] } },
{ "type": "Feature", "properties": { "fid": 427, "indice": "R", "complement": "", "Consistance": "TN", "num": "T21636", "surface": 84608 }, "geometry": { "type": "Polygon", "coordinates": [ [ [ -6.892165522793479, 33.900986166832382 ], [ -6.89187094487383, 33.900775022112605 ], [ -6.889346804190737, 33.899153673685419 ], [ -6.888784880033554, 33.898740967458593 ], [ -6.888396208514977, 33.899098242423044 ], [ -6.886881286424289, 33.897982538547801 ], [ -6.885777334852931, 33.897116278846049 ], [ -6.88556341516986, 33.897319947232525 ], [ -6.885384994738265, 33.89751237076419 ], [ -6.887072871222107, 33.89881363681134 ], [ -6.891248960997513, 33.90184489864874 ], [ -6.892387666227856, 33.902838768241871 ], [ -6.893288319443717, 33.902124525521295 ], [ -6.892165522793479, 33.900986166832382 ] ] ] } },
{ "type": "Feature", "properties": { "fid": 436, "indice": "R", "complement": "", "Consistance": "TN", "num": "T25392", "surface": 27463 }, "geometry": { "type": "Polygon", "coordinates": [ [ [ -6.906895007059186, 33.906849823532554 ], [ -6.905922151794423, 33.905951496431058 ], [ -6.905065770745606, 33.905219518243896 ], [ -6.904187204058541, 33.904392197213888 ], [ -6.903939597635509, 33.904585478674754 ], [ -6.903846224987214, 33.904502722159968 ], [ -6.903671439155977, 33.904653639545664 ], [ -6.904935798571492, 33.90589752214435 ], [ -6.905957391939863, 33.906737547356585 ], [ -6.906534675506713, 33.907279868603673 ], [ -6.907174017242625, 33.907844889707626 ], [ -6.907671564798775, 33.907530439487893 ], [ -6.906895007059186, 33.906849823532554 ] ] ] } },
{ "type": "Feature", "properties": { "fid": 437, "indice": "38", "complement": "", "Consistance": "TN", "num": "T4710", "surface": 27528 }, "geometry": { "type": "Polygon", "coordinates": [ [ [ -6.834659720166171, 33.844293724121563 ], [ -6.835497918425311, 33.844454569732555 ], [ -6.83644906442153, 33.844647483806732 ], [ -6.836409666622239, 33.844421551654911 ], [ -6.83607634541974, 33.843807557143464 ], [ -6.836319400932219, 33.843077808846971 ], [ -6.836325139345006, 33.842639404168942 ], [ -6.836219894591882, 33.842222116689427 ], [ -6.836113985660973, 33.841436848467204 ], [ -6.834659720166171, 33.844293724121563 ] ] ] } },
{ "type": "Feature", "properties": { "fid": 440, "indice": "38", "complement": "", "Consistance": "TN", "num": "T2662", "surface": 11287 }, "geometry": { "type": "Polygon", "coordinates": [ [ [ -6.847557103253499, 33.83161090597207 ], [ -6.848576551843654, 33.832343196288427 ], [ -6.849173080530028, 33.831690497173319 ], [ -6.84818073809364, 33.830963309252262 ], [ -6.847557103253499, 33.83161090597207 ] ] ] } },
{ "type": "Feature", "properties": { "fid": 445, "indice": "38", "complement": "", "Consistance": "TN", "num": "T2708", "surface": 10199 }, "geometry": { "type": "Polygon", "coordinates": [ [ [ -6.843574301828538, 33.831141949137425 ], [ -6.842895309364259, 33.831842473563903 ], [ -6.843694593906967, 33.832465503778963 ], [ -6.844386297144363, 33.831749495386447 ], [ -6.843574301828538, 33.831141949137425 ] ] ] } },
{ "type": "Feature", "properties": { "fid": 446, "indice": "38", "complement": "", "Consistance": "TN", "num": "T2709", "surface": 10088 }, "geometry": { "type": "Polygon", "coordinates": [ [ [ -6.844254333991983, 33.830439604856409 ], [ -6.843574301828538, 33.831141949137425 ], [ -6.844386297144363, 33.831749495386447 ], [ -6.8450652918546, 33.831049864605113 ], [ -6.844254333991983, 33.830439604856409 ] ] ] } },
{ "type": "Feature", "properties": { "fid": 447, "indice": "38", "complement": "", "Consistance": "TN", "num": "T2710", "surface": 10088 }, "geometry": { "type": "Polygon", "coordinates": [ [ [ -6.844933304585417, 33.82973907273238 ], [ -6.844254333991983, 33.830439604856409 ], [ -6.8450652918546, 33.831049864605113 ], [ -6.845745311273979, 33.830347512193775 ], [ -6.844933304585417, 33.82973907273238 ] ] ] } },
{ "type": "Feature", "properties": { "fid": 450, "indice": "38", "complement": "", "Consistance": "TN", "num": "T2718", "surface": 10096 }, "geometry": { "type": "Polygon", "coordinates": [ [ [ -6.846488814085531, 33.829694027860739 ], [ -6.845808790793374, 33.83039548270073 ], [ -6.846619729176985, 33.831003928850265 ], [ -6.847299765676516, 33.830303371500392 ], [ -6.846488814085531, 33.829694027860739 ] ] ] } },
{ "type": "Feature", "properties": { "fid": 451, "indice": "38", "complement": "", "Consistance": "TN", "num": "T2722", "surface": 10093 }, "geometry": { "type": "Polygon", "coordinates": [ [ [ -6.845130917633949, 33.831096908704509 ], [ -6.844450887407068, 33.831799257604153 ], [ -6.84526074881433, 33.832407724775685 ], [ -6.845940792235297, 33.831706273372184 ], [ -6.845130917633949, 33.831096908704509 ] ] ] } },
{ "type": "Feature", "properties": { "fid": 452, "indice": "38", "complement": "", "Consistance": "TN", "num": "T2726", "surface": 15202 }, "geometry": { "type": "Polygon", "coordinates": [ [ [ -6.842896292214543, 33.833401908523086 ], [ -6.843295402566053, 33.834007010201191 ], [ -6.845028548954203, 33.833655079663309 ], [ -6.844448917769626, 33.833244181210539 ], [ -6.843619947968956, 33.832656674066399 ], [ -6.842896292214543, 33.833401908523086 ] ] ] } },
{ "type": "Feature", "properties": { "fid": 457, "indice": "38", "complement": "", "Consistance": "TN", "num": "T2820", "surface": 2191 }, "geometry": { "type": "Polygon", "coordinates": [ [ [ -6.884626640774459, 33.905996710033506 ], [ -6.88404911982914, 33.90663670687676 ], [ -6.884322596657968, 33.906815650830495 ], [ -6.884634688588006, 33.906468317811864 ], [ -6.884626640774459, 33.905996710033506 ] ] ] } },
{ "type": "Feature", "properties": { "fid": 461, "indice": "R", "complement": "", "Consistance": "TN", "num": "T32329", "surface": 74488 }, "geometry": { "type": "Polygon", "coordinates": [ [ [ -6.859004207818217, 33.841462283638378 ], [ -6.857200436897865, 33.842831708817286 ], [ -6.856035529346912, 33.841880208969535 ], [ -6.855014034448153, 33.842782308138283 ], [ -6.855405649181609, 33.842996018742916 ], [ -6.855634543777792, 33.843174643138589 ], [ -6.854675962396576, 33.844026400227108 ], [ -6.853950955851072, 33.844496621992477 ], [ -6.853591231622348, 33.844833617375926 ], [ -6.853060974097946, 33.84512118317965 ], [ -6.852599139425934, 33.845298817998831 ], [ -6.851863756032493, 33.845342533593303 ], [ -6.851786036806506, 33.84593239793621 ], [ -6.852361986782171, 33.84585626122594 ], [ -6.852777642338991, 33.84576123973396 ], [ -6.853657064664692, 33.845410089238442 ], [ -6.854592126697336, 33.844895937262763 ], [ -6.856196416859611, 33.844326184147377 ], [ -6.856820965048899, 33.843860727314187 ], [ -6.857601539336931, 33.843159847673853 ], [ -6.859351027641147, 33.841840656798134 ], [ -6.859004207818217, 33.841462283638378 ] ] ] } },
{ "type": "Feature", "properties": { "fid": 466, "indice": "R", "complement": "", "Consistance": "TN", "num": "T35577", "surface": 149927 }, "geometry": { "type": "Polygon", "coordinates": [ [ [ -6.905237180033819, 33.89474523121919 ], [ -6.905682579948659, 33.894483725630771 ], [ -6.90549496388438, 33.894266815556463 ], [ -6.906959575648292, 33.893404080699433 ], [ -6.906524773332166, 33.893027802476659 ], [ -6.905383950438304, 33.892038592895346 ], [ -6.904301706332401, 33.892872361221926 ], [ -6.902948174538627, 33.891776554024425 ], [ -6.902802136073617, 33.891649332919165 ], [ -6.900370306354996, 33.893622165510486 ], [ -6.900513793192919, 33.893726871863066 ], [ -6.903149452976487, 33.895978005676568 ], [ -6.905237180033819, 33.89474523121919 ] ] ] } },
{ "type": "Feature", "properties": { "fid": 468, "indice": "38", "complement": "", "Consistance": "TN", "num": "T3963", "surface": 43712 }, "geometry": { "type": "Polygon", "coordinates": [ [ [ -6.846932469044357, 33.853076926925361 ], [ -6.846366287785538, 33.852572983962958 ], [ -6.845817323518596, 33.852259146614522 ], [ -6.844748462082253, 33.851753791414559 ], [ -6.844370105226615, 33.852600564284323 ], [ -6.844243407479757, 33.852913193228972 ], [ -6.843819894377166, 33.853384380926748 ], [ -6.843633325297668, 33.853737385216732 ], [ -6.844641143347449, 33.853559792530213 ], [ -6.84514066313385, 33.853564844509322 ], [ -6.845249119687489, 33.853586139436665 ], [ -6.845819973876238, 33.853980899804128 ], [ -6.846222407521374, 33.854258550618169 ], [ -6.846354170418589, 33.85405589657023 ], [ -6.846278125058146, 33.853968386926041 ], [ -6.84649405488897, 33.853821580891584 ], [ -6.846600977864099, 33.853945712362304 ], [ -6.846969158584326, 33.853593308198512 ], [ -6.847229927599956, 33.853347671701357 ], [ -6.846932469044357, 33.853076926925361 ] ] ] } },
{ "type": "Feature", "properties": { "fid": 470, "indice": "R", "complement": "", "Consistance": "TN", "num": "T40509", "surface": 15393 }, "geometry": { "type": "Polygon", "coordinates": [ [ [ -6.912866251304117, 33.870163137834382 ], [ -6.911836537647317, 33.871075716374342 ], [ -6.910812113690714, 33.871982810416569 ], [ -6.911247331132579, 33.872325698873247 ], [ -6.91249859884926, 33.871219237399018 ], [ -6.913304742166871, 33.870507783604531 ], [ -6.912866251304117, 33.870163137834382 ] ] ] } },
{ "type": "Feature", "properties": { "fid": 473, "indice": "R", "complement": "", "Consistance": "TN", "num": "T43542", "surface": 35045 }, "geometry": { "type": "Polygon", "coordinates": [ [ [ -6.858684048719678, 33.877578367944217 ], [ -6.858820663477402, 33.877471249779717 ], [ -6.857276072076354, 33.876475490056812 ], [ -6.85739502675833, 33.876346932957205 ], [ -6.855935405230356, 33.875645095983501 ], [ -6.855994724638036, 33.875571349707492 ], [ -6.854989678931748, 33.875087887245037 ], [ -6.854387000968378, 33.875581934688697 ], [ -6.85545107692328, 33.876103497880585 ], [ -6.858158921754956, 33.877989453833045 ], [ -6.858684048719678, 33.877578367944217 ] ] ] } },
{ "type": "Feature", "properties": { "fid": 474, "indice": "R", "complement": "", "Consistance": "TN", "num": "T43544", "surface": 28342 }, "geometry": { "type": "Polygon", "coordinates": [ [ [ -6.859038399638819, 33.877300952582878 ], [ -6.858200398867083, 33.876721767239907 ], [ -6.857459826428273, 33.876277631769021 ], [ -6.857598974142573, 33.876128094935858 ], [ -6.856088453107768, 33.875615354957574 ], [ -6.857268296342458, 33.874719533927902 ], [ -6.856605617556413, 33.874147314522602 ], [ -6.855732825126686, 33.874717569649661 ], [ -6.855359582235748, 33.874317850455121 ], [ -6.854567816195694, 33.874884448828084 ], [ -6.854989678931748, 33.875087887245037 ], [ -6.855994724638036, 33.875571349707492 ], [ -6.855935405230356, 33.875645095983501 ], [ -6.85739502675833, 33.876346932957205 ], [ -6.857276072076354, 33.876475490056812 ], [ -6.858820663477402, 33.877471249779717 ], [ -6.859038399638819, 33.877300952582878 ] ] ] } },
{ "type": "Feature", "properties": { "fid": 475, "indice": "R", "complement": "", "Consistance": "TN", "num": "T43546", "surface": 35455 }, "geometry": { "type": "Polygon", "coordinates": [ [ [ -6.85767085030442, 33.878418144100166 ], [ -6.854901228884244, 33.876523877083237 ], [ -6.853295528236255, 33.875232046355016 ], [ -6.851380744679714, 33.873817512158766 ], [ -6.85130756564803, 33.873968080609949 ], [ -6.85329920231769, 33.875452073114118 ], [ -6.853084269133094, 33.875661110516468 ], [ -6.854581986939289, 33.876767501272738 ], [ -6.856946264337874, 33.879058833306686 ], [ -6.85767085030442, 33.878418144100166 ] ] ] } },
{ "type": "Feature", "properties": { "fid": 480, "indice": "R", "complement": "", "Consistance": "TN", "num": "T49631", "surface": 8088 }, "geometry": { "type": "Polygon", "coordinates": [ [ [ -6.856210435137855, 33.864422838354329 ], [ -6.857251259746078, 33.864725489009899 ], [ -6.8573781634323, 33.86436233741447 ], [ -6.856150307922197, 33.864060061529784 ], [ -6.855075040428705, 33.863765919828111 ], [ -6.855018129328606, 33.864047983302278 ], [ -6.856210435137855, 33.864422838354329 ] ] ] } },
{ "type": "Feature", "properties": { "fid": 483, "indice": "R", "complement": "", "Consistance": "TN", "num": "T54588", "surface": 16433 }, "geometry": { "type": "Polygon", "coordinates": [ [ [ -6.9110355081708, 33.923090354184161 ], [ -6.911063642593458, 33.923464309754607 ], [ -6.911031534267853, 33.9236712361717 ], [ -6.912324021942961, 33.92402180410496 ], [ -6.912814560910097, 33.924171005724766 ], [ -6.913074620192609, 33.924069553376562 ], [ -6.913329643698834, 33.923740878453536 ], [ -6.912344713823518, 33.923282884683971 ], [ -6.911804016298739, 33.923048605047946 ], [ -6.911343114852571, 33.922798928920813 ], [ -6.9110355081708, 33.923090354184161 ] ] ] } },
{ "type": "Feature", "properties": { "fid": 485, "indice": "R", "complement": "", "Consistance": "TN", "num": "T55781", "surface": 10400 }, "geometry": { "type": "Polygon", "coordinates": [ [ [ -6.906742570293816, 33.912538264241377 ], [ -6.906567613155692, 33.912742400399395 ], [ -6.906463698167991, 33.91286360652753 ], [ -6.908538257454757, 33.914219454969775 ], [ -6.908880573921265, 33.913997063939334 ], [ -6.906742570293816, 33.912538264241377 ] ] ] } },
{ "type": "Feature", "properties": { "fid": 490, "indice": "R", "complement": "", "Consistance": "TN", "num": "T6118", "surface": 184431 }, "geometry": { "type": "Polygon", "coordinates": [ [ [ -6.899024671160132, 33.904282781518525 ], [ -6.899822293000333, 33.903492160645968 ], [ -6.900173842450505, 33.903680957702242 ], [ -6.900635519506694, 33.903105407904611 ], [ -6.897934157613778, 33.901004730348411 ], [ -6.896951859026079, 33.903383126343677 ], [ -6.896971585939228, 33.90610127803135 ], [ -6.898596142137075, 33.908165268299811 ], [ -6.900402066678335, 33.907193005535234 ], [ -6.901490066051847, 33.906429558362063 ], [ -6.899024671160132, 33.904282781518525 ] ] ] } },
{ "type": "Feature", "properties": { "fid": 508, "indice": "R", "complement": "", "Consistance": "TN", "num": "T67703", "surface": 13373 }, "geometry": { "type": "Polygon", "coordinates": [ [ [ -6.910115283903502, 33.8935166546487 ], [ -6.907451663919206, 33.891405799759823 ], [ -6.907178791203399, 33.891636372388469 ], [ -6.907636343383804, 33.892015080116181 ], [ -6.908808314834674, 33.892990364978338 ], [ -6.909415928775222, 33.893477291411827 ], [ -6.909851578475178, 33.89377688583609 ], [ -6.910115283903502, 33.8935166546487 ] ] ] } },
{ "type": "Feature", "properties": { "fid": 509, "indice": "R", "complement": "", "Consistance": "TN", "num": "T67704", "surface": 6167 }, "geometry": { "type": "Polygon", "coordinates": [ [ [ -6.910665630372973, 33.891327350702539 ], [ -6.911646083498976, 33.891860272216697 ], [ -6.911724923918579, 33.891791675198093 ], [ -6.909093916495641, 33.890001545933046 ], [ -6.908950431842489, 33.890146682798559 ], [ -6.910665630372973, 33.891327350702539 ] ] ] } },
{ "type": "Feature", "properties": { "fid": 510, "indice": "R", "complement": "", "Consistance": "TN", "num": "T67705", "surface": 7193 }, "geometry": { "type": "Polygon", "coordinates": [ [ [ -6.904301706332401, 33.892872361221926 ], [ -6.904582409118469, 33.892656131744772 ], [ -6.903096505929265, 33.891410394395308 ], [ -6.902802136073617, 33.891649332919165 ], [ -6.902948174538627, 33.891776554024425 ], [ -6.904301706332401, 33.892872361221926 ] ] ] } },
{ "type": "Feature", "properties": { "fid": 513, "indice": "38", "complement": "", "Consistance": "TN", "num": "T7012", "surface": 6986 }, "geometry": { "type": "Polygon", "coordinates": [ [ [ -6.851137916241268, 33.876179761993093 ], [ -6.850936708229862, 33.876045003542131 ], [ -6.85022568143686, 33.875424607860452 ], [ -6.849933909649589, 33.875824836381916 ], [ -6.8498658615289, 33.875959109748337 ], [ -6.850806626152685, 33.876609312427746 ], [ -6.851137916241268, 33.876179761993093 ] ] ] } },
{ "type": "Feature", "properties": { "fid": 515, "indice": "03", "complement": "", "Consistance": "TN", "num": "T102879", "surface": 36357 }, "geometry": { "type": "Polygon", "coordinates": [ [ [ -6.836442770042354, 33.839352314039211 ], [ -6.837726820350601, 33.83830484326149 ], [ -6.835758277945372, 33.836777039507986 ], [ -6.834795109739215, 33.837751360081874 ], [ -6.836280419134418, 33.839142224813955 ], [ -6.836442770042354, 33.839352314039211 ] ] ] } },
{ "type": "Feature", "properties": { "fid": 516, "indice": "R", "complement": "", "Consistance": "TN", "num": "T71221", "surface": 300552 }, "geometry": { "type": "Polygon", "coordinates": [ [ [ -6.781236392477618, 33.84760460841315 ], [ -6.781563497546476, 33.847509900748157 ], [ -6.789162781156962, 33.845559631578126 ], [ -6.797443447176635, 33.843386624185179 ], [ -6.797269015097626, 33.843293871080384 ], [ -6.797110692613687, 33.843194624258601 ], [ -6.796988033581373, 33.843094978819344 ], [ -6.796776381416691, 33.842972877250254 ], [ -6.796661533872695, 33.842888476994162 ], [ -6.796503382288951, 33.842732406099117 ], [ -6.79640614461772, 33.842667651334871 ], [ -6.796176971852142, 33.842531313577389 ], [ -6.796023708444833, 33.84241036264968 ], [ -6.795849908767308, 33.842221996249656 ], [ -6.795695374282472, 33.842021689525062 ], [ -6.795566994717023, 33.841564943389336 ], [ -6.795470767461146, 33.84149566698261 ], [ -6.795402106524969, 33.841460356119079 ], [ -6.795302308264342, 33.841438019648123 ], [ -6.793640656587556, 33.842023862147144 ], [ -6.79158653248169, 33.84273941826283 ], [ -6.7893399644448, 33.84352201706055 ], [ -6.786842856300085, 33.844389428909508 ], [ -6.783983471133911, 33.84538526572004 ], [ -6.780852008590949, 33.846473331228069 ], [ -6.780600458699228, 33.846560889507849 ], [ -6.781163103901521, 33.847345663822338 ], [ -6.781236392477618, 33.84760460841315 ] ] ] } },
{ "type": "Feature", "properties": { "fid": 518, "indice": "R", "complement": "", "Consistance": "TN", "num": "T72267", "surface": 12827 }, "geometry": { "type": "Polygon", "coordinates": [ [ [ -6.84704162102752, 33.845595950343082 ], [ -6.845731412949058, 33.846630287770452 ], [ -6.84456952763672, 33.847550156070348 ], [ -6.844920279166391, 33.847776998196572 ], [ -6.845865649033827, 33.84703280112975 ], [ -6.847367949161779, 33.845849224380544 ], [ -6.84704162102752, 33.845595950343082 ] ] ] } },
{ "type": "Feature", "properties": { "fid": 519, "indice": "R", "complement": "", "Consistance": "TN", "num": "T72517", "surface": 29658 }, "geometry": { "type": "Polygon", "coordinates": [ [ [ -6.848560962113742, 33.84641354887107 ], [ -6.849029596336127, 33.845799315216745 ], [ -6.848185013791252, 33.844087310066449 ], [ -6.848160113351629, 33.844019953487134 ], [ -6.846433035472787, 33.844748861515072 ], [ -6.848560962113742, 33.84641354887107 ] ] ] } },
{ "type": "Feature", "properties": { "fid": 521, "indice": "R", "complement": "", "Consistance": "TN", "num": "T73126", "surface": 99823 }, "geometry": { "type": "Polygon", "coordinates": [ [ [ -6.913651406744433, 33.864950383432713 ], [ -6.911834613698522, 33.866483096083378 ], [ -6.910010267941297, 33.868020381631318 ], [ -6.907718057004836, 33.869953816039597 ], [ -6.905925575636081, 33.871466302244684 ], [ -6.906591883366486, 33.871980497182207 ], [ -6.908016425830449, 33.870761958246277 ], [ -6.910350796202443, 33.868764874705761 ], [ -6.912528443639382, 33.866901322575167 ], [ -6.913938939877809, 33.865692803245189 ], [ -6.915922576487138, 33.863996590569847 ], [ -6.91563330981041, 33.863279449955151 ], [ -6.913651406744433, 33.864950383432713 ] ] ] } },
{ "type": "Feature", "properties": { "fid": 523, "indice": "R", "complement": "", "Consistance": "TN", "num": "T73196", "surface": 2727 }, "geometry": { "type": "Polygon", "coordinates": [ [ [ -6.903508232786839, 33.919432638110344 ], [ -6.903481628362802, 33.919458211363207 ], [ -6.903159992628922, 33.919752491711101 ], [ -6.903680463246062, 33.92007092965644 ], [ -6.903989623528841, 33.919743427002487 ], [ -6.903508232786839, 33.919432638110344 ] ] ] } },
{ "type": "Feature", "properties": { "fid": 532, "indice": "R", "complement": "", "Consistance": "TN", "num": "T73350", "surface": 15557 }, "geometry": { "type": "Polygon", "coordinates": [ [ [ -6.908834581601047, 33.914463910447701 ], [ -6.909636544257595, 33.914920531311864 ], [ -6.910558757582762, 33.915448751136125 ], [ -6.910800755063271, 33.915118433567002 ], [ -6.91103239002288, 33.914752163827991 ], [ -6.909406137925463, 33.913923984347392 ], [ -6.909309139346797, 33.914007228807876 ], [ -6.908834581601047, 33.914463910447701 ] ] ] } },
{ "type": "Feature", "properties": { "fid": 534, "indice": "R", "complement": "", "Consistance": "TN", "num": "T74348", "surface": 16914 }, "geometry": { "type": "Polygon", "coordinates": [ [ [ -6.904001690156746, 33.895475314110385 ], [ -6.901116926604522, 33.893016136334225 ], [ -6.900768145716317, 33.89329901495902 ], [ -6.903604488438829, 33.89571007852431 ], [ -6.904001690156746, 33.895475314110385 ] ] ] } },
{ "type": "Feature", "properties": { "fid": 535, "indice": "R", "complement": "", "Consistance": "TN", "num": "T74349", "surface": 29487 }, "geometry": { "type": "Polygon", "coordinates": [ [ [ -6.903361932254596, 33.893314776554853 ], [ -6.902918135581203, 33.893669152935928 ], [ -6.90273693139638, 33.893509884917648 ], [ -6.902195945781973, 33.89393577599661 ], [ -6.904001690156746, 33.895475314110385 ], [ -6.905107696654818, 33.894825256279965 ], [ -6.903361932254596, 33.893314776554853 ] ] ] } },
{ "type": "Feature", "properties": { "fid": 537, "indice": "R", "complement": "", "Consistance": "TN", "num": "T74641", "surface": 12978 }, "geometry": { "type": "Polygon", "coordinates": [ [ [ -6.845409424553884, 33.846377861319091 ], [ -6.844218777934782, 33.84732331294348 ], [ -6.84456952763672, 33.847550156070348 ], [ -6.845731412949058, 33.846630287770452 ], [ -6.84704162102752, 33.845595950343082 ], [ -6.846716315574918, 33.845339055895046 ], [ -6.845409424553884, 33.846377861319091 ] ] ] } },
{ "type": "Feature", "properties": { "fid": 538, "indice": "R", "complement": "", "Consistance": "TN", "num": "T75162", "surface": 16964 }, "geometry": { "type": "Polygon", "coordinates": [ [ [ -6.91171612523524, 33.875908819779106 ], [ -6.910784212928173, 33.876666876804073 ], [ -6.911871984332009, 33.877535823096309 ], [ -6.912826301776076, 33.876760350549219 ], [ -6.912621361827602, 33.876603187046136 ], [ -6.91171612523524, 33.875908819779106 ] ] ] } },
{ "type": "Feature", "properties": { "fid": 539, "indice": "R", "complement": "", "Consistance": "TN", "num": "T76822", "surface": 24490 }, "geometry": { "type": "Polygon", "coordinates": [ [ [ -6.902355694107529, 33.897299837448259 ], [ -6.898442693396756, 33.894294650626101 ], [ -6.898195492129126, 33.894698966845255 ], [ -6.899015378632204, 33.895268181837771 ], [ -6.901955182442757, 33.897719530302041 ], [ -6.902355694107529, 33.897299837448259 ] ] ] } },
{ "type": "Feature", "properties": { "fid": 540, "indice": "R", "complement": "", "Consistance": "TN", "num": "T78240", "surface": 20008 }, "geometry": { "type": "Polygon", "coordinates": [ [ [ -6.846433035472787, 33.844748861515072 ], [ -6.848064560616297, 33.844058941209447 ], [ -6.847744161282473, 33.843186874357841 ], [ -6.845561303838053, 33.844067159737648 ], [ -6.846433035472787, 33.844748861515072 ] ] ] } },
{ "type": "Feature", "properties": { "fid": 543, "indice": "R", "complement": "", "Consistance": "TN", "num": "T78300", "surface": 10070 }, "geometry": { "type": "Polygon", "coordinates": [ [ [ -6.854315128028268, 33.85270898842046 ], [ -6.855257462400042, 33.852302078802055 ], [ -6.854726213912057, 33.851562362504168 ], [ -6.853671225691227, 33.851955244981987 ], [ -6.854315128028268, 33.85270898842046 ] ] ] } },
{ "type": "Feature", "properties": { "fid": 544, "indice": "R", "complement": "", "Consistance": "TN", "num": "T79029", "surface": 10008 }, "geometry": { "type": "Polygon", "coordinates": [ [ [ -6.856253465969438, 33.851872890632116 ], [ -6.85584671374224, 33.851144356185273 ], [ -6.854726213912057, 33.851562362504168 ], [ -6.855257462400042, 33.852302078802055 ], [ -6.856253465969438, 33.851872890632116 ] ] ] } },
{ "type": "Feature", "properties": { "fid": 545, "indice": "R", "complement": "", "Consistance": "TN", "num": "T79033", "surface": 12025 }, "geometry": { "type": "Polygon", "coordinates": [ [ [ -6.830045860416835, 33.835443605077792 ], [ -6.829081948024347, 33.836177975920577 ], [ -6.830013008788519, 33.836799585860241 ], [ -6.830814398211424, 33.835975070710255 ], [ -6.830045860416835, 33.835443605077792 ] ] ] } },
{ "type": "Feature", "properties": { "fid": 549, "indice": "R", "complement": "", "Consistance": "TN", "num": "T79038", "surface": 13433 }, "geometry": { "type": "Polygon", "coordinates": [ [ [ -6.828925022255015, 33.836297020632671 ], [ -6.827257763489509, 33.837312698313809 ], [ -6.827900889592776, 33.837776164209735 ], [ -6.82947469845476, 33.836664137795601 ], [ -6.828925022255015, 33.836297020632671 ] ] ] } },
{ "type": "Feature", "properties": { "fid": 551, "indice": "R", "complement": "", "Consistance": "TN", "num": "T79040", "surface": 13551 }, "geometry": { "type": "Polygon", "coordinates": [ [ [ -6.828607424359294, 33.83828309703015 ], [ -6.829232993312455, 33.83872961997875 ], [ -6.830572954503156, 33.837396573579184 ], [ -6.830023269049473, 33.837029461331085 ], [ -6.828607424359294, 33.83828309703015 ] ] ] } },
{ "type": "Feature", "properties": { "fid": 552, "indice": "R", "complement": "", "Consistance": "TN", "num": "T79041", "surface": 15372 }, "geometry": { "type": "Polygon", "coordinates": [ [ [ -6.830572954503156, 33.837396573579184 ], [ -6.829232993312455, 33.83872961997875 ], [ -6.829922031074368, 33.839223216405479 ], [ -6.831198067673291, 33.837815132175777 ], [ -6.830572954503156, 33.837396573579184 ] ] ] } },
{ "type": "Feature", "properties": { "fid": 555, "indice": "R", "complement": "", "Consistance": "TN", "num": "T79044", "surface": 19324 }, "geometry": { "type": "Polygon", "coordinates": [ [ [ -6.829251436793375, 33.840116580244548 ], [ -6.828518564811783, 33.840970064653561 ], [ -6.829828414896452, 33.841947218160954 ], [ -6.830623369423838, 33.841122779758706 ], [ -6.829251436793375, 33.840116580244548 ] ] ] } },
{ "type": "Feature", "properties": { "fid": 556, "indice": "R", "complement": "", "Consistance": "TN", "num": "T79045", "surface": 15422 }, "geometry": { "type": "Polygon", "coordinates": [ [ [ -6.829828414896452, 33.841947218160954 ], [ -6.829597786443845, 33.842186161017338 ], [ -6.830892213495796, 33.843275319093614 ], [ -6.83132334336628, 33.842871731496146 ], [ -6.830821064468444, 33.842366084874854 ], [ -6.830623369423838, 33.841122779758706 ], [ -6.829828414896452, 33.841947218160954 ] ] ] } },
{ "type": "Feature", "properties": { "fid": 557, "indice": "R", "complement": "", "Consistance": "TN", "num": "T79047", "surface": 14179 }, "geometry": { "type": "Polygon", "coordinates": [ [ [ -6.829597786443845, 33.842186161017338 ], [ -6.828990972484009, 33.842818135132426 ], [ -6.830318428402816, 33.843812218785651 ], [ -6.830892213495796, 33.843275319093614 ], [ -6.829597786443845, 33.842186161017338 ] ] ] } },
{ "type": "Feature", "properties": { "fid": 558, "indice": "R", "complement": "", "Consistance": "TN", "num": "T79048", "surface": 14492 }, "geometry": { "type": "Polygon", "coordinates": [ [ [ -6.828990972484009, 33.842818135132426 ], [ -6.828747593057033, 33.84307075097383 ], [ -6.82838731784336, 33.843445560331034 ], [ -6.8296753821544, 33.844410336887606 ], [ -6.830318428402816, 33.843812218785651 ], [ -6.828990972484009, 33.842818135132426 ] ] ] } },
{ "type": "Feature", "properties": { "fid": 561, "indice": "R", "complement": "", "Consistance": "TN", "num": "T79052", "surface": 18144 }, "geometry": { "type": "Polygon", "coordinates": [ [ [ -6.829232993312455, 33.83872961997875 ], [ -6.828607424359294, 33.83828309703015 ], [ -6.828541772502579, 33.838234240842311 ], [ -6.827824247769765, 33.838968491480195 ], [ -6.82849060057575, 33.839463256652451 ], [ -6.829218203015026, 33.840001512864994 ], [ -6.829922031074368, 33.839223216405479 ], [ -6.829232993312455, 33.83872961997875 ] ] ] } },
{ "type": "Feature", "properties": { "fid": 562, "indice": "R", "complement": "", "Consistance": "TN", "num": "T79053", "surface": 10320 }, "geometry": { "type": "Polygon", "coordinates": [ [ [ -6.82849060057575, 33.839463256652451 ], [ -6.827757770997352, 33.840319442071312 ], [ -6.828493725503261, 33.840839568388446 ], [ -6.829218203015026, 33.840001512864994 ], [ -6.82849060057575, 33.839463256652451 ] ] ] } },
{ "type": "Feature", "properties": { "fid": 563, "indice": "R", "complement": "", "Consistance": "TN", "num": "T79054", "surface": 10131 }, "geometry": { "type": "Polygon", "coordinates": [ [ [ -6.828493725503261, 33.840839568388446 ], [ -6.827757770997352, 33.840319442071312 ], [ -6.827008378765877, 33.841089226430455 ], [ -6.827803209432536, 33.841640252376521 ], [ -6.828493725503261, 33.840839568388446 ] ] ] } },
{ "type": "Feature", "properties": { "fid": 564, "indice": "R", "complement": "", "Consistance": "TN", "num": "T79055", "surface": 17155 }, "geometry": { "type": "Polygon", "coordinates": [ [ [ -6.827008378765877, 33.841089226430455 ], [ -6.82576970151525, 33.84234351093172 ], [ -6.826797657085454, 33.84280710331889 ], [ -6.827803209432536, 33.841640252376521 ], [ -6.827008378765877, 33.841089226430455 ] ] ] } },
{ "type": "Feature", "properties": { "fid": 565, "indice": "R", "complement": "", "Consistance": "TN", "num": "T79151", "surface": 24772 }, "geometry": { "type": "Polygon", "coordinates": [ [ [ -6.821934583500124, 33.837305702209463 ], [ -6.820234883328507, 33.83799515463074 ], [ -6.820864726491668, 33.839236271599553 ], [ -6.822603610141834, 33.838231591297962 ], [ -6.821934583500124, 33.837305702209463 ] ] ] } },
{ "type": "Feature", "properties": { "fid": 566, "indice": "R", "complement": "", "Consistance": "TN", "num": "T79152", "surface": 15174 }, "geometry": { "type": "Polygon", "coordinates": [ [ [ -6.823197202439689, 33.836789863208892 ], [ -6.821934583500124, 33.837305702209463 ], [ -6.822603610141834, 33.838231591297962 ], [ -6.823835199382829, 33.837668296772641 ], [ -6.823197202439689, 33.836789863208892 ] ] ] } },
{ "type": "Feature", "properties": { "fid": 568, "indice": "R", "complement": "", "Consistance": "TN", "num": "T79154", "surface": 10912 }, "geometry": { "type": "Polygon", "coordinates": [ [ [ -6.82548067353278, 33.835583222024518 ], [ -6.825389743705786, 33.835178389021991 ], [ -6.823979145269889, 33.835499314979771 ], [ -6.824076023203844, 33.836334302778745 ], [ -6.825570712167047, 33.835735524009657 ], [ -6.82548067353278, 33.835583222024518 ] ] ] } },
{ "type": "Feature", "properties": { "fid": 569, "indice": "R", "complement": "", "Consistance": "TN", "num": "T79155", "surface": 32264 }, "geometry": { "type": "Polygon", "coordinates": [ [ [ -6.823979145269889, 33.835499314979771 ], [ -6.822650731976264, 33.835492790377572 ], [ -6.821574811657999, 33.835460832921378 ], [ -6.821791219560486, 33.837263137824202 ], [ -6.822810130013976, 33.836847482327066 ], [ -6.824076023203844, 33.836334302778745 ], [ -6.823979145269889, 33.835499314979771 ] ] ] } },
{ "type": "Feature", "properties": { "fid": 570, "indice": "R", "complement": "", "Consistance": "TN", "num": "T79156", "surface": 17349 }, "geometry": { "type": "Polygon", "coordinates": [ [ [ -6.822650731976264, 33.835492790377572 ], [ -6.821574811657999, 33.835460832921378 ], [ -6.821791219560486, 33.837263137824202 ], [ -6.822810130013976, 33.836847482327066 ], [ -6.822650731976264, 33.835492790377572 ] ] ] } },
{ "type": "Feature", "properties": { "fid": 571, "indice": "R", "complement": "", "Consistance": "TN", "num": "T79158", "surface": 11498 }, "geometry": { "type": "Polygon", "coordinates": [ [ [ -6.825520806665725, 33.835856049998888 ], [ -6.824393310079597, 33.836305434598863 ], [ -6.825016322920684, 33.837126309421116 ], [ -6.826010807773243, 33.836672122917129 ], [ -6.825520806665725, 33.835856049998888 ] ] ] } },
{ "type": "Feature", "properties": { "fid": 572, "indice": "R", "complement": "", "Consistance": "TN", "num": "T79173", "surface": 9999 }, "geometry": { "type": "Polygon", "coordinates": [ [ [ -6.824626936146941, 33.830436600693211 ], [ -6.823983334600471, 33.83020401816588 ], [ -6.823376592001218, 33.831498888287165 ], [ -6.824018069881152, 33.831733301985579 ], [ -6.824626936146941, 33.830436600693211 ] ] ] } },
{ "type": "Feature", "properties": { "fid": 573, "indice": "R", "complement": "", "Consistance": "TN", "num": "T79177", "surface": 13074 }, "geometry": { "type": "Polygon", "coordinates": [ [ [ -6.823983334600471, 33.83020401816588 ], [ -6.823137548835637, 33.829899775331022 ], [ -6.822538330156229, 33.831192751884267 ], [ -6.823376592001218, 33.831498888287165 ], [ -6.823983334600471, 33.83020401816588 ] ] ] } },
{ "type": "Feature", "properties": { "fid": 574, "indice": "03", "complement": "", "Consistance": "TN", "num": "T79461", "surface": 7411 }, "geometry": { "type": "Polygon", "coordinates": [ [ [ -6.856805246244559, 33.859781803938688 ], [ -6.856952897616475, 33.858979170902913 ], [ -6.856026681913646, 33.85919018538295 ], [ -6.855856443371913, 33.860000295518809 ], [ -6.856805246244559, 33.859781803938688 ] ] ] } },
{ "type": "Feature", "properties": { "fid": 575, "indice": "03", "complement": "", "Consistance": "TN", "num": "T79515", "surface": 26680 }, "geometry": { "type": "Polygon", "coordinates": [ [ [ -6.830761801075536, 33.832182140178695 ], [ -6.830931109686971, 33.831436106886279 ], [ -6.828963533857999, 33.830740670312935 ], [ -6.82845134686221, 33.831734140944583 ], [ -6.829443947329908, 33.832091687621094 ], [ -6.829404247962295, 33.832175119412071 ], [ -6.830655483536167, 33.832618088950618 ], [ -6.830761801075536, 33.832182140178695 ] ] ] } },
{ "type": "Feature", "properties": { "fid": 576, "indice": "03", "complement": "", "Consistance": "TN", "num": "T79517", "surface": 22731 }, "geometry": { "type": "Polygon", "coordinates": [ [ [ -6.830931109686971, 33.831436106886279 ], [ -6.831189914058025, 33.830283178148264 ], [ -6.829475709167062, 33.829747197264631 ], [ -6.828963533857999, 33.830740670312935 ], [ -6.830931109686971, 33.831436106886279 ] ] ] } },
{ "type": "Feature", "properties": { "fid": 577, "indice": "03", "complement": "", "Consistance": "TN", "num": "T79818", "surface": 16703 }, "geometry": { "type": "Polygon", "coordinates": [ [ [ -6.889595182091476, 33.912650640504516 ], [ -6.88817092119652, 33.91147434878831 ], [ -6.886471098210841, 33.909932430096681 ], [ -6.885972419019114, 33.909489197589231 ], [ -6.886218232507241, 33.910074328650573 ], [ -6.887101782508268, 33.910946809479398 ], [ -6.887642653536685, 33.911452670087037 ], [ -6.889178862310727, 33.912660104689948 ], [ -6.890192163237963, 33.913462473921705 ], [ -6.890402418950808, 33.913295821324674 ], [ -6.889595182091476, 33.912650640504516 ] ] ] } },
{ "type": "Feature", "properties": { "fid": 581, "indice": "03", "complement": "", "Consistance": "TN", "num": "T81691", "surface": 12466 }, "geometry": { "type": "Polygon", "coordinates": [ [ [ -6.855822032528816, 33.870418858421623 ], [ -6.854830647022998, 33.870813711134424 ], [ -6.855829487395189, 33.871898831436077 ], [ -6.856473395390872, 33.871092229732078 ], [ -6.855822032528816, 33.870418858421623 ] ] ] } },
{ "type": "Feature", "properties": { "fid": 589, "indice": "03", "complement": "", "Consistance": "TN", "num": "T84411", "surface": 146382 }, "geometry": { "type": "Polygon", "coordinates": [ [ [ -6.844920279166391, 33.847776998196572 ], [ -6.843500893497671, 33.846858989713546 ], [ -6.842407140703251, 33.846086028245601 ], [ -6.842302932612876, 33.845994331267853 ], [ -6.840851113614154, 33.84657477476653 ], [ -6.841465176086317, 33.847820480064627 ], [ -6.841591291438021, 33.848190621749602 ], [ -6.8417490844211, 33.849037519307323 ], [ -6.841853508182055, 33.849990557638044 ], [ -6.842004369929376, 33.85067969661106 ], [ -6.843213581109154, 33.850589083582982 ], [ -6.843774142128844, 33.850690844831647 ], [ -6.844933945678181, 33.851010261903212 ], [ -6.845245099154224, 33.850218379242541 ], [ -6.845307909051242, 33.849443796867533 ], [ -6.845231446463007, 33.849070379269939 ], [ -6.845068939558294, 33.848788148997563 ], [ -6.845031580471084, 33.848426004449678 ], [ -6.845589005653606, 33.848209412056967 ], [ -6.844920279166391, 33.847776998196572 ] ] ] } },
{ "type": "Feature", "properties": { "fid": 590, "indice": "03", "complement": "", "Consistance": "TN", "num": "T85262", "surface": 39926 }, "geometry": { "type": "Polygon", "coordinates": [ [ [ -6.843880516637249, 33.84048425936691 ], [ -6.844924312436511, 33.839292473097423 ], [ -6.843608945430153, 33.838772819488327 ], [ -6.841831364216016, 33.841147374852589 ], [ -6.842711667893739, 33.841828101770638 ], [ -6.843880516637249, 33.84048425936691 ] ] ] } },
{ "type": "Feature", "properties": { "fid": 594, "indice": "03", "complement": "", "Consistance": "TN", "num": "T87207", "surface": 10006 }, "geometry": { "type": "Polygon", "coordinates": [ [ [ -6.909567355526077, 33.870723408386716 ], [ -6.908814437990861, 33.870078591604276 ], [ -6.908060107352748, 33.870724452407011 ], [ -6.908820654657848, 33.871372789286816 ], [ -6.909567355526077, 33.870723408386716 ] ] ] } },
{ "type": "Feature", "properties": { "fid": 595, "indice": "03", "complement": "", "Consistance": "TN", "num": "T87208", "surface": 10018 }, "geometry": { "type": "Polygon", "coordinates": [ [ [ -6.910320437477504, 33.870068534110857 ], [ -6.909577296040469, 33.869426309536529 ], [ -6.908814437990861, 33.870078591604276 ], [ -6.909567355526077, 33.870723408386716 ], [ -6.910320437477504, 33.870068534110857 ] ] ] } },
{ "type": "Feature", "properties": { "fid": 611, "indice": "03", "complement": "", "Consistance": "TN", "num": "T88886", "surface": 25216 }, "geometry": { "type": "Polygon", "coordinates": [ [ [ -6.913812379271988, 33.886204250885783 ], [ -6.911541161680833, 33.88420147170109 ], [ -6.910135607742343, 33.882971980725486 ], [ -6.909689339733416, 33.883241631895757 ], [ -6.913397947660687, 33.886501489471051 ], [ -6.913812379271988, 33.886204250885783 ] ] ] } },
{ "type": "Feature", "properties": { "fid": 614, "indice": "03", "complement": "", "Consistance": "TN", "num": "T90175", "surface": 9645 }, "geometry": { "type": "Polygon", "coordinates": [ [ [ -6.906017516519404, 33.892589260114768 ], [ -6.906524820169188, 33.893030507687939 ], [ -6.907636343383804, 33.892015080116181 ], [ -6.907178791203399, 33.891636372388469 ], [ -6.906017516519404, 33.892589260114768 ] ] ] } },
{ "type": "Feature", "properties": { "fid": 615, "indice": "38", "complement": "", "Consistance": "TN", "num": "T9024", "surface": 7731 }, "geometry": { "type": "Polygon", "coordinates": [ [ [ -6.90424858868695, 33.903438128380252 ], [ -6.903422210681526, 33.904127206357892 ], [ -6.903846224987214, 33.904502722159968 ], [ -6.903939597635509, 33.904585478674754 ], [ -6.904187204058541, 33.904392197213888 ], [ -6.904490342732287, 33.904157661130846 ], [ -6.904792382735678, 33.903922235565162 ], [ -6.90424858868695, 33.903438128380252 ] ] ] } },
{ "type": "Feature", "properties": { "fid": 620, "indice": "38", "complement": "", "Consistance": "TN", "num": "T923", "surface": 43696 }, "geometry": { "type": "Polygon", "coordinates": [ [ [ -6.822117465054518, 33.83546638720685 ], [ -6.822538152725416, 33.83554818718364 ], [ -6.822650731976264, 33.835492790377572 ], [ -6.822842607554237, 33.835461745236266 ], [ -6.822985094757228, 33.835516945441448 ], [ -6.823331147070261, 33.835396657388394 ], [ -6.823555081993743, 33.835409440878728 ], [ -6.823803438996557, 33.83546163089202 ], [ -6.823979145269889, 33.835499314979771 ], [ -6.825389743705786, 33.835178389021991 ], [ -6.825776827161344, 33.834989981423334 ], [ -6.82594162274946, 33.834295417753722 ], [ -6.826885660081079, 33.833073351647151 ], [ -6.826243054501267, 33.832837161557997 ], [ -6.825550860069661, 33.833730753922559 ], [ -6.824672283385722, 33.834133108675537 ], [ -6.823792647483454, 33.834537273036879 ], [ -6.822502214499161, 33.835134609182454 ], [ -6.822365965572748, 33.835196588654242 ], [ -6.821835015744459, 33.835444345300274 ], [ -6.822117465054518, 33.83546638720685 ] ] ] } },
{ "type": "Feature", "properties": { "fid": 621, "indice": "03", "complement": "", "Consistance": "TN", "num": "T93797", "surface": 37103 }, "geometry": { "type": "Polygon", "coordinates": [ [ [ -6.84091878284888, 33.83753573048871 ], [ -6.839645123480164, 33.836528510577217 ], [ -6.838104059420218, 33.838240977521224 ], [ -6.8393085124078, 33.839180462378394 ], [ -6.84091878284888, 33.83753573048871 ] ] ] } },
{ "type": "Feature", "properties": { "fid": 622, "indice": "03", "complement": "", "Consistance": "TN", "num": "T93943", "surface": 25041 }, "geometry": { "type": "Polygon", "coordinates": [ [ [ -6.913024035962491, 33.886828000213356 ], [ -6.911119562925, 33.885144570132532 ], [ -6.910138584269403, 33.884327543202204 ], [ -6.909258502695402, 33.883528231897493 ], [ -6.908853986597903, 33.883836159185307 ], [ -6.909684083896481, 33.88455941253784 ], [ -6.910693939371028, 33.885420288728817 ], [ -6.912575751409601, 33.887106704859157 ], [ -6.913024035962491, 33.886828000213356 ] ] ] } },
{ "type": "Feature", "properties": { "fid": 624, "indice": "38", "complement": "", "Consistance": "TN", "num": "T948", "surface": 15010 }, "geometry": { "type": "Polygon", "coordinates": [ [ [ -6.861920530643591, 33.838957820734045 ], [ -6.861866508138061, 33.839023391714264 ], [ -6.861203889567359, 33.839857309794397 ], [ -6.861902107133442, 33.840242392499441 ], [ -6.863478467171268, 33.839947960487144 ], [ -6.861920530643591, 33.838957820734045 ] ] ] } },
{ "type": "Feature", "properties": { "fid": 627, "indice": "38", "complement": "", "Consistance": "TN", "num": "T9558", "surface": 10481 }, "geometry": { "type": "Polygon", "coordinates": [ [ [ -6.912814793998288, 33.873547810300209 ], [ -6.911214304074357, 33.872354057774572 ], [ -6.9109193156067, 33.872614671823371 ], [ -6.910822411472921, 33.872700623861284 ], [ -6.912422886724318, 33.873893479519857 ], [ -6.912814793998288, 33.873547810300209 ] ] ] } },
{ "type": "Feature", "properties": { "fid": 628, "indice": "38", "complement": "", "Consistance": "TN", "num": "T9559", "surface": 10525 }, "geometry": { "type": "Polygon", "coordinates": [ [ [ -6.910822411472921, 33.872700623861284 ], [ -6.910427335181626, 33.873050834811323 ], [ -6.91203312281107, 33.874238219594652 ], [ -6.912422886724318, 33.873893479519857 ], [ -6.910822411472921, 33.872700623861284 ] ] ] } },
{ "type": "Feature", "properties": { "fid": 634, "indice": "03", "complement": "", "Consistance": "TN", "num": "T97689", "surface": 11945 }, "geometry": { "type": "Polygon", "coordinates": [ [ [ -6.858979672654926, 33.86941159555392 ], [ -6.859052464033653, 33.869303417251437 ], [ -6.857710449634736, 33.868322435276895 ], [ -6.857253522806484, 33.868735430205597 ], [ -6.857223692359478, 33.868761933599316 ], [ -6.858559070804595, 33.869733978782961 ], [ -6.858853462848166, 33.869945204128371 ], [ -6.858979672654926, 33.86941159555392 ] ] ] } },
{ "type": "Feature", "properties": { "fid": 639, "indice": "03", "complement": "", "Consistance": "TN", "num": "T99615", "surface": 10331 }, "geometry": { "type": "Polygon", "coordinates": [ [ [ -6.854315647856597, 33.865876242382889 ], [ -6.85332588091905, 33.865264515117644 ], [ -6.852596135101257, 33.864813911288458 ], [ -6.851983292591424, 33.864435904205351 ], [ -6.851061298850173, 33.863866664831505 ], [ -6.850779383682569, 33.864012439596465 ], [ -6.852861363372113, 33.865223011418173 ], [ -6.854243813916319, 33.866236044476814 ], [ -6.854315647856597, 33.865876242382889 ] ] ] } },
{ "type": "Feature", "properties": { "fid": 640, "indice": "R", "complement": "", "Consistance": "TN", "num": "T9981", "surface": 27065 }, "geometry": { "type": "Polygon", "coordinates": [ [ [ -6.90246236655196, 33.896650073715335 ], [ -6.899827219529707, 33.894742552727017 ], [ -6.898716226345238, 33.893849431859167 ], [ -6.898442693396756, 33.894294650626101 ], [ -6.902355694107529, 33.897299837448259 ], [ -6.902686078501948, 33.896953139289742 ], [ -6.902745419531282, 33.896882076595162 ], [ -6.90246236655196, 33.896650073715335 ] ] ] } },
{ "type": "Feature", "properties": { "fid": 641, "indice": "R", "complement": "", "Consistance": "TN", "num": "T9982", "surface": 44557 }, "geometry": { "type": "Polygon", "coordinates": [ [ [ -6.909123764174134, 33.905691054410653 ], [ -6.909568066277563, 33.905363709472311 ], [ -6.908545276311714, 33.904580548606852 ], [ -6.907246963894043, 33.903688860039942 ], [ -6.905922372990832, 33.904839424957949 ], [ -6.907176654317547, 33.905874160829953 ], [ -6.907767852671652, 33.905284397793345 ], [ -6.908896886356895, 33.90626831418917 ], [ -6.909364405641932, 33.905907319040715 ], [ -6.909123764174134, 33.905691054410653 ] ] ] } },
{ "type": "Feature", "properties": { "fid": 642, "indice": "03", "complement": "P1", "Consistance": "TN", "num": "T107795", "surface": 61606 }, "geometry": { "type": "Polygon", "coordinates": [ [ [ -6.827068271391179, 33.84744715010838 ], [ -6.825035257070708, 33.844887208309906 ], [ -6.823627470192728, 33.84664577058426 ], [ -6.824263535569036, 33.848194355033151 ], [ -6.827068271391179, 33.84744715010838 ] ] ] } },
{ "type": "Feature", "properties": { "fid": 643, "indice": "R", "complement": "", "Consistance": "TN", "num": "T29990", "surface": 10213 }, "geometry": { "type": "Polygon", "coordinates": [ [ [ -6.90246236655196, 33.896650073715335 ], [ -6.902745419531282, 33.896882076595162 ], [ -6.902686078501948, 33.896953139289742 ], [ -6.904386014382177, 33.898311753283238 ], [ -6.904677834247888, 33.89804939245559 ], [ -6.902693157255585, 33.896423625197194 ], [ -6.90246236655196, 33.896650073715335 ] ] ] } },
{ "type": "Feature", "properties": { "fid": 644, "indice": "38", "complement": "P3", "Consistance": "TN", "num": "T95469", "surface": 6872 }, "geometry": { "type": "Polygon", "coordinates": [ [ [ -6.902943729328575, 33.907799261425026 ], [ -6.901930573329923, 33.908386850165037 ], [ -6.902258606032466, 33.908841087966536 ], [ -6.903332662316372, 33.90820947295979 ], [ -6.902943729328575, 33.907799261425026 ] ] ] } },
{ "type": "Feature", "properties": { "fid": 645, "indice": "R", "complement": "", "Consistance": "TN", "num": "T18210", "surface": 53916 }, "geometry": { "type": "Polygon", "coordinates": [ [ [ -6.894118334694999, 33.904667052215977 ], [ -6.893064330420608, 33.905522927364053 ], [ -6.896273380004871, 33.90808393003018 ], [ -6.89669439546994, 33.906399521375228 ], [ -6.894118334694999, 33.904667052215977 ] ] ] } },
{ "type": "Feature", "properties": { "fid": 646, "indice": "38", "complement": "", "Consistance": "TN", "num": "T10048", "surface": 9465 }, "geometry": { "type": "Polygon", "coordinates": [ [ [ -6.909151928731874, 33.886861238911472 ], [ -6.909592164686196, 33.887240148779597 ], [ -6.910268305394266, 33.88675486899696 ], [ -6.910921999116916, 33.886285189250721 ], [ -6.910495771041374, 33.885903409020948 ], [ -6.909151928731874, 33.886861238911472 ] ] ] } },
{ "type": "Feature", "properties": { "fid": 647, "indice": "R", "complement": "", "Consistance": "TN", "num": "T21917", "surface": 19970 }, "geometry": { "type": "Polygon", "coordinates": [ [ [ -6.88485780566802, 33.899767116169322 ], [ -6.88593493707812, 33.898808214974238 ], [ -6.884849783207693, 33.897966075953512 ], [ -6.883774059522653, 33.898880757272337 ], [ -6.88485780566802, 33.899767116169322 ] ] ] } },
{ "type": "Feature", "properties": { "fid": 648, "indice": "38", "complement": "P4", "Consistance": "TN", "num": "T95470", "surface": 31400 }, "geometry": { "type": "Polygon", "coordinates": [ [ [ -6.904640041998364, 33.901743220471509 ], [ -6.903464262796751, 33.90067685023341 ], [ -6.903048842054616, 33.900296720049894 ], [ -6.903036806512906, 33.900288747317354 ], [ -6.902489556538456, 33.900730046109189 ], [ -6.901932786286128, 33.901184083552707 ], [ -6.90257082489612, 33.901803259416695 ], [ -6.903601737333743, 33.902623350011858 ], [ -6.904640041998364, 33.901743220471509 ] ] ] } },
{ "type": "Feature", "properties": { "fid": 650, "indice": "38", "complement": "P1", "Consistance": "TN", "num": "T95469", "surface": 19115 }, "geometry": { "type": "Polygon", "coordinates": [ [ [ -6.905205341909454, 33.908722702936991 ], [ -6.904922888587909, 33.908465445050872 ], [ -6.904511006337169, 33.908167352398472 ], [ -6.905076745608715, 33.907667199146175 ], [ -6.904442456464086, 33.907205827581734 ], [ -6.903998340165901, 33.906919845686311 ], [ -6.903451131272834, 33.907365656337731 ], [ -6.903302055185335, 33.907252001471853 ], [ -6.903071882609609, 33.907453188752569 ], [ -6.903204783203657, 33.907569743948493 ], [ -6.904913389035516, 33.909041886171309 ], [ -6.905205341909454, 33.908722702936991 ] ] ] } },
{ "type": "Feature", "properties": { "fid": 655, "indice": "38", "complement": "", "Consistance": "TN", "num": "T16920", "surface": 58023 }, "geometry": { "type": "Polygon", "coordinates": [ [ [ -6.843715324164788, 33.835019544807736 ], [ -6.842040284167958, 33.832486398622983 ], [ -6.839543087247318, 33.833625456982027 ], [ -6.840531679202003, 33.834520515388483 ], [ -6.843219472539727, 33.835164167160265 ], [ -6.843715324164788, 33.835019544807736 ] ] ] } },
{ "type": "Feature", "properties": { "fid": 657, "indice": "R", "complement": "", "Consistance": "TN", "num": "T69706", "surface": 9595 }, "geometry": { "type": "Polygon", "coordinates": [ [ [ -6.911672441709331, 33.905019025733296 ], [ -6.912401683719289, 33.904345497587741 ], [ -6.911599381862369, 33.903740080677338 ], [ -6.910938913604121, 33.904325287447676 ], [ -6.911672441709331, 33.905019025733296 ] ] ] } },
{ "type": "Feature", "properties": { "fid": 664, "indice": "38", "complement": "P2", "Consistance": "TN", "num": "R507", "surface": 9194 }, "geometry": { "type": "Polygon", "coordinates": [ [ [ -6.900276207800259, 33.896319143805016 ], [ -6.899015378632204, 33.895268181837771 ], [ -6.898195492129126, 33.894698966845255 ], [ -6.898071073608412, 33.895010718230154 ], [ -6.898373723174005, 33.895188380892932 ], [ -6.899279184452485, 33.895953188610051 ], [ -6.899952834800856, 33.896571049608148 ], [ -6.900276207800259, 33.896319143805016 ] ] ] } },
{ "type": "Feature", "properties": { "fid": 674, "indice": "R", "complement": "P1", "Consistance": "TN", "num": "T12116", "surface": 9532 }, "geometry": { "type": "Polygon", "coordinates": [ [ [ -6.903296978626878, 33.904015970717126 ], [ -6.90412993869832, 33.903332225951885 ], [ -6.903467503645118, 33.902742212712212 ], [ -6.90265546503901, 33.90344734809608 ], [ -6.903296978626878, 33.904015970717126 ] ] ] } },
{ "type": "Feature", "properties": { "fid": 675, "indice": "R", "complement": "P2", "Consistance": "TN", "num": "T12116", "surface": 6003 }, "geometry": { "type": "Polygon", "coordinates": [ [ [ -6.90418338832046, 33.903107906904616 ], [ -6.90525301785913, 33.902287824652191 ], [ -6.904903745456076, 33.901980862529939 ], [ -6.903870255465868, 33.902826663295905 ], [ -6.90418338832046, 33.903107906904616 ] ] ] } },
{ "type": "Feature", "properties": { "fid": 679, "indice": "R", "complement": "P1", "Consistance": "TN", "num": "T7715", "surface": 35041 }, "geometry": { "type": "Polygon", "coordinates": [ [ [ -6.888339466000457, 33.912853179178875 ], [ -6.886618115317864, 33.911445904507275 ], [ -6.885124716381058, 33.910208167351151 ], [ -6.8846135926314, 33.910620094564635 ], [ -6.884910318544443, 33.91082942651601 ], [ -6.887158835904355, 33.912639029425584 ], [ -6.889231631932629, 33.914289240009467 ], [ -6.889637626630399, 33.913929053153431 ], [ -6.888339466000457, 33.912853179178875 ] ] ] } },
{ "type": "Feature", "properties": { "fid": 683, "indice": "R", "complement": "P2", "Consistance": "TN", "num": "T3817", "surface": 5950 }, "geometry": { "type": "Polygon", "coordinates": [ [ [ -6.905600083066977, 33.902592106587754 ], [ -6.904493247713649, 33.903387385240528 ], [ -6.904183435090097, 33.903110612107419 ], [ -6.905253064661585, 33.902290529855357 ], [ -6.905600083066977, 33.902592106587754 ] ] ] } },
{ "type": "Feature", "properties": { "fid": 684, "indice": "", "complement": "LOT2", "Consistance": "TN", "num": "R21148", "surface": 10829 }, "geometry": { "type": "Polygon", "coordinates": [ [ [ -6.907029520800909, 33.896755691671245 ], [ -6.906642741394471, 33.89628052594923 ], [ -6.9053243017047, 33.897467993531983 ], [ -6.905948848008734, 33.897807718959648 ], [ -6.907029520800909, 33.896755691671245 ] ] ] } },
{ "type": "Feature", "properties": { "fid": 692, "indice": "R", "complement": "P1", "Consistance": "TN", "num": "T31370", "surface": 32462 }, "geometry": { "type": "Polygon", "coordinates": [ [ [ -6.857458187282089, 33.867398194210374 ], [ -6.854686289214461, 33.865669900692531 ], [ -6.854607312093189, 33.866055040068822 ], [ -6.857046022792625, 33.867836822846868 ], [ -6.859052464033653, 33.869303417251437 ], [ -6.859246578531771, 33.869015242135426 ], [ -6.859458804192962, 33.868646583881521 ], [ -6.857458187282089, 33.867398194210374 ] ] ] } },
{ "type": "Feature", "properties": { "fid": 693, "indice": "R", "complement": "P1", "Consistance": "TN", "num": "T25695", "surface": 77823 }, "geometry": { "type": "Polygon", "coordinates": [ [ [ -6.858358446706439, 33.873828354620571 ], [ -6.85876112922633, 33.873532337547516 ], [ -6.856950805535559, 33.872224900009989 ], [ -6.856602734124748, 33.872553646709811 ], [ -6.855829487395189, 33.871898831436077 ], [ -6.854830647022998, 33.870813711134424 ], [ -6.854816182400819, 33.870724588739215 ], [ -6.854599201784606, 33.870357322655565 ], [ -6.854355736632724, 33.870475600091339 ], [ -6.853795478707625, 33.869947270990558 ], [ -6.853558413100726, 33.871031434648813 ], [ -6.854469482259541, 33.871911946541609 ], [ -6.855663539177819, 33.873419604474648 ], [ -6.856605617556413, 33.874147314522602 ], [ -6.857268296342458, 33.874719533927902 ], [ -6.858358446706439, 33.873828354620571 ] ] ] } },
{ "type": "Feature", "properties": { "fid": 694, "indice": "R", "complement": "P2", "Consistance": "TN", "num": "T25695", "surface": 95882 }, "geometry": { "type": "Polygon", "coordinates": [ [ [ -6.850922448801522, 33.870260226314137 ], [ -6.851381127543252, 33.870533599972291 ], [ -6.851687456565125, 33.870229704146674 ], [ -6.851303985707394, 33.869992437954743 ], [ -6.850719620157123, 33.869378692036207 ], [ -6.850051828423432, 33.868624308200488 ], [ -6.850428316450453, 33.868378227060276 ], [ -6.850283804769893, 33.86820583102687 ], [ -6.850670664492042, 33.867933472987964 ], [ -6.850296362066572, 33.867467008155138 ], [ -6.850004503634024, 33.866951784389791 ], [ -6.849672937673385, 33.866454156706254 ], [ -6.848550948902308, 33.864977173215166 ], [ -6.845188217791726, 33.865350686847108 ], [ -6.847360771709607, 33.866679356835469 ], [ -6.847882252744856, 33.866960133909814 ], [ -6.848428777759929, 33.867511196549984 ], [ -6.850310923365477, 33.869638676261253 ], [ -6.850922448801522, 33.870260226314137 ] ] ] } },
{ "type": "Feature", "properties": { "fid": 703, "indice": "R", "complement": "", "Consistance": "TN", "num": "T4616", "surface": 80054 }, "geometry": { "type": "Polygon", "coordinates": [ [ [ -6.860440185311958, 33.857412432774055 ], [ -6.857847045029861, 33.857434569296558 ], [ -6.856392013868166, 33.857440698278872 ], [ -6.856026681913646, 33.85919018538295 ], [ -6.856952897616475, 33.858979170902913 ], [ -6.856805246244559, 33.859781803938688 ], [ -6.857334019837106, 33.859659294875982 ], [ -6.858469515953311, 33.859356539470504 ], [ -6.859625420098506, 33.859046320026145 ], [ -6.860475660934119, 33.858818127379173 ], [ -6.860440185311958, 33.857412432774055 ] ] ] } },
{ "type": "Feature", "properties": { "fid": 708, "indice": "38", "complement": "", "Consistance": "TN", "num": "T2724", "surface": 12168 }, "geometry": { "type": "Polygon", "coordinates": [ [ [ -6.844450887407068, 33.831799257604153 ], [ -6.843619947968956, 33.832656674066399 ], [ -6.844448917769626, 33.833244181210539 ], [ -6.84526074881433, 33.832407724775685 ], [ -6.844450887407068, 33.831799257604153 ] ] ] } },
{ "type": "Feature", "properties": { "fid": 709, "indice": "03", "complement": "", "Consistance": "TN", "num": "T84914", "surface": 110475 }, "geometry": { "type": "Polygon", "coordinates": [ [ [ -6.821315512612531, 33.840432520122221 ], [ -6.821753339178383, 33.83997387159782 ], [ -6.822600433456927, 33.839492527199688 ], [ -6.823366746727815, 33.839293498982542 ], [ -6.823609930866914, 33.83916085243488 ], [ -6.824537346882833, 33.838635287361441 ], [ -6.825650995428471, 33.837998458227048 ], [ -6.827352580516088, 33.837162797164439 ], [ -6.826010807773243, 33.836672122917129 ], [ -6.825016322920684, 33.837126309421116 ], [ -6.823835199382829, 33.837668296772641 ], [ -6.822603610141834, 33.838231591297962 ], [ -6.820864726491668, 33.839236271599553 ], [ -6.819178696320061, 33.840236719358494 ], [ -6.819138273164141, 33.842464945287588 ], [ -6.821315512612531, 33.840432520122221 ] ] ] } },
{ "type": "Feature", "properties": { "fid": 710, "indice": "38", "complement": "", "Consistance": "TN", "num": "T113987", "surface": 12862 }, "geometry": { "type": "Polygon", "coordinates": [ [ [ -6.896661367634686, 33.903347818486395 ], [ -6.896733870236869, 33.903349657066833 ], [ -6.8967550180121, 33.903321444575845 ], [ -6.89665422753247, 33.903310023216825 ], [ -6.895799529803316, 33.903928137179506 ], [ -6.895127314244532, 33.903206517055544 ], [ -6.894481420249559, 33.90250532309134 ], [ -6.893969271202552, 33.902852364652674 ], [ -6.895328135041688, 33.904317989105735 ], [ -6.896661367634686, 33.903347818486395 ] ] ] } },
{ "type": "Feature", "properties": { "fid": 714, "indice": "R", "complement": "", "Consistance": "TN", "num": "T27584", "surface": 19390 }, "geometry": { "type": "Polygon", "coordinates": [ [ [ -6.888973725751805, 33.90421427847749 ], [ -6.887953043159915, 33.903669033066578 ], [ -6.887931861603151, 33.903695440594312 ], [ -6.884295372626802, 33.901289014662069 ], [ -6.884368661518412, 33.901717459080665 ], [ -6.884439355516993, 33.901930375411325 ], [ -6.886283593978355, 33.903072862018412 ], [ -6.88776752291859, 33.903889503405843 ], [ -6.888245527094909, 33.90420039309339 ], [ -6.888332075237185, 33.904138033227241 ], [ -6.88885239943699, 33.904393400181661 ], [ -6.888973725751805, 33.90421427847749 ] ] ] } },
{ "type": "Feature", "properties": { "fid": 715, "indice": "38", "complement": "", "Consistance": "TN", "num": "T54695", "surface": 11934 }, "geometry": { "type": "Polygon", "coordinates": [ [ [ -6.884857867224031, 33.899770723120149 ], [ -6.883774028767426, 33.898878953796128 ], [ -6.883966461548272, 33.899571150457916 ], [ -6.886058412695996, 33.901224797143414 ], [ -6.886334477020898, 33.900986117169495 ], [ -6.886245589233468, 33.900911411675217 ], [ -6.884857867224031, 33.899770723120149 ] ] ] } },
{ "type": "Feature", "properties": { "fid": 720, "indice": "38", "complement": "", "Consistance": "TN", "num": "T63105", "surface": 9992 }, "geometry": { "type": "Polygon", "coordinates": [ [ [ -6.901802851733434, 33.897980210616439 ], [ -6.90237521046602, 33.898367480046964 ], [ -6.902818012080421, 33.897891358809396 ], [ -6.903261859049405, 33.897413419463156 ], [ -6.902686078501948, 33.896953139289742 ], [ -6.902355694107529, 33.897299837448259 ], [ -6.901955182442757, 33.897719530302041 ], [ -6.901986977823829, 33.897744402487362 ], [ -6.901802851733434, 33.897980210616439 ] ] ] } },
{ "type": "Feature", "properties": { "fid": 721, "indice": "R", "complement": "P1", "Consistance": "TN", "num": "T6306", "surface": 167589 }, "geometry": { "type": "Polygon", "coordinates": [ [ [ -6.88624554302271, 33.900908706463746 ], [ -6.886489096711325, 33.901109647366141 ], [ -6.889334000691655, 33.903207958386048 ], [ -6.89135530194518, 33.904388849747214 ], [ -6.893064268520327, 33.905519320424474 ], [ -6.894118334694999, 33.904667052215977 ], [ -6.892387666227856, 33.902838768241871 ], [ -6.8912489146307, 33.901842193439926 ], [ -6.887929273020689, 33.899432996832047 ], [ -6.88624554302271, 33.900908706463746 ] ] ] } },
{ "type": "Feature", "properties": { "fid": 722, "indice": "R", "complement": "", "Consistance": "TN", "num": "T15956", "surface": 45552 }, "geometry": { "type": "Polygon", "coordinates": [ [ [ -6.886518373623471, 33.902063530877797 ], [ -6.888289025946867, 33.903265487148637 ], [ -6.889000894595431, 33.903716095622848 ], [ -6.889216676135693, 33.903494361348045 ], [ -6.892560991038082, 33.905691277369563 ], [ -6.892868582604146, 33.90539899401206 ], [ -6.891353061764453, 33.904384366846955 ], [ -6.889332718590679, 33.903196248688054 ], [ -6.888515525052793, 33.902595372438775 ], [ -6.888263330159321, 33.902838282815921 ], [ -6.886942064112138, 33.90191869934015 ], [ -6.883965287881225, 33.899565752855423 ], [ -6.884128890443553, 33.900343071530209 ], [ -6.886518373623471, 33.902063530877797 ] ] ] } },
{ "type": "Feature", "properties": { "fid": 724, "indice": "03", "complement": "", "Consistance": "TN", "num": "T85297", "surface": 6753 }, "geometry": { "type": "Polygon", "coordinates": [ [ [ -6.886441936404991, 33.909112031581842 ], [ -6.886247736397467, 33.909268566022789 ], [ -6.887863831009136, 33.910849363903289 ], [ -6.888110424868665, 33.910657029266915 ], [ -6.887405310760687, 33.909971837379935 ], [ -6.886441936404991, 33.909112031581842 ] ] ] } },
{ "type": "Feature", "properties": { "fid": 725, "indice": "R", "complement": "", "Consistance": "TN", "num": "T88513", "surface": 60935 }, "geometry": { "type": "Polygon", "coordinates": [ [ [ -6.818157987596648, 33.907104037415948 ], [ -6.816030306767882, 33.904711914004324 ], [ -6.814393366411075, 33.90588577339031 ], [ -6.816624243444124, 33.908106294444167 ], [ -6.817371864888162, 33.907518803073309 ], [ -6.817497894782822, 33.9074199693219 ], [ -6.818157987596648, 33.907104037415948 ] ] ] } },
{ "type": "Feature", "properties": { "fid": 726, "indice": "R", "complement": "", "Consistance": "TN", "num": "T88512", "surface": 64153 }, "geometry": { "type": "Polygon", "coordinates": [ [ [ -6.814393366411075, 33.90588577339031 ], [ -6.812717008892431, 33.907032998092653 ], [ -6.815124746863985, 33.909287624548178 ], [ -6.815369319330717, 33.90909455590122 ], [ -6.815540205227518, 33.908960042446452 ], [ -6.816311326219231, 33.908353351839914 ], [ -6.816624243444124, 33.908106294444167 ], [ -6.814393366411075, 33.90588577339031 ] ] ] } },
{ "type": "Feature", "properties": { "fid": 728, "indice": "R", "complement": "", "Consistance": "TN", "num": "T27422", "surface": 34230 }, "geometry": { "type": "Polygon", "coordinates": [ [ [ -6.906812929206144, 33.908044052880491 ], [ -6.906131789481152, 33.907438946623351 ], [ -6.903488278550244, 33.905321458012736 ], [ -6.903029242970165, 33.905736444371698 ], [ -6.903707078276542, 33.906277570793954 ], [ -6.903487973264745, 33.906493056687211 ], [ -6.903560581546498, 33.906563436034233 ], [ -6.903521408570995, 33.906612610402249 ], [ -6.904442456464086, 33.907205827581734 ], [ -6.905319956040555, 33.907844657878705 ], [ -6.905814766491814, 33.908184140333397 ], [ -6.905925852528616, 33.908102532691096 ], [ -6.906257115408832, 33.908367318168928 ], [ -6.906812929206144, 33.908044052880491 ] ] ] } },
{ "type": "Feature", "properties": { "fid": 729, "indice": "38", "complement": "", "Consistance": "TN", "num": "T25623", "surface": 27944 }, "geometry": { "type": "Polygon", "coordinates": [ [ [ -6.852756422062404, 33.851356169860921 ], [ -6.85268255446724, 33.851399418693049 ], [ -6.852530194959619, 33.851467931312392 ], [ -6.852392821414693, 33.851268396187571 ], [ -6.852207423597878, 33.851365251972219 ], [ -6.851927537535869, 33.850722719123844 ], [ -6.851870415272889, 33.850538486413811 ], [ -6.851513452806398, 33.850978262845977 ], [ -6.851258183642306, 33.851293293546171 ], [ -6.850918476431168, 33.851666124981527 ], [ -6.850524605951228, 33.85203236820545 ], [ -6.850234998109265, 33.852233249735733 ], [ -6.850707018653832, 33.852729248477338 ], [ -6.851731691854081, 33.852332233625951 ], [ -6.852410789835937, 33.852086238867024 ], [ -6.852461757975112, 33.852225446198034 ], [ -6.853071398646804, 33.852028056821034 ], [ -6.853241217121863, 33.851969261922108 ], [ -6.853262682627276, 33.851959993172031 ], [ -6.852756422062404, 33.851356169860921 ] ] ] } },
{ "type": "Feature", "properties": { "fid": 730, "indice": "38", "complement": "", "Consistance": "TN", "num": "T13265", "surface": 10001 }, "geometry": { "type": "Polygon", "coordinates": [ [ [ -6.86295522222229, 33.860655240875502 ], [ -6.861902595230151, 33.860549396190706 ], [ -6.861212339456238, 33.861163558824842 ], [ -6.862848218277706, 33.861364507043106 ], [ -6.862912143940648, 33.861372778647144 ], [ -6.86295522222229, 33.860655240875502 ] ] ] } },
{ "type": "Feature", "properties": { "fid": 731, "indice": "38", "complement": "", "Consistance": "TN", "num": "T13266", "surface": 10019 }, "geometry": { "type": "Polygon", "coordinates": [ [ [ -6.86295522222229, 33.860655240875502 ], [ -6.863616184422526, 33.859842986570136 ], [ -6.863226538809388, 33.85949489114418 ], [ -6.863148840447291, 33.859438978548262 ], [ -6.861902595230151, 33.860549396190706 ], [ -6.86295522222229, 33.860655240875502 ] ] ] } },
{ "type": "Feature", "properties": { "fid": 732, "indice": "38", "complement": "", "Consistance": "TN", "num": "T13267", "surface": 9772 }, "geometry": { "type": "Polygon", "coordinates": [ [ [ -6.863232807880676, 33.861411418275217 ], [ -6.864112288403986, 33.86028543915576 ], [ -6.863616184422526, 33.859842986570136 ], [ -6.86295522222229, 33.860655240875502 ], [ -6.862912143940648, 33.861372778647144 ], [ -6.863232807880676, 33.861411418275217 ] ] ] } },
{ "type": "Feature", "properties": { "fid": 733, "indice": "38", "complement": "", "Consistance": "TN", "num": "T13268", "surface": 10250 }, "geometry": { "type": "Polygon", "coordinates": [ [ [ -6.864732421679141, 33.860838276591608 ], [ -6.864112288403986, 33.86028543915576 ], [ -6.863232807880676, 33.861411418275217 ], [ -6.864303196696259, 33.861544101812704 ], [ -6.864732421679141, 33.860838276591608 ] ] ] } },
{ "type": "Feature", "properties": { "fid": 734, "indice": "38", "complement": "", "Consistance": "TN", "num": "T28078", "surface": 9825 }, "geometry": { "type": "Polygon", "coordinates": [ [ [ -6.848152529462585, 33.840574656505837 ], [ -6.847163340534397, 33.840953195641148 ], [ -6.847419980889223, 33.841826904430725 ], [ -6.848395309904504, 33.841459347218894 ], [ -6.848152529462585, 33.840574656505837 ] ] ] } },
{ "type": "Feature", "properties": { "fid": 735, "indice": "38", "complement": "", "Consistance": "TN", "num": "T33090", "surface": 2503 }, "geometry": { "type": "Polygon", "coordinates": [ [ [ -6.854256752817848, 33.871863912070147 ], [ -6.854350785147389, 33.871796978296253 ], [ -6.853558413100726, 33.871031434648813 ], [ -6.853477917034897, 33.871261459026663 ], [ -6.854142451585717, 33.871947316047219 ], [ -6.854256752817848, 33.871863912070147 ] ] ] } },
{ "type": "Feature", "properties": { "fid": 736, "indice": "38", "complement": "ANNULEE", "Consistance": "TN", "num": "R345", "surface": 2023 }, "geometry": { "type": "Polygon", "coordinates": [ [ [ -6.911732778113542, 33.914965577698247 ], [ -6.91112003033123, 33.914628444687047 ], [ -6.91103239002288, 33.914752163827991 ], [ -6.910987104038856, 33.914823060258342 ], [ -6.910958700304466, 33.914869401042232 ], [ -6.911250363192299, 33.915031832517215 ], [ -6.911368332812186, 33.9150971499325 ], [ -6.911531101703408, 33.915188081825058 ], [ -6.911732778113542, 33.914965577698247 ] ] ] } },
{ "type": "Feature", "properties": { "fid": 740, "indice": "38", "complement": "", "Consistance": "TN", "num": "T2707", "surface": 10807 }, "geometry": { "type": "Polygon", "coordinates": [ [ [ -6.842895309364259, 33.831842473563903 ], [ -6.842283261185927, 33.83247457665135 ], [ -6.842851963564862, 33.833335676875976 ], [ -6.843694593906967, 33.832465503778963 ], [ -6.842895309364259, 33.831842473563903 ] ] ] } },
{ "type": "Feature", "properties": { "fid": 741, "indice": "38", "complement": "", "Consistance": "TN", "num": "T2723", "surface": 10239 }, "geometry": { "type": "Polygon", "coordinates": [ [ [ -6.845940792235297, 33.831706273372184 ], [ -6.84526074881433, 33.832407724775685 ], [ -6.846084848628331, 33.833026845263433 ], [ -6.846762684180346, 33.832322709237353 ], [ -6.845940792235297, 33.831706273372184 ] ] ] } },
{ "type": "Feature", "properties": { "fid": 742, "indice": "38", "complement": "", "Consistance": "TN", "num": "T2725", "surface": 11402 }, "geometry": { "type": "Polygon", "coordinates": [ [ [ -6.84526074881433, 33.832407724775685 ], [ -6.844448917769626, 33.833244181210539 ], [ -6.845028548954203, 33.833655079663309 ], [ -6.845587616183785, 33.833543090675931 ], [ -6.846084848628331, 33.833026845263433 ], [ -6.84526074881433, 33.832407724775685 ] ] ] } },
{ "type": "Feature", "properties": { "fid": 744, "indice": "38", "complement": "", "Consistance": "TN", "num": "T12927", "surface": 11641 }, "geometry": { "type": "Polygon", "coordinates": [ [ [ -6.864694936271349, 33.856040445777609 ], [ -6.865504183450305, 33.855177738612021 ], [ -6.864913871622772, 33.854724669479268 ], [ -6.864770795352768, 33.854637956017534 ], [ -6.863936310062491, 33.855671418983739 ], [ -6.864617414779456, 33.856123429375756 ], [ -6.864694936271349, 33.856040445777609 ] ] ] } },
{ "type": "Feature", "properties": { "fid": 745, "indice": "38", "complement": "", "Consistance": "TN", "num": "T12929", "surface": 10124 }, "geometry": { "type": "Polygon", "coordinates": [ [ [ -6.86708984170958, 33.854970643973267 ], [ -6.866367423292271, 33.854376626015764 ], [ -6.865553601441931, 33.855095083751927 ], [ -6.86629940397083, 33.8556653818953 ], [ -6.86708984170958, 33.854970643973267 ] ] ] } },
{ "type": "Feature", "properties": { "fid": 749, "indice": "38", "complement": "", "Consistance": "TN", "num": "T12939", "surface": 10037 }, "geometry": { "type": "Polygon", "coordinates": [ [ [ -6.868393331265362, 33.85604487977222 ], [ -6.867823260887189, 33.855575351826594 ], [ -6.867073622388781, 33.856253380897464 ], [ -6.868035126729077, 33.856984387814641 ], [ -6.868116192473482, 33.856919399113259 ], [ -6.868393331265362, 33.85604487977222 ] ] ] } },
{ "type": "Feature", "properties": { "fid": 750, "indice": "38", "complement": "", "Consistance": "TN", "num": "T12943", "surface": 10886 }, "geometry": { "type": "Polygon", "coordinates": [ [ [ -6.865514071004835, 33.859553791157374 ], [ -6.864704627657275, 33.85912222938223 ], [ -6.864261951350768, 33.859606337713089 ], [ -6.864586593072847, 33.860524308915927 ], [ -6.864845013773488, 33.8606547681539 ], [ -6.865514071004835, 33.859553791157374 ] ] ] } },
{ "type": "Feature", "properties": { "fid": 751, "indice": "38", "complement": "", "Consistance": "TN", "num": "T12950", "surface": 10286 }, "geometry": { "type": "Polygon", "coordinates": [ [ [ -6.872943719711248, 33.857078198648431 ], [ -6.87226837492008, 33.856969801365786 ], [ -6.871510066562292, 33.858348759720954 ], [ -6.872202196661178, 33.858426297916871 ], [ -6.872943719711248, 33.857078198648431 ] ] ] } },
{ "type": "Feature", "properties": { "fid": 752, "indice": "38", "complement": "", "Consistance": "TN", "num": "T12951", "surface": 10379 }, "geometry": { "type": "Polygon", "coordinates": [ [ [ -6.873589791274221, 33.857181525622984 ], [ -6.872943719711248, 33.857078198648431 ], [ -6.872202196661178, 33.858426297916871 ], [ -6.871508985683803, 33.858348772438234 ], [ -6.871482786851699, 33.858397784969881 ], [ -6.872835703469367, 33.858553226965356 ], [ -6.873589791274221, 33.857181525622984 ] ] ] } },
{ "type": "Feature", "properties": { "fid": 753, "indice": "03", "complement": "", "Consistance": "TN", "num": "T80439", "surface": 2766 }, "geometry": { "type": "Polygon", "coordinates": [ [ [ -6.906475407840354, 33.912852642546071 ], [ -6.904896375322864, 33.911747849232249 ], [ -6.904784326909017, 33.911836682713798 ], [ -6.906384221385401, 33.912959264678506 ], [ -6.906475407840354, 33.912852642546071 ] ] ] } },
{ "type": "Feature", "properties": { "fid": 754, "indice": "38", "complement": "", "Consistance": "TN", "num": "T28127", "surface": 18957 }, "geometry": { "type": "Polygon", "coordinates": [ [ [ -6.908977896436495, 33.894973457022829 ], [ -6.910009024520705, 33.893875099509351 ], [ -6.909851578475178, 33.89377688583609 ], [ -6.909415928775222, 33.893477291411827 ], [ -6.907641921118904, 33.895333195071579 ], [ -6.908163525213673, 33.895786890511182 ], [ -6.908977896436495, 33.894973457022829 ] ] ] } },
{ "type": "Feature", "properties": { "fid": 755, "indice": "38", "complement": "", "Consistance": "TN", "num": "T25423", "surface": 2430 }, "geometry": { "type": "Polygon", "coordinates": [ [ [ -6.905888735673583, 33.91158258586956 ], [ -6.905772186063136, 33.911723785731034 ], [ -6.906809411366483, 33.912462600196548 ], [ -6.906932402686214, 33.912318616073726 ], [ -6.905888735673583, 33.91158258586956 ] ] ] } },
{ "type": "Feature", "properties": { "fid": 761, "indice": "R", "complement": "", "Consistance": "TN", "num": "T25387", "surface": 12541 }, "geometry": { "type": "Polygon", "coordinates": [ [ [ -6.911804016298739, 33.923048605047946 ], [ -6.912344713823518, 33.923282884683971 ], [ -6.913329643698834, 33.923740878453536 ], [ -6.913616440973675, 33.923373036303175 ], [ -6.9136823596334, 33.923306399222703 ], [ -6.912682900614818, 33.922821526294548 ], [ -6.911794409723672, 33.922371381807459 ], [ -6.911343114852571, 33.922798928920813 ], [ -6.911804016298739, 33.923048605047946 ] ] ] } },
{ "type": "Feature", "properties": { "fid": 762, "indice": "R", "complement": "", "Consistance": "TN", "num": "T6340", "surface": 6276 }, "geometry": { "type": "Polygon", "coordinates": [ [ [ -6.912137753586248, 33.9215843704714 ], [ -6.911629857155578, 33.922054090788023 ], [ -6.910913315474684, 33.922720239774073 ], [ -6.911035461177358, 33.923087649002753 ], [ -6.912415944035046, 33.921779430921283 ], [ -6.912137753586248, 33.9215843704714 ] ] ] } },
{ "type": "Feature", "properties": { "fid": 765, "indice": "38", "complement": "", "Consistance": "TN", "num": "T2658", "surface": 10979 }, "geometry": { "type": "Polygon", "coordinates": [ [ [ -6.844402795052173, 33.833851716505713 ], [ -6.844978729216748, 33.834756016359449 ], [ -6.846045143129142, 33.834540752145216 ], [ -6.84544128398022, 33.833647603085467 ], [ -6.844402795052173, 33.833851716505713 ] ] ] } },
{ "type": "Feature", "properties": { "fid": 766, "indice": "38", "complement": "", "Consistance": "TN", "num": "T2661", "surface": 11776 }, "geometry": { "type": "Polygon", "coordinates": [ [ [ -6.848067832618711, 33.832427557627582 ], [ -6.848279534446251, 33.832224875749752 ], [ -6.847502909599386, 33.831666551512761 ], [ -6.846827246259627, 33.83237066669318 ], [ -6.847856887539733, 33.833130804793214 ], [ -6.848328185678058, 33.832615752461109 ], [ -6.848067832618711, 33.832427557627582 ] ] ] } },
{ "type": "Feature", "properties": { "fid": 768, "indice": "38", "complement": "", "Consistance": "TN", "num": "T2719", "surface": 10167 }, "geometry": { "type": "Polygon", "coordinates": [ [ [ -6.847299765676516, 33.830303371500392 ], [ -6.846619729176985, 33.831003928850265 ], [ -6.847438347670004, 33.831618594394925 ], [ -6.848117256853681, 33.83091533995831 ], [ -6.847299765676516, 33.830303371500392 ] ] ] } },
{ "type": "Feature", "properties": { "fid": 778, "indice": "03", "complement": "", "Consistance": "TN", "num": "T92842", "surface": 41576 }, "geometry": { "type": "Polygon", "coordinates": [ [ [ -6.818211215956671, 33.837177524090109 ], [ -6.817990422445292, 33.83722512475272 ], [ -6.816071477000187, 33.837594115207139 ], [ -6.81540466393022, 33.837730641246075 ], [ -6.815960292495251, 33.838932035411602 ], [ -6.819076331268242, 33.838465587492756 ], [ -6.818211215956671, 33.837177524090109 ] ] ] } },
{ "type": "Feature", "properties": { "fid": 782, "indice": "38", "complement": "", "Consistance": "TN", "num": "T8863", "surface": 13112 }, "geometry": { "type": "Polygon", "coordinates": [ [ [ -6.912115053335426, 33.887355794262369 ], [ -6.910921999116916, 33.886285189250721 ], [ -6.910268305394266, 33.88675486899696 ], [ -6.911446471265996, 33.887840090752483 ], [ -6.912115053335426, 33.887355794262369 ] ] ] } },
{ "type": "Feature", "properties": { "fid": 786, "indice": "R", "complement": "", "Consistance": "TN", "num": "T54298", "surface": 50093 }, "geometry": { "type": "Polygon", "coordinates": [ [ [ -6.901278695508706, 33.909412939294398 ], [ -6.901760595574619, 33.909130268006642 ], [ -6.900941107677514, 33.907965800175091 ], [ -6.900402020024082, 33.907190300334868 ], [ -6.898596095538455, 33.908162563099623 ], [ -6.89931673207101, 33.908990912435101 ], [ -6.899705300051761, 33.909568896262151 ], [ -6.900304790304634, 33.910333753334847 ], [ -6.901278695508706, 33.909412939294398 ] ] ] } },
{ "type": "Feature", "properties": { "fid": 788, "indice": "38", "complement": "", "Consistance": "TN", "num": "T2119", "surface": 29011 }, "geometry": { "type": "Polygon", "coordinates": [ [ [ -6.852839160094097, 33.846273724717207 ], [ -6.853417131077626, 33.846059563987986 ], [ -6.854426718875134, 33.845670817857432 ], [ -6.855218881765733, 33.845337807880504 ], [ -6.855967055986933, 33.844960208288036 ], [ -6.856612556292071, 33.844583800128603 ], [ -6.856747141466565, 33.844487529325541 ], [ -6.856466531972604, 33.844125514864004 ], [ -6.856196416859611, 33.844326184147377 ], [ -6.854592081499733, 33.844893231988905 ], [ -6.853657064664692, 33.845410089238442 ], [ -6.852777642338991, 33.84576123973396 ], [ -6.852361986782171, 33.84585626122594 ], [ -6.851786036806506, 33.84593239793621 ], [ -6.851782285727714, 33.84648532609576 ], [ -6.852839160094097, 33.846273724717207 ] ] ] } },
{ "type": "Feature", "properties": { "fid": 793, "indice": "R", "complement": "ANNULEE", "Consistance": "TN", "num": "R40137", "surface": 8350 }, "geometry": { "type": "Polygon", "coordinates": [ [ [ -6.904720189405305, 33.909254356680087 ], [ -6.904913389035516, 33.909041886171309 ], [ -6.903204783203657, 33.907569743948493 ], [ -6.902930502226452, 33.907784989560739 ], [ -6.903332662316372, 33.90820947295979 ], [ -6.904430034972216, 33.90905220743489 ], [ -6.904720189405305, 33.909254356680087 ] ] ] } },
{ "type": "Feature", "properties": { "fid": 795, "indice": "38", "complement": "", "Consistance": "TN", "num": "T25453", "surface": 2594 }, "geometry": { "type": "Polygon", "coordinates": [ [ [ -6.90432487574355, 33.917922035663565 ], [ -6.903907994817796, 33.917650157169909 ], [ -6.903526700786055, 33.917997466780761 ], [ -6.903930774255491, 33.918279421502838 ], [ -6.904010726320117, 33.918210816974629 ], [ -6.904241835279419, 33.917999696694949 ], [ -6.90432487574355, 33.917922035663565 ] ] ] } },
{ "type": "Feature", "properties": { "fid": 796, "indice": "R", "complement": "", "Consistance": "TN", "num": "T32324", "surface": 8888 }, "geometry": { "type": "Polygon", "coordinates": [ [ [ -6.854674526409281, 33.864125036087685 ], [ -6.854779541390385, 33.863616029463302 ], [ -6.853862990291042, 33.863373244987436 ], [ -6.85326199771117, 33.863316192531492 ], [ -6.852758920155969, 33.863230942122108 ], [ -6.852388851601618, 33.863341667376304 ], [ -6.852983709984833, 33.863549417173076 ], [ -6.853781762774804, 33.863817937491348 ], [ -6.854674526409281, 33.864125036087685 ] ] ] } },
{ "type": "Feature", "properties": { "fid": 803, "indice": "38", "complement": "", "Consistance": "TN", "num": "T15383", "surface": 14956 }, "geometry": { "type": "Polygon", "coordinates": [ [ [ -6.859422824732615, 33.865275599730062 ], [ -6.858633531926069, 33.865080069161117 ], [ -6.857251305036593, 33.864728194265126 ], [ -6.856210480395868, 33.86442554361021 ], [ -6.855018174549368, 33.864050688558876 ], [ -6.854969891336482, 33.864266810905889 ], [ -6.85639700506992, 33.864782339032786 ], [ -6.857672742399361, 33.86516703187857 ], [ -6.858447058289395, 33.865436701184535 ], [ -6.859409392440264, 33.865699662458987 ], [ -6.859422824732615, 33.865275599730062 ] ] ] } },
{ "type": "Feature", "properties": { "fid": 804, "indice": "R", "complement": "", "Consistance": "TN", "num": "T37001", "surface": 15913 }, "geometry": { "type": "Polygon", "coordinates": [ [ [ -6.900227026448102, 33.911846301305175 ], [ -6.899665931373943, 33.912368021632389 ], [ -6.899906396777731, 33.912574384897106 ], [ -6.900810916832216, 33.913273350540244 ], [ -6.901237563278286, 33.913674096530691 ], [ -6.901483839865791, 33.913464602837017 ], [ -6.901809177126487, 33.913135106709383 ], [ -6.900227026448102, 33.911846301305175 ] ] ] } },
{ "type": "Feature", "properties": { "fid": 805, "indice": "38", "complement": "", "Consistance": "TN", "num": "T12644", "surface": 4062 }, "geometry": { "type": "Polygon", "coordinates": [ [ [ -6.853894510268237, 33.847395188410374 ], [ -6.853842657682878, 33.847267716852762 ], [ -6.853796284248951, 33.84714469123422 ], [ -6.853571448014192, 33.847209538212695 ], [ -6.852330666167485, 33.84767221487499 ], [ -6.852398925994712, 33.847876160688749 ], [ -6.853896777172038, 33.847401475581364 ], [ -6.853894510268237, 33.847395188410374 ] ] ] } },
{ "type": "Feature", "properties": { "fid": 807, "indice": "38", "complement": "", "Consistance": "TN", "num": "T4716", "surface": 13350 }, "geometry": { "type": "Polygon", "coordinates": [ [ [ -6.908355664784286, 33.918038573256595 ], [ -6.907521407073144, 33.91753002220036 ], [ -6.906732363811782, 33.918569513450088 ], [ -6.907584542413714, 33.919113028547933 ], [ -6.908355664784286, 33.918038573256595 ] ] ] } },
{ "type": "Feature", "properties": { "fid": 809, "indice": "R", "complement": "", "Consistance": "TN", "num": "T43545", "surface": 35404 }, "geometry": { "type": "Polygon", "coordinates": [ [ [ -6.858121580971615, 33.878019652561136 ], [ -6.858158921754956, 33.877989453833045 ], [ -6.85545107692328, 33.876103497880585 ], [ -6.854387000968378, 33.875581934688697 ], [ -6.853415507951515, 33.875099873429761 ], [ -6.851493353353245, 33.873697151563178 ], [ -6.851242570125381, 33.873507049484751 ], [ -6.851204177866987, 33.873539062235231 ], [ -6.851435155922879, 33.873708649932873 ], [ -6.851380744679714, 33.873817512158766 ], [ -6.853295528236255, 33.875232046355016 ], [ -6.854901228884244, 33.876523877083237 ], [ -6.85767085030442, 33.878418144100166 ], [ -6.858121580971615, 33.878019652561136 ] ] ] } },
{ "type": "Feature", "properties": { "fid": 818, "indice": "03", "complement": "", "Consistance": "TN", "num": "T85721", "surface": 10906 }, "geometry": { "type": "Polygon", "coordinates": [ [ [ -6.905832398368631, 33.889329223175906 ], [ -6.905544323058679, 33.889618600593877 ], [ -6.90764354523473, 33.891244748826388 ], [ -6.907944169327307, 33.890993096362138 ], [ -6.905929816368565, 33.88939659702978 ], [ -6.905832398368631, 33.889329223175906 ] ] ] } },
{ "type": "Feature", "properties": { "fid": 822, "indice": "R", "complement": "", "Consistance": "TN", "num": "T37387", "surface": 29991 }, "geometry": { "type": "Polygon", "coordinates": [ [ [ -6.91330469513122, 33.870505078375196 ], [ -6.912866204282282, 33.870160432604514 ], [ -6.911836490656992, 33.871073011144908 ], [ -6.910489409342174, 33.872266306530918 ], [ -6.908849439166945, 33.873719268175478 ], [ -6.909287775662576, 33.874054910189471 ], [ -6.910919268644053, 33.872611966595009 ], [ -6.912498551838281, 33.871216532169967 ], [ -6.91330469513122, 33.870505078375196 ] ] ] } },
{ "type": "Feature", "properties": { "fid": 825, "indice": "38", "complement": "", "Consistance": "TN", "num": "T9850", "surface": 10051 }, "geometry": { "type": "Polygon", "coordinates": [ [ [ -6.862954775990065, 33.873880209831867 ], [ -6.861585443902994, 33.872502741744398 ], [ -6.861408592948384, 33.872659939236485 ], [ -6.861059152818417, 33.872970675943087 ], [ -6.862749675331303, 33.874093658902126 ], [ -6.862954775990065, 33.873880209831867 ] ] ] } },
{ "type": "Feature", "properties": { "fid": 827, "indice": "03", "complement": "", "Consistance": "TN", "num": "T109003", "surface": 9005 }, "geometry": { "type": "Polygon", "coordinates": [ [ [ -6.85787495871153, 33.869235973374842 ], [ -6.856441295056979, 33.870918531844573 ], [ -6.85654024832459, 33.871016591473811 ], [ -6.856743962599214, 33.871172056207108 ], [ -6.858192396264018, 33.869467675977873 ], [ -6.85787495871153, 33.869235973374842 ] ] ] } },
{ "type": "Feature", "properties": { "fid": 828, "indice": "03", "complement": "", "Consistance": "TN", "num": "T109005", "surface": 4481 }, "geometry": { "type": "Polygon", "coordinates": [ [ [ -6.85739444375828, 33.868886213931113 ], [ -6.856000362406976, 33.870479015672302 ], [ -6.856159782267774, 33.870636800786635 ], [ -6.857544414789495, 33.868996305353384 ], [ -6.85739444375828, 33.868886213931113 ] ] ] } },
{ "type": "Feature", "properties": { "fid": 829, "indice": "R", "complement": "", "Consistance": "TN", "num": "T46656", "surface": 62543 }, "geometry": { "type": "Polygon", "coordinates": [ [ [ -6.859458804192962, 33.868646583881521 ], [ -6.859855571653676, 33.867354904050764 ], [ -6.856728983946158, 33.865690321673426 ], [ -6.854838343389725, 33.864934865407939 ], [ -6.854686289214461, 33.865669900692531 ], [ -6.857458187282089, 33.867398194210374 ], [ -6.859458804192962, 33.868646583881521 ] ] ] } },
{ "type": "Feature", "properties": { "fid": 830, "indice": "38", "complement": "", "Consistance": "TN", "num": "T10559", "surface": 98155 }, "geometry": { "type": "Polygon", "coordinates": [ [ [ -6.873589791274221, 33.857181525622984 ], [ -6.871969188067172, 33.85692191290034 ], [ -6.869598509625095, 33.85808171595805 ], [ -6.868062816279672, 33.857087784882921 ], [ -6.866234745607808, 33.858565848111297 ], [ -6.867110987556296, 33.858662902216999 ], [ -6.86994765119348, 33.858975034287901 ], [ -6.872452881176901, 33.859249515830321 ], [ -6.873589791274221, 33.857181525622984 ] ] ] } },
{ "type": "Feature", "properties": { "fid": 831, "indice": "R", "complement": "", "Consistance": "TN", "num": "T68125", "surface": 35102 }, "geometry": { "type": "Polygon", "coordinates": [ [ [ -6.837847927981525, 33.841057051303615 ], [ -6.837867960805899, 33.841091996308727 ], [ -6.837883626291628, 33.841124285733976 ], [ -6.837909136957751, 33.841163677403216 ], [ -6.837974370906326, 33.841252218538841 ], [ -6.838053653725877, 33.841340598072186 ], [ -6.838146038839994, 33.841436944253935 ], [ -6.838254634276636, 33.841533103916511 ], [ -6.838380401585271, 33.841621850499806 ], [ -6.838472638375581, 33.841709178823123 ], [ -6.838566522204465, 33.841830761553013 ], [ -6.838623245986819, 33.841927517638403 ], [ -6.838667210334583, 33.842037047547514 ], [ -6.838704780105558, 33.842152062604278 ], [ -6.838724284182506, 33.842220385037564 ], [ -6.838749914760812, 33.842266990606234 ], [ -6.838815165867437, 33.842225652874113 ], [ -6.840377687822122, 33.84082680545712 ], [ -6.840768707277282, 33.840680697213386 ], [ -6.839489719655492, 33.839680753094328 ], [ -6.838691218708288, 33.840350157760327 ], [ -6.837847927981525, 33.841057051303615 ] ] ] } },
{ "type": "Feature", "properties": { "fid": 836, "indice": "R", "complement": "", "Consistance": "TN", "num": "R39505", "surface": 4873 }, "geometry": { "type": "Polygon", "coordinates": [ [ [ -6.852312993571263, 33.869292557698586 ], [ -6.851924427801061, 33.868814538350584 ], [ -6.85162846223582, 33.868507710985604 ], [ -6.851237098267414, 33.868120816451203 ], [ -6.850964913689604, 33.868267380300153 ], [ -6.851358574454108, 33.868662366342491 ], [ -6.851674732930016, 33.868948215685784 ], [ -6.852094469107394, 33.869479989464686 ], [ -6.852333954204613, 33.869317568248931 ], [ -6.852312993571263, 33.869292557698586 ] ] ] } },
{ "type": "Feature", "properties": { "fid": 837, "indice": "38", "complement": "", "Consistance": "TN", "num": "T25630", "surface": 24637 }, "geometry": { "type": "Polygon", "coordinates": [ [ [ -6.884447831021347, 33.908576512693628 ], [ -6.884644974332267, 33.908782516958929 ], [ -6.885402568417675, 33.90823508203043 ], [ -6.884822845660863, 33.907225500448625 ], [ -6.884634688588006, 33.906468317811864 ], [ -6.884322596657968, 33.906815650830495 ], [ -6.88404911982914, 33.90663670687676 ], [ -6.883299649206196, 33.90746994562349 ], [ -6.883533911598962, 33.907696255784515 ], [ -6.884447831021347, 33.908576512693628 ] ] ] } },
{ "type": "Feature", "properties": { "fid": 838, "indice": "38", "complement": "", "Consistance": "TN", "num": "T3853", "surface": 12341 }, "geometry": { "type": "Polygon", "coordinates": [ [ [ -6.910693939371028, 33.885420288728817 ], [ -6.910269644729862, 33.885710420621336 ], [ -6.910369443653441, 33.885790389341189 ], [ -6.91208321184844, 33.887328219348007 ], [ -6.912523006022779, 33.887058638442483 ], [ -6.910693939371028, 33.885420288728817 ] ] ] } },
{ "type": "Feature", "properties": { "fid": 842, "indice": "03", "complement": "", "Consistance": "TN", "num": "T109013", "surface": 5912 }, "geometry": { "type": "Polygon", "coordinates": [ [ [ -6.852861363372113, 33.865223011418173 ], [ -6.850779383682569, 33.864012439596465 ], [ -6.85066147085856, 33.864073334408126 ], [ -6.85227861012941, 33.865028649377997 ], [ -6.852740583717871, 33.865306489635756 ], [ -6.853433870584176, 33.865839591609557 ], [ -6.854202747931956, 33.866431338107581 ], [ -6.854243813916319, 33.866236044476814 ], [ -6.852861363372113, 33.865223011418173 ] ] ] } },
{ "type": "Feature", "properties": { "fid": 843, "indice": "03", "complement": "", "Consistance": "TN", "num": "T109014", "surface": 5764 }, "geometry": { "type": "Polygon", "coordinates": [ [ [ -6.853433870584176, 33.865839591609557 ], [ -6.852740583717871, 33.865306489635756 ], [ -6.85227861012941, 33.865028649377997 ], [ -6.85066147085856, 33.864073334408126 ], [ -6.850581060629064, 33.864113951780709 ], [ -6.852122637546024, 33.865076458542887 ], [ -6.852621950720293, 33.865389040874348 ], [ -6.853327745556711, 33.865958977156396 ], [ -6.854160661040114, 33.866630251285585 ], [ -6.854202747931956, 33.866431338107581 ], [ -6.853433870584176, 33.865839591609557 ] ] ] } },
{ "type": "Feature", "properties": { "fid": 845, "indice": "R", "complement": "", "Consistance": "TN", "num": "T49185", "surface": 437909 }, "geometry": { "type": "Polygon", "coordinates": [ [ [ -6.873326691285953, 33.866228282332663 ], [ -6.874194769175338, 33.866668116814111 ], [ -6.87450772466636, 33.863761116609425 ], [ -6.874810148325614, 33.86202043321628 ], [ -6.873844767178355, 33.861833388108352 ], [ -6.871885852495941, 33.861455999237187 ], [ -6.871550848387828, 33.862999535903661 ], [ -6.871185047604778, 33.862849609131018 ], [ -6.870108418911458, 33.862413107217648 ], [ -6.869043767271227, 33.861980965075531 ], [ -6.86810104078473, 33.861597890915668 ], [ -6.867002672784283, 33.861152598327841 ], [ -6.866235797063865, 33.862479309965806 ], [ -6.864813020387435, 33.861901609537696 ], [ -6.864231131435919, 33.86317292768274 ], [ -6.863807707443734, 33.864096047366615 ], [ -6.865295355610706, 33.864672097264609 ], [ -6.866915400704529, 33.865340377492892 ], [ -6.868671763327037, 33.866140521765487 ], [ -6.869913228703888, 33.866988182227693 ], [ -6.870794480386752, 33.867312438421074 ], [ -6.871508249784689, 33.867834377355862 ], [ -6.873326691285953, 33.866228282332663 ] ] ] } },
{ "type": "Feature", "properties": { "fid": 846, "indice": "R", "complement": "", "Consistance": "TN", "num": "T54735", "surface": 50221 }, "geometry": { "type": "Polygon", "coordinates": [ [ [ -6.867002672784283, 33.861152598327841 ], [ -6.86810104078473, 33.861597890915668 ], [ -6.868445270946788, 33.860790230213688 ], [ -6.865257487628624, 33.860174619509664 ], [ -6.86488088925047, 33.860795049015437 ], [ -6.864328581019176, 33.861703446128061 ], [ -6.866235797063865, 33.862479309965806 ], [ -6.867002672784283, 33.861152598327841 ] ] ] } },
{ "type": "Feature", "properties": { "fid": 847, "indice": "R", "complement": "", "Consistance": "TN", "num": "T47868", "surface": 18808 }, "geometry": { "type": "Polygon", "coordinates": [ [ [ -6.910666189873881, 33.864759186615593 ], [ -6.911472382289774, 33.864053153566395 ], [ -6.911025832556145, 33.862494594305105 ], [ -6.910153914875541, 33.862652140331981 ], [ -6.909759967632256, 33.861132626197708 ], [ -6.909727634248653, 33.86113842810537 ], [ -6.910666189873881, 33.864759186615593 ] ] ] } },
{ "type": "Feature", "properties": { "fid": 856, "indice": "03", "complement": "", "Consistance": "TN", "num": "T96517", "surface": 25616 }, "geometry": { "type": "Polygon", "coordinates": [ [ [ -6.908686701381532, 33.896642823054826 ], [ -6.907845374370252, 33.89615149464899 ], [ -6.906526302643482, 33.895052605176346 ], [ -6.905978458961801, 33.895519181656965 ], [ -6.906642741394471, 33.89628052594923 ], [ -6.907574453754955, 33.897431883632066 ], [ -6.908463669785379, 33.896816877649897 ], [ -6.90882216465342, 33.896720558969307 ], [ -6.908686701381532, 33.896642823054826 ] ] ] } },
{ "type": "Feature", "properties": { "fid": 858, "indice": "03", "complement": "", "Consistance": "TN", "num": "T96514", "surface": 22423 }, "geometry": { "type": "Polygon", "coordinates": [ [ [ -6.911161525905644, 33.897089174552477 ], [ -6.909059261763102, 33.896297402960187 ], [ -6.908686701381532, 33.896642823054826 ], [ -6.90882216465342, 33.896720558969307 ], [ -6.910784955173592, 33.897639386093331 ], [ -6.911513476524312, 33.897923713104412 ], [ -6.91213134265464, 33.898250861710238 ], [ -6.912577131693782, 33.898011875266604 ], [ -6.912636684839043, 33.897953432194825 ], [ -6.911161525905644, 33.897089174552477 ] ] ] } },
{ "type": "Feature", "properties": { "fid": 862, "indice": "03", "complement": "", "Consistance": "TN", "num": "T83341", "surface": 10475 }, "geometry": { "type": "Polygon", "coordinates": [ [ [ -6.855932307348736, 33.849410748778986 ], [ -6.855720481335256, 33.849478153849461 ], [ -6.855324495827446, 33.849651424005494 ], [ -6.856248470964566, 33.850992663677047 ], [ -6.856833954945601, 33.850773890610569 ], [ -6.855932307348736, 33.849410748778986 ] ] ] } },
{ "type": "Feature", "properties": { "fid": 877, "indice": "38", "complement": "", "Consistance": "TN", "num": "T48900", "surface": 6631 }, "geometry": { "type": "Polygon", "coordinates": [ [ [ -6.902943729328575, 33.907799261425026 ], [ -6.902930455493265, 33.907782284361829 ], [ -6.902549710963781, 33.907344915640245 ], [ -6.902063839917659, 33.907647480194747 ], [ -6.901979305422694, 33.907700806190014 ], [ -6.901632576745202, 33.907917820341424 ], [ -6.901930573329923, 33.908386850165037 ], [ -6.902943729328575, 33.907799261425026 ] ] ] } },
{ "type": "Feature", "properties": { "fid": 878, "indice": "38", "complement": "", "Consistance": "TN", "num": "T123733", "surface": 3943 }, "geometry": { "type": "Polygon", "coordinates": [ [ [ -6.854202890804443, 33.849355108961007 ], [ -6.854004782966045, 33.849143654651499 ], [ -6.853928801512823, 33.849189634653449 ], [ -6.853240792258997, 33.84961252036755 ], [ -6.852743737679824, 33.849883463409583 ], [ -6.85283324228384, 33.850129552851676 ], [ -6.853700331422795, 33.849619806370193 ], [ -6.854123636837935, 33.849399323267939 ], [ -6.854202890804443, 33.849355108961007 ] ] ] } },
{ "type": "Feature", "properties": { "fid": 880, "indice": "38", "complement": "", "Consistance": "TN", "num": "T117058", "surface": 7469 }, "geometry": { "type": "Polygon", "coordinates": [ [ [ -6.857050912500731, 33.847331393303733 ], [ -6.856175295180951, 33.847845772862435 ], [ -6.854937898078602, 33.848575407870214 ], [ -6.855123339185352, 33.848805046784619 ], [ -6.856012047006128, 33.848296836051432 ], [ -6.856354585341391, 33.848095324164809 ], [ -6.857213721225773, 33.847564900676822 ], [ -6.857050912500731, 33.847331393303733 ] ] ] } },
{ "type": "Feature", "properties": { "fid": 881, "indice": "38", "complement": "", "Consistance": "TN", "num": "T5336", "surface": 4829 }, "geometry": { "type": "Polygon", "coordinates": [ [ [ -6.900546187163762, 33.915611589802211 ], [ -6.902221598757586, 33.91678382560152 ], [ -6.902357255917436, 33.916620754066855 ], [ -6.900738998447654, 33.915437913603597 ], [ -6.900546187163762, 33.915611589802211 ] ] ] } },
{ "type": "Feature", "properties": { "fid": 882, "indice": "38", "complement": "", "Consistance": "TN", "num": "T51780", "surface": 20809 }, "geometry": { "type": "Polygon", "coordinates": [ [ [ -6.907557512774987, 33.900074723436852 ], [ -6.907850463675684, 33.900314712851625 ], [ -6.908076111767598, 33.900041416606925 ], [ -6.906262731734545, 33.898632808489609 ], [ -6.905608406646186, 33.899260304622949 ], [ -6.906964068128314, 33.900532833272877 ], [ -6.907557512774987, 33.900074723436852 ] ] ] } },
{ "type": "Feature", "properties": { "fid": 886, "indice": "38", "complement": "", "Consistance": "TN", "num": "T30037", "surface": 3578 }, "geometry": { "type": "Polygon", "coordinates": [ [ [ -6.853795478707625, 33.869947270990558 ], [ -6.854355736632724, 33.870475600091339 ], [ -6.854599201784606, 33.870357322655565 ], [ -6.853910352007759, 33.869380428395544 ], [ -6.853795478707625, 33.869947270990558 ] ] ] } },
{ "type": "Feature", "properties": { "fid": 888, "indice": "38", "complement": "", "Consistance": "TN", "num": "T23375", "surface": 3370 }, "geometry": { "type": "Polygon", "coordinates": [ [ [ -6.851883939820933, 33.845191676478279 ], [ -6.852313667470658, 33.84496841862093 ], [ -6.852404339843843, 33.844896112818411 ], [ -6.851944950795032, 33.844572242130084 ], [ -6.851649700511889, 33.844886836811185 ], [ -6.851513915027752, 33.845235657152003 ], [ -6.851863756032493, 33.845342533593303 ], [ -6.851883939820933, 33.845191676478279 ] ] ] } },
{ "type": "Feature", "properties": { "fid": 1, "indice": "38", "complement": "", "Consistance": "TN", "num": "T29437", "surface": 26117 }, "geometry": { "type": "Polygon", "coordinates": [ [ [ -6.898326855791407, 33.90075741185705 ], [ -6.898168851504624, 33.900626721228456 ], [ -6.898070542707893, 33.90069644427232 ], [ -6.898007516341774, 33.900742294893192 ], [ -6.897947490568324, 33.900648311706938 ], [ -6.897934111039564, 33.901002025141302 ], [ -6.900635472847369, 33.903102702700473 ], [ -6.901123385618591, 33.902606205373964 ], [ -6.899430209623431, 33.901202371581753 ], [ -6.898578090473295, 33.900523511333681 ], [ -6.898326855791407, 33.90075741185705 ] ] ] } },
{ "type": "Feature", "properties": { "fid": 4, "indice": "38", "complement": "", "Consistance": "TN", "num": "T28519", "surface": 10912 }, "geometry": { "type": "Polygon", "coordinates": [ [ [ -6.841861281126806, 33.852874839338057 ], [ -6.840630243618146, 33.85354292486457 ], [ -6.840628591493168, 33.853704389177288 ], [ -6.840770687026075, 33.853733417833631 ], [ -6.842460082244939, 33.853065456669704 ], [ -6.843539102538186, 33.852749056269403 ], [ -6.843446156903751, 33.852685190154936 ], [ -6.843443181508755, 33.852505740508931 ], [ -6.843414700329348, 33.852352741198011 ], [ -6.841861281126806, 33.852874839338057 ] ] ] } },
{ "type": "Feature", "properties": { "fid": 13, "indice": "38", "complement": "", "Consistance": "TN", "num": "T14823", "surface": 15110 }, "geometry": { "type": "Polygon", "coordinates": [ [ [ -6.908588691670432, 33.873523086244788 ], [ -6.908817697498938, 33.873697102759529 ], [ -6.910139348094407, 33.872531191463118 ], [ -6.909463207612377, 33.87201262420654 ], [ -6.908144814632036, 33.873179391203855 ], [ -6.908541565207845, 33.87348667539792 ], [ -6.908588691670432, 33.873523086244788 ] ] ] } },
{ "type": "Feature", "properties": { "fid": 15, "indice": "R", "complement": "LOT3", "Consistance": "TN", "num": "R21148", "surface": 21441 }, "geometry": { "type": "Polygon", "coordinates": [ [ [ -6.906648962082789, 33.898263781457622 ], [ -6.906264374891737, 33.897977992305407 ], [ -6.9053243017047, 33.897467993531983 ], [ -6.904386014382177, 33.898311753283238 ], [ -6.904737370599694, 33.898615084286533 ], [ -6.905608406646186, 33.899260304622949 ], [ -6.906648962082789, 33.898263781457622 ] ] ] } },
{ "type": "Feature", "properties": { "fid": 18, "indice": "03", "complement": "", "Consistance": "TN", "num": "T105276", "surface": 20067 }, "geometry": { "type": "Polygon", "coordinates": [ [ [ -6.85805426517795, 33.842181382550571 ], [ -6.856898202091995, 33.841112535903846 ], [ -6.856276602277729, 33.84104221036484 ], [ -6.856035484106021, 33.841877503693503 ], [ -6.857200391620289, 33.842829003542541 ], [ -6.85805426517795, 33.842181382550571 ] ] ] } },
{ "type": "Feature", "properties": { "fid": 20, "indice": "38", "complement": "", "Consistance": "TN", "num": "T46022", "surface": 2665 }, "geometry": { "type": "Polygon", "coordinates": [ [ [ -6.850765652070034, 33.878432573967153 ], [ -6.850657466009044, 33.878559195806481 ], [ -6.850919690244457, 33.878786145022083 ], [ -6.851711209037758, 33.879562536910313 ], [ -6.8518701784571, 33.879433520988087 ], [ -6.850765652070034, 33.878432573967153 ] ] ] } },
{ "type": "Feature", "properties": { "fid": 27, "indice": "38", "complement": "", "Consistance": "TN", "num": "T31524", "surface": 3442 }, "geometry": { "type": "Polygon", "coordinates": [ [ [ -6.853258416503072, 33.86860603467921 ], [ -6.852883287444492, 33.86886834328088 ], [ -6.85273158985118, 33.868978336293594 ], [ -6.853143539979628, 33.869172876822233 ], [ -6.85357443824731, 33.869336530336533 ], [ -6.853651580484324, 33.869035292555708 ], [ -6.853258416503072, 33.86860603467921 ] ] ] } },
{ "type": "Feature", "properties": { "fid": 30, "indice": "38", "complement": "", "Consistance": "TN", "num": "T40772", "surface": 5498 }, "geometry": { "type": "Polygon", "coordinates": [ [ [ -6.863442584790769, 33.866751086853007 ], [ -6.863673867593683, 33.867002724264033 ], [ -6.864799037744293, 33.865889200495616 ], [ -6.864518667262308, 33.865676020818228 ], [ -6.863442584790769, 33.866751086853007 ] ] ] } },
{ "type": "Feature", "properties": { "fid": 37, "indice": "38", "complement": "", "Consistance": "TN", "num": "T41207", "surface": 11344 }, "geometry": { "type": "Polygon", "coordinates": [ [ [ -6.836170719429966, 33.845662647378099 ], [ -6.836170560349728, 33.845521948001732 ], [ -6.836289677162116, 33.845338389879849 ], [ -6.836273976514661, 33.845238455883887 ], [ -6.835850889218831, 33.845145906073505 ], [ -6.835408126878991, 33.845040051723117 ], [ -6.834441120873478, 33.844803117056024 ], [ -6.834157334052289, 33.845292512724512 ], [ -6.834783882624584, 33.845465711575756 ], [ -6.835391719405171, 33.845618377686705 ], [ -6.836171840236584, 33.845796120256963 ], [ -6.836170719429966, 33.845662647378099 ] ] ] } },
{ "type": "Feature", "properties": { "fid": 41, "indice": "R", "complement": "", "Consistance": "TN", "num": "T91029", "surface": 16042 }, "geometry": { "type": "Polygon", "coordinates": [ [ [ -6.849512385090176, 33.875511342485908 ], [ -6.849142846021679, 33.875202656498779 ], [ -6.848123156619184, 33.876046038135812 ], [ -6.848738210974079, 33.876488074338532 ], [ -6.84935594426222, 33.876895803412317 ], [ -6.849553155605508, 33.876530945297574 ], [ -6.849868008707254, 33.875958182938852 ], [ -6.849933909649589, 33.875824836381916 ], [ -6.849512385090176, 33.875511342485908 ] ] ] } },
{ "type": "Feature", "properties": { "fid": 43, "indice": "38", "complement": "", "Consistance": "TN", "num": "T37015", "surface": 4953 }, "geometry": { "type": "Polygon", "coordinates": [ [ [ -6.849529468402061, 33.878354907788164 ], [ -6.8491500516431, 33.878622664933957 ], [ -6.84889568434275, 33.878802388072032 ], [ -6.849362495578905, 33.879237118700075 ], [ -6.849617959345006, 33.879058283859592 ], [ -6.84999096487102, 33.87879510926318 ], [ -6.849529468402061, 33.878354907788164 ] ] ] } },
{ "type": "Feature", "properties": { "fid": 45, "indice": "R", "complement": "", "Consistance": "TN", "num": "T9585", "surface": 26198 }, "geometry": { "type": "Polygon", "coordinates": [ [ [ -6.845700343863054, 33.878023116210613 ], [ -6.846356529620047, 33.877491514330529 ], [ -6.848369145465967, 33.87835211262103 ], [ -6.848105745876267, 33.879093836307256 ], [ -6.847930777539537, 33.879366438193593 ], [ -6.847184018095258, 33.878938548845291 ], [ -6.845485475942746, 33.878237550869628 ], [ -6.845700343863054, 33.878023116210613 ] ] ] } },
{ "type": "Feature", "properties": { "fid": 47, "indice": "38", "complement": "", "Consistance": "TN", "num": "T37409", "surface": 2381 }, "geometry": { "type": "Polygon", "coordinates": [ [ [ -6.898168851504624, 33.900626721228456 ], [ -6.898326855791407, 33.90075741185705 ], [ -6.898578090473295, 33.900523511333681 ], [ -6.898179766709327, 33.900192766174875 ], [ -6.898040488910509, 33.90008169344064 ], [ -6.897941937091102, 33.900011621428014 ], [ -6.897913299202879, 33.900421436743834 ], [ -6.898168851504624, 33.900626721228456 ] ] ] } },
{ "type": "Feature", "properties": { "fid": 54, "indice": "38", "complement": "", "Consistance": "TN", "num": "T13673", "surface": 10002 }, "geometry": { "type": "Polygon", "coordinates": [ [ [ -6.859688431081528, 33.861321152226736 ], [ -6.859905513308857, 33.860082975588732 ], [ -6.859349854047863, 33.859569047117645 ], [ -6.859009766682704, 33.861209114340646 ], [ -6.859688431081528, 33.861321152226736 ] ] ] } },
{ "type": "Feature", "properties": { "fid": 57, "indice": "38", "complement": "", "Consistance": "TN", "num": "T37342", "surface": 11910 }, "geometry": { "type": "Polygon", "coordinates": [ [ [ -6.835982995855823, 33.846208667393682 ], [ -6.83600300920594, 33.846176870003909 ], [ -6.836076444206086, 33.846041639037495 ], [ -6.836171840236584, 33.845796120256963 ], [ -6.835391719405171, 33.845618377686705 ], [ -6.834783882624584, 33.845465711575756 ], [ -6.834157334052289, 33.845292512724512 ], [ -6.833856326650669, 33.845786614743076 ], [ -6.834115779231213, 33.845853990101631 ], [ -6.83473451401882, 33.846011946006115 ], [ -6.835868919013125, 33.846304680018335 ], [ -6.835982995855823, 33.846208667393682 ] ] ] } },
{ "type": "Feature", "properties": { "fid": 58, "indice": "38", "complement": "P1", "Consistance": "TN", "num": "T29672", "surface": 28893 }, "geometry": { "type": "Polygon", "coordinates": [ [ [ -6.843167567268602, 33.842205260401947 ], [ -6.843846207686539, 33.841674305208791 ], [ -6.844789573361537, 33.840552227242448 ], [ -6.845428508987502, 33.839974821130582 ], [ -6.846087332460527, 33.839554118024033 ], [ -6.845026123837086, 33.839174947107594 ], [ -6.84492437229563, 33.839296080140457 ], [ -6.843880516637249, 33.84048425936691 ], [ -6.842711667893739, 33.841828101770638 ], [ -6.843167567268602, 33.842205260401947 ] ] ] } },
{ "type": "Feature", "properties": { "fid": 63, "indice": "38", "complement": "", "Consistance": "TN", "num": "T32193", "surface": 103605 }, "geometry": { "type": "Polygon", "coordinates": [ [ [ -6.8645518109463, 33.854665774715251 ], [ -6.861931687228375, 33.854685607110078 ], [ -6.860412993561626, 33.854696135312217 ], [ -6.860419728734364, 33.855355368159834 ], [ -6.860425670593828, 33.856031746810373 ], [ -6.860433759136437, 33.856707198312712 ], [ -6.860440185311958, 33.857412432774055 ], [ -6.860475660934119, 33.858818127379173 ], [ -6.861296849711451, 33.858598385698762 ], [ -6.86202347240167, 33.857769137311216 ], [ -6.862755364340097, 33.856932607239379 ], [ -6.863155271036822, 33.856476963980356 ], [ -6.864065390938966, 33.855375878391918 ], [ -6.864560560105832, 33.85473602291566 ], [ -6.8645518109463, 33.854665774715251 ] ] ] } },
{ "type": "Feature", "properties": { "fid": 64, "indice": "38", "complement": "", "Consistance": "TN", "num": "T43988", "surface": 2472 }, "geometry": { "type": "Polygon", "coordinates": [ [ [ -6.863848324777709, 33.865739787426612 ], [ -6.863596714290035, 33.865565052022816 ], [ -6.86333857352979, 33.865387686730116 ], [ -6.863069908847425, 33.865677642773349 ], [ -6.863572018068642, 33.866025324318272 ], [ -6.863848324777709, 33.865739787426612 ] ] ] } },
{ "type": "Feature", "properties": { "fid": 65, "indice": "38", "complement": "", "Consistance": "TN", "num": "T1225", "surface": 22249 }, "geometry": { "type": "Polygon", "coordinates": [ [ [ -6.898885595643114, 33.919503416269329 ], [ -6.899155513133353, 33.919220589530703 ], [ -6.8995050897512, 33.918852027679236 ], [ -6.899247301969802, 33.918645871402241 ], [ -6.898673978966725, 33.918146762880262 ], [ -6.897802547904529, 33.919057306891887 ], [ -6.897460417196544, 33.918916192349791 ], [ -6.896945475794192, 33.918791574552039 ], [ -6.898928224891306, 33.920282160954535 ], [ -6.899399872918817, 33.919714618019547 ], [ -6.898885595643114, 33.919503416269329 ] ] ] } },
{ "type": "Feature", "properties": { "fid": 66, "indice": "38", "complement": "", "Consistance": "TN", "num": "T46535", "surface": 7187 }, "geometry": { "type": "Polygon", "coordinates": [ [ [ -6.840591336679982, 33.844397799598156 ], [ -6.840216407062504, 33.84394934863257 ], [ -6.83865078917008, 33.844771893485607 ], [ -6.838822197232247, 33.844940386383307 ], [ -6.840591336679982, 33.844397799598156 ] ] ] } },
{ "type": "Feature", "properties": { "fid": 67, "indice": "38", "complement": "", "Consistance": "TN", "num": "T23106", "surface": 60638 }, "geometry": { "type": "Polygon", "coordinates": [ [ [ -6.838749914760812, 33.842266990606234 ], [ -6.83877437527278, 33.842308198039731 ], [ -6.83879202386091, 33.842329641342367 ], [ -6.838815090782814, 33.842351924229142 ], [ -6.838836957813529, 33.842367005461853 ], [ -6.838878456013858, 33.842392683983334 ], [ -6.838922219931597, 33.842424649943361 ], [ -6.838969240842801, 33.842457480340016 ], [ -6.839028447424145, 33.842508209126969 ], [ -6.839083271706499, 33.842555380591456 ], [ -6.839134913606749, 33.842606196385788 ], [ -6.839183224066838, 33.842651638909054 ], [ -6.839219378687047, 33.842680986546455 ], [ -6.839246753660506, 33.842702317837563 ], [ -6.839269805890705, 33.842723698877357 ], [ -6.839295094046438, 33.842749563837032 ], [ -6.83932266285569, 33.842782617996363 ], [ -6.839356864904888, 33.842824615116612 ], [ -6.839415304345775, 33.84289429312156 ], [ -6.839472737732813, 33.842968492339729 ], [ -6.839524559019307, 33.843030129090124 ], [ -6.839563158586426, 33.843076585188371 ], [ -6.839592829347946, 33.843106007360966 ], [ -6.839625816765015, 33.843139901002331 ], [ -6.839669685709866, 33.843178179014785 ], [ -6.839724480938269, 33.843223546667438 ], [ -6.839790336691301, 33.843284119787349 ], [ -6.8398420092621, 33.843336738797994 ], [ -6.839901455565185, 33.843401895319701 ], [ -6.839975234405586, 33.843484023472634 ], [ -6.840053634484558, 33.843584136999745 ], [ -6.840131989996121, 33.843681545194315 ], [ -6.840225609764786, 33.843786894920285 ], [ -6.841326960340653, 33.842997641795904 ], [ -6.842483555214921, 33.842021041223973 ], [ -6.840768707277282, 33.840680697213386 ], [ -6.840377687822122, 33.84082680545712 ], [ -6.838815165867437, 33.842225652874113 ], [ -6.838749914760812, 33.842266990606234 ] ] ] } },
{ "type": "Feature", "properties": { "fid": 71, "indice": "38", "complement": "", "Consistance": "TN", "num": "T46281", "surface": 22170 }, "geometry": { "type": "Polygon", "coordinates": [ [ [ -6.908376387828252, 33.899456056796041 ], [ -6.908678147195207, 33.898519829931956 ], [ -6.907537168652211, 33.897464802113682 ], [ -6.906765991944578, 33.898151435658626 ], [ -6.906648962082789, 33.898263781457622 ], [ -6.906613839012537, 33.898296673613181 ], [ -6.908302595281246, 33.899629213662706 ], [ -6.908376387828252, 33.899456056796041 ] ] ] } },
{ "type": "Feature", "properties": { "fid": 72, "indice": "R", "complement": "P3", "Consistance": "TN", "num": "T6450", "surface": 8040 }, "geometry": { "type": "Polygon", "coordinates": [ [ [ -6.852368830463434, 33.876267394330924 ], [ -6.852616001683562, 33.875981320378585 ], [ -6.852568987615006, 33.875950298975219 ], [ -6.851626208800484, 33.875439028963513 ], [ -6.850901077725724, 33.874556340822735 ], [ -6.850652718618159, 33.874836111814282 ], [ -6.851475418944438, 33.875733903870973 ], [ -6.852368830463434, 33.876267394330924 ] ] ] } },
{ "type": "Feature", "properties": { "fid": 82, "indice": "38", "complement": "", "Consistance": "TN", "num": "T37613", "surface": 25170 }, "geometry": { "type": "Polygon", "coordinates": [ [ [ -6.834255077697609, 33.832000512858905 ], [ -6.835705788569666, 33.832348244482588 ], [ -6.835981420245139, 33.831760625425638 ], [ -6.8345217914072, 33.831395862594583 ], [ -6.832959063003719, 33.831004304521862 ], [ -6.832753201502285, 33.831498218097181 ], [ -6.83399206234014, 33.832633079941203 ], [ -6.834255077697609, 33.832000512858905 ] ] ] } },
{ "type": "Feature", "properties": { "fid": 83, "indice": "38", "complement": "", "Consistance": "TN", "num": "T52452", "surface": 5507 }, "geometry": { "type": "Polygon", "coordinates": [ [ [ -6.893777180913359, 33.899539196378718 ], [ -6.893608093186468, 33.899392397770633 ], [ -6.893588318666443, 33.899374595378731 ], [ -6.89240371396319, 33.900432252520631 ], [ -6.892055246151771, 33.900736747812324 ], [ -6.892126635262949, 33.900799932934731 ], [ -6.892050907196563, 33.90086216655196 ], [ -6.892190116737337, 33.900969638976811 ], [ -6.893777180913359, 33.899539196378718 ] ] ] } },
{ "type": "Feature", "properties": { "fid": 93, "indice": "38", "complement": "", "Consistance": "TN", "num": "T22443", "surface": 29015 }, "geometry": { "type": "Polygon", "coordinates": [ [ [ -6.836991460378759, 33.840049517026387 ], [ -6.83705158111022, 33.840090314993738 ], [ -6.837125720674558, 33.840129147947238 ], [ -6.837194293282693, 33.840158123584544 ], [ -6.837277876062104, 33.840179711192654 ], [ -6.837361667295541, 33.840213923404249 ], [ -6.837417316806842, 33.84024575326859 ], [ -6.837487223357612, 33.840290046264691 ], [ -6.837542119850908, 33.840341727245615 ], [ -6.837580717168579, 33.840388183996346 ], [ -6.83763776648522, 33.840504779322444 ], [ -6.837678442215484, 33.840611641619887 ], [ -6.837731883896663, 33.840771571131803 ], [ -6.837762684959915, 33.840869527609414 ], [ -6.837805522349249, 33.84097636500146 ], [ -6.837847927981525, 33.841057051303615 ], [ -6.838691218708288, 33.840350157760327 ], [ -6.839489719655492, 33.839680753094328 ], [ -6.838232657204136, 33.838697680449556 ], [ -6.836908833674062, 33.839954861706858 ], [ -6.83694966620534, 33.840005802629143 ], [ -6.836991460378759, 33.840049517026387 ] ] ] } },
{ "type": "Feature", "properties": { "fid": 94, "indice": "38", "complement": "", "Consistance": "TN", "num": "T63511", "surface": 22094 }, "geometry": { "type": "Polygon", "coordinates": [ [ [ -6.893066586193917, 33.905528311966826 ], [ -6.892870745523862, 33.905398968208857 ], [ -6.892560991038082, 33.905691277369563 ], [ -6.896132667055327, 33.908644802202957 ], [ -6.896276810588909, 33.908094712041532 ], [ -6.893066586193917, 33.905528311966826 ] ] ] } },
{ "type": "Feature", "properties": { "fid": 95, "indice": "38", "complement": "", "Consistance": "TN", "num": "T86", "surface": 28123 }, "geometry": { "type": "Polygon", "coordinates": [ [ [ -6.831905610661204, 33.833190035298379 ], [ -6.832638039996279, 33.831461656473365 ], [ -6.830984451794905, 33.831196483780609 ], [ -6.830931109686971, 33.831436106886279 ], [ -6.830761801075536, 33.832182140178695 ], [ -6.830655483536167, 33.832618088950618 ], [ -6.830572388391812, 33.832954559137015 ], [ -6.831905610661204, 33.833190035298379 ] ] ] } },
{ "type": "Feature", "properties": { "fid": 97, "indice": "38", "complement": "P1", "Consistance": "TN", "num": "T55630", "surface": 6078 }, "geometry": { "type": "Polygon", "coordinates": [ [ [ -6.865285638727636, 33.866278545541775 ], [ -6.865049677081799, 33.866648394276005 ], [ -6.864971611874782, 33.866763853469514 ], [ -6.865391813770206, 33.866997942185428 ], [ -6.865780717592925, 33.867171065173203 ], [ -6.865972399265299, 33.867253600008695 ], [ -6.866703409075702, 33.867645486350092 ], [ -6.867099302281511, 33.867976360686058 ], [ -6.865285638727636, 33.866278545541775 ] ] ] } },
{ "type": "Feature", "properties": { "fid": 102, "indice": "38", "complement": "", "Consistance": "TN", "num": "T58094", "surface": 6541 }, "geometry": { "type": "Polygon", "coordinates": [ [ [ -6.90600246603714, 33.906779395192615 ], [ -6.905957391939863, 33.906737547356585 ], [ -6.904935798571492, 33.90589752214435 ], [ -6.904895082494616, 33.905857425356018 ], [ -6.904493021012743, 33.90612652264177 ], [ -6.905585548638439, 33.907002676723735 ], [ -6.90600246603714, 33.906779395192615 ] ] ] } },
{ "type": "Feature", "properties": { "fid": 104, "indice": "R", "complement": "P3", "Consistance": "TN", "num": "T36652", "surface": 116112 }, "geometry": { "type": "Polygon", "coordinates": [ [ [ -6.878552636769228, 33.862695988411431 ], [ -6.879968659343847, 33.858228208227885 ], [ -6.880745710817057, 33.858403906861874 ], [ -6.882300055630816, 33.856800798556826 ], [ -6.879673352555584, 33.855737858478314 ], [ -6.878396552717619, 33.857389063986858 ], [ -6.879088866542538, 33.857350212618471 ], [ -6.877346462639261, 33.862464014134829 ], [ -6.877332048946755, 33.862506575130148 ], [ -6.877734482078222, 33.862584798721493 ], [ -6.878538254262049, 33.862740353042007 ], [ -6.878552636769228, 33.862695988411431 ] ] ] } },
{ "type": "Feature", "properties": { "fid": 113, "indice": "03", "complement": "", "Consistance": "TN", "num": "T101713", "surface": 30904 }, "geometry": { "type": "Polygon", "coordinates": [ [ [ -6.826922861776901, 33.896876825863465 ], [ -6.826888940239582, 33.896852861013123 ], [ -6.824191710650598, 33.895344924654175 ], [ -6.824380140051991, 33.896747060098782 ], [ -6.826421373789757, 33.897822338155208 ], [ -6.826922861776901, 33.896876825863465 ] ] ] } },
{ "type": "Feature", "properties": { "fid": 116, "indice": "R", "complement": "P4", "Consistance": "TN", "num": "T58993", "surface": 108058 }, "geometry": { "type": "Polygon", "coordinates": [ [ [ -6.824686932628698, 33.902339036257573 ], [ -6.825388735179334, 33.901073778010485 ], [ -6.825712244470105, 33.90028813401095 ], [ -6.82597857661231, 33.899643838966988 ], [ -6.826136736472019, 33.899394912240403 ], [ -6.823999213040107, 33.898055563031789 ], [ -6.821608038296125, 33.900517015324382 ], [ -6.824573153610128, 33.902458482111811 ], [ -6.825095097256722, 33.902825028766955 ], [ -6.82517302300782, 33.902761909347817 ], [ -6.824686932628698, 33.902339036257573 ] ] ] } },
{ "type": "Feature", "properties": { "fid": 117, "indice": "R", "complement": "P1", "Consistance": "TN", "num": "T58993", "surface": 150461 }, "geometry": { "type": "Polygon", "coordinates": [ [ [ -6.842219188992718, 33.884070992912726 ], [ -6.841212219014296, 33.883211342428964 ], [ -6.840018976271884, 33.88220320738106 ], [ -6.837419130224274, 33.883893540236656 ], [ -6.837513359646699, 33.884229775401799 ], [ -6.837828239400269, 33.884503046191192 ], [ -6.838627508311223, 33.885228922060186 ], [ -6.839801672363182, 33.886258935258496 ], [ -6.840758911688398, 33.887118267232871 ], [ -6.843399179207321, 33.885059417591158 ], [ -6.842219188992718, 33.884070992912726 ] ] ] } },
{ "type": "Feature", "properties": { "fid": 118, "indice": "R", "complement": "SOLDE", "Consistance": "TN", "num": "T58996", "surface": 15880 }, "geometry": { "type": "Polygon", "coordinates": [ [ [ -6.832688417870713, 33.89403574971471 ], [ -6.831287471420696, 33.893158886645736 ], [ -6.830897363472032, 33.892915321732978 ], [ -6.830512765592082, 33.893598862034111 ], [ -6.830794578803654, 33.893767905625296 ], [ -6.831536096938077, 33.894203166468415 ], [ -6.832211022832447, 33.894600402833483 ], [ -6.832688417870713, 33.89403574971471 ] ] ] } },
{ "type": "Feature", "properties": { "fid": 125, "indice": "38", "complement": "", "Consistance": "TN", "num": "T25824", "surface": 15054 }, "geometry": { "type": "Polygon", "coordinates": [ [ [ -6.846117184080735, 33.879551565738446 ], [ -6.845128780616297, 33.879158024608103 ], [ -6.845127654174678, 33.879806519328078 ], [ -6.847130114594231, 33.880704233455262 ], [ -6.847366435899931, 33.880089094721171 ], [ -6.846117184080735, 33.879551565738446 ] ] ] } },
{ "type": "Feature", "properties": { "fid": 126, "indice": "R", "complement": "", "Consistance": "TN", "num": "T34554", "surface": 18504 }, "geometry": { "type": "Polygon", "coordinates": [ [ [ -6.850652718618159, 33.874836111814282 ], [ -6.850901077725724, 33.874556340822735 ], [ -6.851241668216151, 33.874101427973805 ], [ -6.851435155922879, 33.873708649932873 ], [ -6.851204177866987, 33.873539062235231 ], [ -6.850052110886208, 33.874417367358866 ], [ -6.84914280097775, 33.87519995125011 ], [ -6.849512340034605, 33.875508637237665 ], [ -6.849933909649589, 33.875824836381916 ], [ -6.850652718618159, 33.874836111814282 ] ] ] } },
{ "type": "Feature", "properties": { "fid": 129, "indice": "38", "complement": "", "Consistance": "TN", "num": "T9855", "surface": 10100 }, "geometry": { "type": "Polygon", "coordinates": [ [ [ -6.85936112799874, 33.868818187658192 ], [ -6.859246578531771, 33.869015242135426 ], [ -6.859052464033653, 33.869303417251437 ], [ -6.858979672654926, 33.86941159555392 ], [ -6.860005436283157, 33.870230301158756 ], [ -6.860533727188743, 33.869753328220462 ], [ -6.85936112799874, 33.868818187658192 ] ] ] } },
{ "type": "Feature", "properties": { "fid": 130, "indice": "38", "complement": "", "Consistance": "TN", "num": "T62656", "surface": 16781 }, "geometry": { "type": "Polygon", "coordinates": [ [ [ -6.833512071890564, 33.850613179704418 ], [ -6.833595656124675, 33.850174785966892 ], [ -6.833611384926177, 33.849685760029168 ], [ -6.833696263029292, 33.84939165994529 ], [ -6.833733159374775, 33.849137794776546 ], [ -6.833764445233806, 33.848608905378619 ], [ -6.833723643546096, 33.84862560790183 ], [ -6.832563140867657, 33.849047481475246 ], [ -6.832092671559618, 33.849229648171466 ], [ -6.832734363457799, 33.849861765885265 ], [ -6.833512071890564, 33.850613179704418 ] ] ] } },
{ "type": "Feature", "properties": { "fid": 140, "indice": "38", "complement": "", "Consistance": "TN", "num": "T3041", "surface": 39137 }, "geometry": { "type": "Polygon", "coordinates": [ [ [ -6.833071136427896, 33.81666853889179 ], [ -6.831265281192053, 33.817378309061311 ], [ -6.830237729247844, 33.817777903113054 ], [ -6.82804498718493, 33.818620126914638 ], [ -6.827966490310416, 33.818511889135181 ], [ -6.827462684166948, 33.818694422787026 ], [ -6.827116318043233, 33.818857118390042 ], [ -6.828356415772302, 33.819094595891464 ], [ -6.832078699962703, 33.817822668313653 ], [ -6.833472259466448, 33.817207808904335 ], [ -6.833071136427896, 33.81666853889179 ] ] ] } },
{ "type": "Feature", "properties": { "fid": 141, "indice": "38", "complement": "", "Consistance": "TN", "num": "T3046", "surface": 15207 }, "geometry": { "type": "Polygon", "coordinates": [ [ [ -6.832926418493591, 33.81647628099158 ], [ -6.831140633793802, 33.817157859279838 ], [ -6.830119610571184, 33.817560083483343 ], [ -6.827897687562319, 33.818401736700643 ], [ -6.827819028442856, 33.818283579363388 ], [ -6.82736089826563, 33.818351946781142 ], [ -6.827462684166948, 33.818694422787026 ], [ -6.827966490310416, 33.818511889135181 ], [ -6.82804498718493, 33.818620126914638 ], [ -6.830237729247844, 33.817777903113054 ], [ -6.831265281192053, 33.817378309061311 ], [ -6.833068960856222, 33.81666766189354 ], [ -6.832926418493591, 33.81647628099158 ] ] ] } },
{ "type": "Feature", "properties": { "fid": 142, "indice": "38", "complement": "", "Consistance": "TN", "num": "T3043", "surface": 26151 }, "geometry": { "type": "Polygon", "coordinates": [ [ [ -6.832497714806816, 33.815902149621081 ], [ -6.832217075767538, 33.815526550889288 ], [ -6.829676977322597, 33.816597366696598 ], [ -6.828304623768019, 33.817188491040639 ], [ -6.827363505578536, 33.817587975706772 ], [ -6.826186453465982, 33.817635683539912 ], [ -6.827081578931279, 33.817858168061164 ], [ -6.827529701089563, 33.817838620559257 ], [ -6.827598384673578, 33.817941559063975 ], [ -6.829641948540046, 33.81709653923113 ], [ -6.830664729310879, 33.816669946377104 ], [ -6.832497714806816, 33.815902149621081 ] ] ] } },
{ "type": "Feature", "properties": { "fid": 143, "indice": "38", "complement": "", "Consistance": "TN", "num": "T9483", "surface": 10172 }, "geometry": { "type": "Polygon", "coordinates": [ [ [ -6.846501173790443, 33.825038084227273 ], [ -6.845463552931794, 33.824246458656049 ], [ -6.844982780263813, 33.824840080013189 ], [ -6.846031103768419, 33.825625272099927 ], [ -6.846501173790443, 33.825038084227273 ] ] ] } },
{ "type": "Feature", "properties": { "fid": 144, "indice": "38", "complement": "", "Consistance": "TN", "num": "T9484", "surface": 14054 }, "geometry": { "type": "Polygon", "coordinates": [ [ [ -6.845381530688277, 33.824187879056531 ], [ -6.843784004733443, 33.823126718557319 ], [ -6.843681900593171, 33.8231603674678 ], [ -6.843375307603271, 33.823635621248769 ], [ -6.844902888791927, 33.824779671604489 ], [ -6.845381530688277, 33.824187879056531 ] ] ] } },
{ "type": "Feature", "properties": { "fid": 146, "indice": "38", "complement": "", "Consistance": "TN", "num": "T9489", "surface": 10086 }, "geometry": { "type": "Polygon", "coordinates": [ [ [ -6.847330968007737, 33.821776991896357 ], [ -6.846290676330939, 33.821017873458096 ], [ -6.845803684100306, 33.821626001834417 ], [ -6.846859765837745, 33.822359687180118 ], [ -6.847330968007737, 33.821776991896357 ] ] ] } },
{ "type": "Feature", "properties": { "fid": 147, "indice": "38", "complement": "", "Consistance": "TN", "num": "T9491", "surface": 10005 }, "geometry": { "type": "Polygon", "coordinates": [ [ [ -6.846387506873907, 33.82294419660996 ], [ -6.845318845936697, 33.822234103213177 ], [ -6.844833986041308, 33.822841300827676 ], [ -6.845915241570799, 33.823528704146426 ], [ -6.846387506873907, 33.82294419660996 ] ] ] } },
{ "type": "Feature", "properties": { "fid": 148, "indice": "38", "complement": "", "Consistance": "TN", "num": "T9492", "surface": 9989 }, "geometry": { "type": "Polygon", "coordinates": [ [ [ -6.845915241570799, 33.823528704146426 ], [ -6.844833986041308, 33.822841300827676 ], [ -6.844346973442443, 33.823449423174324 ], [ -6.845442954960763, 33.824112308024155 ], [ -6.845915241570799, 33.823528704146426 ] ] ] } },
{ "type": "Feature", "properties": { "fid": 149, "indice": "38", "complement": "", "Consistance": "TN", "num": "T9495", "surface": 10008 }, "geometry": { "type": "Polygon", "coordinates": [ [ [ -6.849321460809569, 33.821514917554254 ], [ -6.848339482975182, 33.820689298284059 ], [ -6.847859814976605, 33.821282017098433 ], [ -6.848850378392346, 33.822103932746273 ], [ -6.849321460809569, 33.821514917554254 ] ] ] } },
{ "type": "Feature", "properties": { "fid": 150, "indice": "38", "complement": "", "Consistance": "TN", "num": "T9496", "surface": 9947 }, "geometry": { "type": "Polygon", "coordinates": [ [ [ -6.848818064037806, 33.820096590038283 ], [ -6.849791516485658, 33.820929520067857 ], [ -6.849321460809569, 33.821514917554254 ], [ -6.848339482975182, 33.820689298284059 ], [ -6.848818064037806, 33.820096590038283 ] ] ] } },
{ "type": "Feature", "properties": { "fid": 151, "indice": "38", "complement": "", "Consistance": "TN", "num": "T9497", "surface": 10020 }, "geometry": { "type": "Polygon", "coordinates": [ [ [ -6.848739239662116, 33.820035269702274 ], [ -6.847766842696657, 33.819199613431174 ], [ -6.847270087364597, 33.819804253418518 ], [ -6.84827653468728, 33.820607951062073 ], [ -6.848739239662116, 33.820035269702274 ] ] ] } },
{ "type": "Feature", "properties": { "fid": 152, "indice": "38", "complement": "", "Consistance": "TN", "num": "T9498", "surface": 10147 }, "geometry": { "type": "Polygon", "coordinates": [ [ [ -6.84827653468728, 33.820607951062073 ], [ -6.847270087364597, 33.819804253418518 ], [ -6.846852782915952, 33.820313268082209 ], [ -6.846776581349388, 33.820409755570147 ], [ -6.847803214310252, 33.821192478684111 ], [ -6.84827653468728, 33.820607951062073 ] ] ] } },
{ "type": "Feature", "properties": { "fid": 153, "indice": "38", "complement": "", "Consistance": "TN", "num": "T9499", "surface": 10124 }, "geometry": { "type": "Polygon", "coordinates": [ [ [ -6.847803214310252, 33.821192478684111 ], [ -6.846776581349388, 33.820409755570147 ], [ -6.846528842711818, 33.820718379851812 ], [ -6.846290676330939, 33.821017873458096 ], [ -6.847330968007737, 33.821776991896357 ], [ -6.847803214310252, 33.821192478684111 ] ] ] } },
{ "type": "Feature", "properties": { "fid": 155, "indice": "R", "complement": "", "Consistance": "TN", "num": "T83945", "surface": 9237 }, "geometry": { "type": "Polygon", "coordinates": [ [ [ -6.848699495321468, 33.803029610601207 ], [ -6.84760220004221, 33.802858327674102 ], [ -6.847458868155228, 33.804180434137514 ], [ -6.847670618117574, 33.804244725601244 ], [ -6.848699495321468, 33.803029610601207 ] ] ] } },
{ "type": "Feature", "properties": { "fid": 156, "indice": "03", "complement": "", "Consistance": "TN", "num": "T83946", "surface": 11083 }, "geometry": { "type": "Polygon", "coordinates": [ [ [ -6.846952241347572, 33.805096361650982 ], [ -6.846196302694657, 33.804922917906161 ], [ -6.845554268745726, 33.804777014509341 ], [ -6.845499170611481, 33.805298073211425 ], [ -6.845448889355644, 33.805783900298373 ], [ -6.845924701917653, 33.805744123031701 ], [ -6.846162822461038, 33.806029990078542 ], [ -6.846952241347572, 33.805096361650982 ] ] ] } },
{ "type": "Feature", "properties": { "fid": 157, "indice": "03", "complement": "", "Consistance": "TN", "num": "T83947", "surface": 9870 }, "geometry": { "type": "Polygon", "coordinates": [ [ [ -6.846952241347572, 33.805096361650982 ], [ -6.847609179814646, 33.804318494664024 ], [ -6.846292562272041, 33.804018056308443 ], [ -6.846196302694657, 33.804922917906161 ], [ -6.846952241347572, 33.805096361650982 ] ] ] } },
{ "type": "Feature", "properties": { "fid": 158, "indice": "03", "complement": "", "Consistance": "TN", "num": "T83948", "surface": 9648 }, "geometry": { "type": "Polygon", "coordinates": [ [ [ -6.845499170611481, 33.805298073211425 ], [ -6.844016538812066, 33.805215997150036 ], [ -6.843931019604891, 33.805988146644495 ], [ -6.845448889355644, 33.805783900298373 ], [ -6.845499170611481, 33.805298073211425 ] ] ] } },
{ "type": "Feature", "properties": { "fid": 159, "indice": "03", "complement": "", "Consistance": "TN", "num": "T83949", "surface": 9847 }, "geometry": { "type": "Polygon", "coordinates": [ [ [ -6.84515139850178, 33.804654499165579 ], [ -6.845244876882195, 33.803776728897006 ], [ -6.844194001544129, 33.803538135443731 ], [ -6.844099881125429, 33.804442970599808 ], [ -6.84515139850178, 33.804654499165579 ] ] ] } },
{ "type": "Feature", "properties": { "fid": 160, "indice": "03", "complement": "", "Consistance": "TN", "num": "T83951", "surface": 9928 }, "geometry": { "type": "Polygon", "coordinates": [ [ [ -6.845554268745726, 33.804777014509341 ], [ -6.846196302694657, 33.804922917906161 ], [ -6.846292562272041, 33.804018056308443 ], [ -6.845244876882195, 33.803776728897006 ], [ -6.84515139850178, 33.804654499165579 ], [ -6.845554268745726, 33.804777014509341 ] ] ] } },
{ "type": "Feature", "properties": { "fid": 161, "indice": "03", "complement": "", "Consistance": "TN", "num": "T83950", "surface": 10119 }, "geometry": { "type": "Polygon", "coordinates": [ [ [ -6.845554268745726, 33.804777014509341 ], [ -6.84515139850178, 33.804654499165579 ], [ -6.844099881125429, 33.804442970599808 ], [ -6.844016538812066, 33.805215997150036 ], [ -6.845499170611481, 33.805298073211425 ], [ -6.845554268745726, 33.804777014509341 ] ] ] } },
{ "type": "Feature", "properties": { "fid": 163, "indice": "R", "complement": "", "Consistance": "TN", "num": "T90638", "surface": 19962 }, "geometry": { "type": "Polygon", "coordinates": [ [ [ -6.810413143230638, 33.81529553347584 ], [ -6.808491188117564, 33.814047277189594 ], [ -6.808581211707601, 33.8137341926926 ], [ -6.80798720613171, 33.813618221366539 ], [ -6.807927750646658, 33.813950803742138 ], [ -6.808429194315797, 33.815158259554131 ], [ -6.809205817272529, 33.815540947346321 ], [ -6.810413143230638, 33.81529553347584 ] ] ] } },
{ "type": "Feature", "properties": { "fid": 174, "indice": "38", "complement": "", "Consistance": "TN", "num": "T30438", "surface": 13294 }, "geometry": { "type": "Polygon", "coordinates": [ [ [ -6.833316728710627, 33.83014697440565 ], [ -6.835145820574616, 33.830569744283913 ], [ -6.835293532853539, 33.829761718589069 ], [ -6.833559021667835, 33.829568761923966 ], [ -6.833316728710627, 33.83014697440565 ] ] ] } },
{ "type": "Feature", "properties": { "fid": 175, "indice": "38", "complement": "", "Consistance": "TN", "num": "T45928", "surface": 9979 }, "geometry": { "type": "Polygon", "coordinates": [ [ [ -6.853133402136375, 33.876725711636034 ], [ -6.852368830463434, 33.876267394330924 ], [ -6.851804228776822, 33.875933922978383 ], [ -6.851403616840219, 33.876356162270049 ], [ -6.851776530560159, 33.876607079349668 ], [ -6.852305326699494, 33.876997787661821 ], [ -6.852641472774968, 33.877248227095791 ], [ -6.853133402136375, 33.876725711636034 ] ] ] } },
{ "type": "Feature", "properties": { "fid": 184, "indice": "38", "complement": "", "Consistance": "TN", "num": "T67799", "surface": 3527 }, "geometry": { "type": "Polygon", "coordinates": [ [ [ -6.903743536241551, 33.914332174602876 ], [ -6.903708171780839, 33.914351539797735 ], [ -6.903131556313415, 33.914788681461467 ], [ -6.903501844673666, 33.915119747022104 ], [ -6.904038161623516, 33.914666853486167 ], [ -6.903743536241551, 33.914332174602876 ] ] ] } },
{ "type": "Feature", "properties": { "fid": 188, "indice": "38", "complement": "", "Consistance": "TN", "num": "T31889", "surface": 15637 }, "geometry": { "type": "Polygon", "coordinates": [ [ [ -6.91212582780843, 33.896004234374949 ], [ -6.910877629646587, 33.895128210952024 ], [ -6.910112064684876, 33.895761584918645 ], [ -6.910075909544672, 33.895797196332317 ], [ -6.91057786372258, 33.896114928351615 ], [ -6.911539234948904, 33.896667021260285 ], [ -6.91212582780843, 33.896004234374949 ] ] ] } },
{ "type": "Feature", "properties": { "fid": 193, "indice": "38", "complement": "", "Consistance": "TN", "num": "T54212", "surface": 3897 }, "geometry": { "type": "Polygon", "coordinates": [ [ [ -6.84578082106947, 33.872062278075887 ], [ -6.845324203915408, 33.872238018463499 ], [ -6.845601843440041, 33.87287427423108 ], [ -6.846109640879201, 33.872915304884941 ], [ -6.84578082106947, 33.872062278075887 ] ] ] } },
{ "type": "Feature", "properties": { "fid": 196, "indice": "38", "complement": "", "Consistance": "TN", "num": "T922", "surface": 84355 }, "geometry": { "type": "Polygon", "coordinates": [ [ [ -6.8242847817563, 33.832115389550836 ], [ -6.823519567223611, 33.832575972703708 ], [ -6.82239986149532, 33.833367985931552 ], [ -6.820899140455216, 33.834390704214897 ], [ -6.820487828173811, 33.833889393741657 ], [ -6.820375131942972, 33.83393757450731 ], [ -6.82029134658157, 33.833969191982177 ], [ -6.820234722831463, 33.834009520199942 ], [ -6.820162566808452, 33.834091513696734 ], [ -6.820095651803792, 33.83416352636754 ], [ -6.820043644306297, 33.83422184070767 ], [ -6.82000124437652, 33.834272830454104 ], [ -6.819965430861232, 33.834330058910211 ], [ -6.819901713161694, 33.834399329360444 ], [ -6.819831408895292, 33.834462361045283 ], [ -6.819756591023067, 33.83451371882304 ], [ -6.819639894663869, 33.834581786829226 ], [ -6.819560445482207, 33.834614256496415 ], [ -6.819459898916423, 33.834678533244826 ], [ -6.819394717776605, 33.834724369803588 ], [ -6.819496543400918, 33.834738546673528 ], [ -6.819572655347601, 33.834766544383704 ], [ -6.819698070379644, 33.834835471117934 ], [ -6.819869561709409, 33.834946265303273 ], [ -6.820006996147884, 33.835023172625988 ], [ -6.82009232684974, 33.835086240671785 ], [ -6.820150598605859, 33.835146910203925 ], [ -6.820194896201448, 33.835212248093406 ], [ -6.820223381995591, 33.835302117730045 ], [ -6.820240385249411, 33.835350628918526 ], [ -6.820279147630153, 33.835407912261807 ], [ -6.820353290436373, 33.835447656982467 ], [ -6.820445832965978, 33.835488996496672 ], [ -6.820604578477471, 33.835480879462423 ], [ -6.820862871758165, 33.835479748420141 ], [ -6.821869555255695, 33.835044396595386 ], [ -6.824000602106667, 33.834167818239756 ], [ -6.825037853664762, 33.833686995577537 ], [ -6.825838558073441, 33.832687544441967 ], [ -6.8242847817563, 33.832115389550836 ] ] ] } },
{ "type": "Feature", "properties": { "fid": 200, "indice": "38", "complement": "", "Consistance": "TN", "num": "T92884", "surface": 10217 }, "geometry": { "type": "Polygon", "coordinates": [ [ [ -6.855468676271281, 33.848641385992202 ], [ -6.855939168943177, 33.849045386397172 ], [ -6.857731037424596, 33.848311985209115 ], [ -6.857418686193654, 33.847862855683672 ], [ -6.856332585196517, 33.848524900200935 ], [ -6.856121861806572, 33.848270303310393 ], [ -6.855468676271281, 33.848641385992202 ] ] ] } },
{ "type": "Feature", "properties": { "fid": 201, "indice": "38", "complement": "", "Consistance": "TN", "num": "T55812", "surface": 2501 }, "geometry": { "type": "Polygon", "coordinates": [ [ [ -6.852321780250481, 33.846426749570014 ], [ -6.851813253037494, 33.846527357398649 ], [ -6.851795854587553, 33.846974917821512 ], [ -6.852414903217716, 33.846825224087326 ], [ -6.852321780250481, 33.846426749570014 ] ] ] } },
{ "type": "Feature", "properties": { "fid": 203, "indice": "38", "complement": "", "Consistance": "TN", "num": "T60279", "surface": 4344 }, "geometry": { "type": "Polygon", "coordinates": [ [ [ -6.856332585196517, 33.848524900200935 ], [ -6.857418686193654, 33.847862855683672 ], [ -6.857232501448658, 33.847589034016693 ], [ -6.856121861806572, 33.848270303310393 ], [ -6.856332585196517, 33.848524900200935 ] ] ] } },
{ "type": "Feature", "properties": { "fid": 204, "indice": "38", "complement": "", "Consistance": "TN", "num": "T119354", "surface": 29224 }, "geometry": { "type": "Polygon", "coordinates": [ [ [ -6.855743766414985, 33.849125227364894 ], [ -6.855939168943177, 33.849045386397172 ], [ -6.855468676271281, 33.848641385992202 ], [ -6.855141038333598, 33.848829193004399 ], [ -6.854124717607837, 33.849399310700875 ], [ -6.853700331422795, 33.849619806370193 ], [ -6.85283324228384, 33.850129552851676 ], [ -6.853008044578132, 33.850499117718371 ], [ -6.853224126040688, 33.850815890622606 ], [ -6.852886284197434, 33.851040789194137 ], [ -6.852974553454069, 33.851147995415886 ], [ -6.853939205187087, 33.850589311622386 ], [ -6.854906021165046, 33.850031496894225 ], [ -6.854810482416105, 33.849877476098811 ], [ -6.855100226991847, 33.849750540423756 ], [ -6.855324495827446, 33.849651424005494 ], [ -6.855720481335256, 33.849478153849461 ], [ -6.855932307348736, 33.849410748778986 ], [ -6.855743766414985, 33.849125227364894 ] ] ] } },
{ "type": "Feature", "properties": { "fid": 209, "indice": "38", "complement": "", "Consistance": "TN", "num": "T54722", "surface": 6554 }, "geometry": { "type": "Polygon", "coordinates": [ [ [ -6.854451401671607, 33.84850710862333 ], [ -6.853836591135011, 33.848911107801719 ], [ -6.853218005751762, 33.849283580092823 ], [ -6.852640002974213, 33.84962671600762 ], [ -6.852739203909845, 33.849870889036012 ], [ -6.852743737679824, 33.849883463409583 ], [ -6.853240792258997, 33.84961252036755 ], [ -6.853928801512823, 33.849189634653449 ], [ -6.854674652938263, 33.848735406500147 ], [ -6.854451401671607, 33.84850710862333 ] ] ] } },
{ "type": "Feature", "properties": { "fid": 212, "indice": "38", "complement": "IC", "Consistance": "TN", "num": "T33754", "surface": 12573 }, "geometry": { "type": "Polygon", "coordinates": [ [ [ -6.833003563928812, 33.835021910908139 ], [ -6.833549245002769, 33.833701538213845 ], [ -6.832823600057702, 33.833346376572074 ], [ -6.83219888096218, 33.834724473328507 ], [ -6.833003563928812, 33.835021910908139 ] ] ] } },
{ "type": "Feature", "properties": { "fid": 213, "indice": "38", "complement": "", "Consistance": "TN", "num": "T37375", "surface": 10014 }, "geometry": { "type": "Polygon", "coordinates": [ [ [ -6.833823692764244, 33.833040881292575 ], [ -6.83399206234014, 33.832633079941203 ], [ -6.832753201502285, 33.831498218097181 ], [ -6.832440829419587, 33.83221883511915 ], [ -6.833823692764244, 33.833040881292575 ] ] ] } },
{ "type": "Feature", "properties": { "fid": 214, "indice": "38", "complement": "", "Consistance": "TN", "num": "T37376", "surface": 12808 }, "geometry": { "type": "Polygon", "coordinates": [ [ [ -6.833549245002769, 33.833701538213845 ], [ -6.833823692764244, 33.833040881292575 ], [ -6.832440829419587, 33.83221883511915 ], [ -6.832105525017784, 33.832991124040937 ], [ -6.832823600057702, 33.833346376572074 ], [ -6.833549245002769, 33.833701538213845 ] ] ] } },
{ "type": "Feature", "properties": { "fid": 225, "indice": "38", "complement": "", "Consistance": "TN", "num": "R912", "surface": 17571 }, "geometry": { "type": "Polygon", "coordinates": [ [ [ -6.855663493932138, 33.873416899226712 ], [ -6.854469437051756, 33.87190924129186 ], [ -6.854350785147389, 33.871796978296253 ], [ -6.854142451585717, 33.871947316047219 ], [ -6.853477917034897, 33.871261459026663 ], [ -6.853422293308832, 33.87136221903954 ], [ -6.853385661448797, 33.871434798680077 ], [ -6.85331338824751, 33.871574534862823 ], [ -6.853295477244523, 33.871602702634974 ], [ -6.854113793452189, 33.872561860104298 ], [ -6.855117637008277, 33.873751550685611 ], [ -6.855379845768495, 33.873589761532642 ], [ -6.855663493932138, 33.873416899226712 ] ] ] } },
{ "type": "Feature", "properties": { "fid": 228, "indice": "03", "complement": "", "Consistance": "TN", "num": "T103627", "surface": 19874 }, "geometry": { "type": "Polygon", "coordinates": [ [ [ -6.853246212478304, 33.841907245559412 ], [ -6.854365146757465, 33.842373163394434 ], [ -6.855632219045226, 33.840966735364852 ], [ -6.854233002349201, 33.840803530996546 ], [ -6.853246212478304, 33.841907245559412 ] ] ] } },
{ "type": "Feature", "properties": { "fid": 229, "indice": "03", "complement": "", "Consistance": "TN", "num": "T103626", "surface": 20179 }, "geometry": { "type": "Polygon", "coordinates": [ [ [ -6.856035529346912, 33.841880208969535 ], [ -6.856276602277729, 33.84104221036484 ], [ -6.855632219045226, 33.840966735364852 ], [ -6.854365146757465, 33.842373163394434 ], [ -6.854072857174801, 33.842734630333084 ], [ -6.854740113813581, 33.843078623634142 ], [ -6.855014034448153, 33.842782308138283 ], [ -6.856035529346912, 33.841880208969535 ] ] ] } },
{ "type": "Feature", "properties": { "fid": 230, "indice": "03", "complement": "", "Consistance": "TN", "num": "T103628", "surface": 30402 }, "geometry": { "type": "Polygon", "coordinates": [ [ [ -6.854072857174801, 33.842734630333084 ], [ -6.854365146757465, 33.842373163394434 ], [ -6.853246212478304, 33.841907245559412 ], [ -6.852511278912565, 33.842753681117252 ], [ -6.852463051700677, 33.842713654297725 ], [ -6.851497756596611, 33.843812594525822 ], [ -6.852354914564528, 33.844136357309083 ], [ -6.852599875801889, 33.843788071551259 ], [ -6.853054756852234, 33.844036229885795 ], [ -6.854072857174801, 33.842734630333084 ] ] ] } },
{ "type": "Feature", "properties": { "fid": 232, "indice": "38", "complement": "", "Consistance": "TN", "num": "T26290", "surface": 21034 }, "geometry": { "type": "Polygon", "coordinates": [ [ [ -6.914284721666535, 33.892342462848546 ], [ -6.913459601916619, 33.89141444306383 ], [ -6.912895245504705, 33.890803448827143 ], [ -6.912362661637072, 33.890402216868949 ], [ -6.911836393878227, 33.890986712024215 ], [ -6.911806713431115, 33.891021343865425 ], [ -6.912284607424468, 33.891324929199548 ], [ -6.912941780830543, 33.891862649647706 ], [ -6.913486616517398, 33.892345806160883 ], [ -6.914077674442764, 33.892936632092187 ], [ -6.914465618223269, 33.892607243525219 ], [ -6.914284721666535, 33.892342462848546 ] ] ] } },
{ "type": "Feature", "properties": { "fid": 234, "indice": "38", "complement": "", "Consistance": "TN", "num": "T30167", "surface": 4509 }, "geometry": { "type": "Polygon", "coordinates": [ [ [ -6.83051446955458, 33.89363672300918 ], [ -6.830498738926138, 33.893666666072576 ], [ -6.830470358540604, 33.893716595898063 ], [ -6.830411463861501, 33.893752443915872 ], [ -6.830387778494311, 33.893759028098543 ], [ -6.83036941080542, 33.893760139992409 ], [ -6.830335815638492, 33.893756014465517 ], [ -6.830266433021507, 33.893745984613645 ], [ -6.830195657845294, 33.893717030414287 ], [ -6.830119565023328, 33.893693548448688 ], [ -6.830059692090199, 33.893669881054556 ], [ -6.829975926351474, 33.89364017328986 ], [ -6.829923933943586, 33.893635355993233 ], [ -6.829864550098875, 33.893641446130054 ], [ -6.829762328203481, 33.893673279392374 ], [ -6.829707506677693, 33.893693747968612 ], [ -6.829601181597537, 33.893739156714986 ], [ -6.829514335065175, 33.893785244743064 ], [ -6.829527207259491, 33.893778784268981 ], [ -6.830301336916139, 33.894224502748003 ], [ -6.830403188669017, 33.89417012540185 ], [ -6.830489488338463, 33.894222351799016 ], [ -6.830851356313292, 33.893800627224671 ], [ -6.83079348265167, 33.893767016244439 ], [ -6.830512765592082, 33.893598862034111 ], [ -6.83051446955458, 33.89363672300918 ] ] ] } },
{ "type": "Feature", "properties": { "fid": 235, "indice": "38", "complement": "", "Consistance": "TN", "num": "T60693", "surface": 3945 }, "geometry": { "type": "Polygon", "coordinates": [ [ [ -6.854033059919488, 33.874460447912767 ], [ -6.853799415578377, 33.874261132456688 ], [ -6.853217954865897, 33.873824141975888 ], [ -6.852854896235486, 33.873515391424327 ], [ -6.852470740680339, 33.873108575011202 ], [ -6.852492986640113, 33.872951381831129 ], [ -6.852254707375201, 33.872668238306467 ], [ -6.852153436071935, 33.872755096833217 ], [ -6.85234525724898, 33.872975645228266 ], [ -6.852224782311819, 33.87307805947728 ], [ -6.852710577387246, 33.873614475353143 ], [ -6.853933588929928, 33.87452564071603 ], [ -6.854033059919488, 33.874460447912767 ] ] ] } },
{ "type": "Feature", "properties": { "fid": 238, "indice": "38", "complement": "", "Consistance": "TN", "num": "R2120", "surface": 64950 }, "geometry": { "type": "Polygon", "coordinates": [ [ [ -6.846780399398627, 33.851081812921002 ], [ -6.846670265403312, 33.851024461523089 ], [ -6.847312047235475, 33.850224238697656 ], [ -6.847583194335638, 33.849888287866875 ], [ -6.847545714453985, 33.849779588070042 ], [ -6.846582498884202, 33.848930291666186 ], [ -6.846091965164619, 33.848553546241654 ], [ -6.845589005653606, 33.848209412056967 ], [ -6.845031580471084, 33.848426004449678 ], [ -6.845068939558294, 33.848788148997563 ], [ -6.845231446463007, 33.849070379269939 ], [ -6.845307909051242, 33.849443796867533 ], [ -6.845245099154224, 33.850218379242541 ], [ -6.844933945678181, 33.851010261903212 ], [ -6.844880689687461, 33.851253496441288 ], [ -6.844820963581288, 33.851497707614399 ], [ -6.844780847779257, 33.851620833560204 ], [ -6.844748462082253, 33.851753791414559 ], [ -6.845817323518596, 33.852259146614522 ], [ -6.846780399398627, 33.851081812921002 ] ] ] } },
{ "type": "Feature", "properties": { "fid": 242, "indice": "38", "complement": "", "Consistance": "TN", "num": "T67504", "surface": 3688 }, "geometry": { "type": "Polygon", "coordinates": [ [ [ -6.854129317651523, 33.874397096228293 ], [ -6.854070020315838, 33.874342768129083 ], [ -6.854009702234841, 33.874292059563679 ], [ -6.853885627223478, 33.874178957296856 ], [ -6.853506378756056, 33.873872200643433 ], [ -6.853447142402799, 33.873821479237186 ], [ -6.853423027498623, 33.873801917090482 ], [ -6.853327543658162, 33.873717343649474 ], [ -6.852987006866551, 33.873397508712067 ], [ -6.852921073985863, 33.873334237895939 ], [ -6.852782707065686, 33.873206869737821 ], [ -6.852600240128471, 33.873028603841597 ], [ -6.852570504579558, 33.872866602714303 ], [ -6.852358170687366, 33.872583158091764 ], [ -6.852254707375201, 33.872668238306467 ], [ -6.852492986640113, 33.872951381831129 ], [ -6.852470740680339, 33.873108575011202 ], [ -6.852854896235486, 33.873515391424327 ], [ -6.853217954865897, 33.873824141975888 ], [ -6.853799415578377, 33.874261132456688 ], [ -6.854033059919488, 33.874460447912767 ], [ -6.854129317651523, 33.874397096228293 ] ] ] } },
{ "type": "Feature", "properties": { "fid": 247, "indice": "38", "complement": "", "Consistance": "TN", "num": "R2206", "surface": 10540 }, "geometry": { "type": "Polygon", "coordinates": [ [ [ -6.908921558812271, 33.910372657523531 ], [ -6.909142760600027, 33.910153529396602 ], [ -6.906695120873745, 33.908112213452512 ], [ -6.906395254221636, 33.908286286412412 ], [ -6.908921558812271, 33.910372657523531 ] ] ] } },
{ "type": "Feature", "properties": { "fid": 248, "indice": "38", "complement": "", "Consistance": "TN", "num": "R2239", "surface": 29270 }, "geometry": { "type": "Polygon", "coordinates": [ [ [ -6.90837022511152, 33.910954728811561 ], [ -6.908772789055478, 33.910526875682841 ], [ -6.908865207950664, 33.910429255994174 ], [ -6.908921558812271, 33.910372657523531 ], [ -6.906395254221636, 33.908286286412412 ], [ -6.906257115408832, 33.908367318168928 ], [ -6.905925852528616, 33.908102532691096 ], [ -6.905814766491814, 33.908184140333397 ], [ -6.905455796081226, 33.908505935174311 ], [ -6.906003974568173, 33.908928653399798 ], [ -6.90709896191984, 33.909881427621677 ], [ -6.90837022511152, 33.910954728811561 ] ] ] } },
{ "type": "Feature", "properties": { "fid": 254, "indice": "38", "complement": "", "Consistance": "TN", "num": "R215", "surface": 12682 }, "geometry": { "type": "Polygon", "coordinates": [ [ [ -6.926652879923267, 33.905896021393609 ], [ -6.925991217679049, 33.905236668257103 ], [ -6.924977334733093, 33.904414748531934 ], [ -6.924634710961352, 33.904676873677467 ], [ -6.92439457709764, 33.904861987775448 ], [ -6.925109504188946, 33.905352040394774 ], [ -6.925730099255628, 33.905828808336402 ], [ -6.925966751331147, 33.905630205339129 ], [ -6.926465548834535, 33.906069672125938 ], [ -6.926652879923267, 33.905896021393609 ] ] ] } },
{ "type": "Feature", "properties": { "fid": 256, "indice": "R", "complement": "", "Consistance": "TN", "num": "R24129", "surface": 14085 }, "geometry": { "type": "Polygon", "coordinates": [ [ [ -6.935356223248686, 33.911230847031007 ], [ -6.933722206525109, 33.909971956454157 ], [ -6.933473822646377, 33.910179736880082 ], [ -6.933851984550657, 33.910461012090998 ], [ -6.935874241700677, 33.912141746317992 ], [ -6.936471610663394, 33.912583571240795 ], [ -6.936722663810541, 33.912281952276729 ], [ -6.935356223248686, 33.911230847031007 ] ] ] } },
{ "type": "Feature", "properties": { "fid": 258, "indice": "R", "complement": "", "Consistance": "TN", "num": "R27050", "surface": 2999 }, "geometry": { "type": "Polygon", "coordinates": [ [ [ -6.932809950595177, 33.909215596732565 ], [ -6.93254143113055, 33.909447071995345 ], [ -6.933232695397014, 33.91000140478026 ], [ -6.933465747489985, 33.909782989612538 ], [ -6.932809950595177, 33.909215596732565 ] ] ] } },
{ "type": "Feature", "properties": { "fid": 259, "indice": "38", "complement": "", "Consistance": "TN", "num": "R307", "surface": 9908 }, "geometry": { "type": "Polygon", "coordinates": [ [ [ -6.937011242500581, 33.890286737516732 ], [ -6.936734730070713, 33.890490362510839 ], [ -6.936583761992824, 33.890331673211826 ], [ -6.936458465370334, 33.890463089838917 ], [ -6.937415726867785, 33.891082681430625 ], [ -6.93830847300364, 33.891661570209429 ], [ -6.938397435458899, 33.891554950628539 ], [ -6.938649901160264, 33.891275855658122 ], [ -6.937011242500581, 33.890286737516732 ] ] ] } },
{ "type": "Feature", "properties": { "fid": 260, "indice": "38", "complement": "", "Consistance": "TN", "num": "T112569", "surface": 4197 }, "geometry": { "type": "Polygon", "coordinates": [ [ [ -6.938610423074132, 33.900297427889605 ], [ -6.939071405042111, 33.900737310624308 ], [ -6.939159661342657, 33.90065144393909 ], [ -6.938934406057848, 33.900513513895199 ], [ -6.939671256173461, 33.899855963870074 ], [ -6.939311827524661, 33.899653844690668 ], [ -6.938610423074132, 33.900297427889605 ] ] ] } },
{ "type": "Feature", "properties": { "fid": 261, "indice": "38", "complement": "", "Consistance": "TN", "num": "R356", "surface": 9856 }, "geometry": { "type": "Polygon", "coordinates": [ [ [ -6.942204155314188, 33.893739460515349 ], [ -6.941440825520259, 33.893081439107846 ], [ -6.941194281351081, 33.892778722142417 ], [ -6.941291097979401, 33.892688238500682 ], [ -6.940689052942068, 33.892220336558992 ], [ -6.940386674312519, 33.892001283039427 ], [ -6.940197285850775, 33.892177686979821 ], [ -6.940118946337856, 33.892273353921126 ], [ -6.941003843475638, 33.892956944041565 ], [ -6.941309156276421, 33.893219252525846 ], [ -6.941121407319313, 33.893427205112339 ], [ -6.941897468521026, 33.894010211378294 ], [ -6.942204155314188, 33.893739460515349 ] ] ] } },
{ "type": "Feature", "properties": { "fid": 263, "indice": "38", "complement": "P1", "Consistance": "TN", "num": "T17015", "surface": 12863 }, "geometry": { "type": "Polygon", "coordinates": [ [ [ -6.943233669234568, 33.902819103968774 ], [ -6.944904256046081, 33.90424878806126 ], [ -6.945131031050717, 33.904044858505323 ], [ -6.943743852975063, 33.902737951051655 ], [ -6.943179372930856, 33.902319204219133 ], [ -6.943032416428539, 33.902205569816623 ], [ -6.942533631624126, 33.901709346166633 ], [ -6.942236874229368, 33.901992601359765 ], [ -6.943233669234568, 33.902819103968774 ] ] ] } },
{ "type": "Feature", "properties": { "fid": 265, "indice": "R", "complement": "", "Consistance": "TN", "num": "R38696", "surface": 17428 }, "geometry": { "type": "Polygon", "coordinates": [ [ [ -6.935570932739298, 33.910831366485105 ], [ -6.934043384701842, 33.909659562007256 ], [ -6.933722206525109, 33.909971956454157 ], [ -6.935356223248686, 33.911230847031007 ], [ -6.936722663810541, 33.912281952276729 ], [ -6.937063402963514, 33.911974721643212 ], [ -6.935570932739298, 33.910831366485105 ] ] ] } },
{ "type": "Feature", "properties": { "fid": 268, "indice": "38", "complement": "", "Consistance": "TN", "num": "T104556", "surface": 3527 }, "geometry": { "type": "Polygon", "coordinates": [ [ [ -6.929166841565098, 33.922518402270079 ], [ -6.929042964654264, 33.922426116118494 ], [ -6.928906714483994, 33.922553147238617 ], [ -6.928763847114354, 33.922673043674713 ], [ -6.928599520247248, 33.922803123125796 ], [ -6.928815941597167, 33.922928552253644 ], [ -6.929166804476439, 33.923131707394326 ], [ -6.929586396960886, 33.922874945087671 ], [ -6.929166841565098, 33.922518402270079 ] ] ] } },
{ "type": "Feature", "properties": { "fid": 271, "indice": "28", "complement": "", "Consistance": "TN", "num": "T29729", "surface": 2635 }, "geometry": { "type": "Polygon", "coordinates": [ [ [ -6.933610539762756, 33.908362489593607 ], [ -6.933392681154856, 33.908522093983557 ], [ -6.934099513584242, 33.909161914113838 ], [ -6.934314780113675, 33.908977988374637 ], [ -6.933610539762756, 33.908362489593607 ] ] ] } },
{ "type": "Feature", "properties": { "fid": 273, "indice": "R", "complement": "", "Consistance": "TN", "num": "R40093", "surface": 25143 }, "geometry": { "type": "Polygon", "coordinates": [ [ [ -6.941083374731187, 33.893478181604259 ], [ -6.941121407319313, 33.893427205112339 ], [ -6.941309156276421, 33.893219252525846 ], [ -6.941003843475638, 33.892956944041565 ], [ -6.940118946337856, 33.892273353921126 ], [ -6.939291421406462, 33.893059196721012 ], [ -6.938944183864819, 33.893422435964794 ], [ -6.940134217156676, 33.894297095197523 ], [ -6.941083374731187, 33.893478181604259 ] ] ] } },
{ "type": "Feature", "properties": { "fid": 274, "indice": "03", "complement": "", "Consistance": "TN", "num": "R40095", "surface": 16628 }, "geometry": { "type": "Polygon", "coordinates": [ [ [ -6.942370617204705, 33.899530495436615 ], [ -6.943027461730533, 33.899059708300207 ], [ -6.942814477360167, 33.898881948993363 ], [ -6.94270795352462, 33.898791265738431 ], [ -6.942413491650465, 33.899020377796958 ], [ -6.940921531459066, 33.897775159063272 ], [ -6.9406457388562, 33.898020271815341 ], [ -6.940409300627898, 33.898227920403521 ], [ -6.942201373549856, 33.899623676156047 ], [ -6.942370617204705, 33.899530495436615 ] ] ] } },
{ "type": "Feature", "properties": { "fid": 277, "indice": "38", "complement": "", "Consistance": "TN", "num": "T99857", "surface": 5532 }, "geometry": { "type": "Polygon", "coordinates": [ [ [ -6.922677887319518, 33.901829875987936 ], [ -6.921789333439784, 33.901181378537501 ], [ -6.921244812723546, 33.900783937408349 ], [ -6.921213528874322, 33.901221751095797 ], [ -6.922287591239434, 33.901963599901023 ], [ -6.92242891031082, 33.901818474643697 ], [ -6.922574458009823, 33.901915013497756 ], [ -6.922677887319518, 33.901829875987936 ] ] ] } },
{ "type": "Feature", "properties": { "fid": 278, "indice": "38", "complement": "", "Consistance": "TN", "num": "R468", "surface": 21651 }, "geometry": { "type": "Polygon", "coordinates": [ [ [ -6.942021312623758, 33.892576421106234 ], [ -6.941763156103899, 33.892228751829791 ], [ -6.941231027758124, 33.891739246469541 ], [ -6.940689052942068, 33.892220336558992 ], [ -6.941291097979401, 33.892688238500682 ], [ -6.941194281351081, 33.892778722142417 ], [ -6.941440825520259, 33.893081439107846 ], [ -6.942204155314188, 33.893739460515349 ], [ -6.941897468521026, 33.894010211378294 ], [ -6.941932453977605, 33.894031426538312 ], [ -6.942237026068739, 33.893763407445313 ], [ -6.942634118758583, 33.894077795219943 ], [ -6.942874929594007, 33.893873695726256 ], [ -6.943184064743206, 33.894107090788651 ], [ -6.943211699072642, 33.8940796920728 ], [ -6.942904742553647, 33.893847172140674 ], [ -6.943245573390333, 33.893489412374706 ], [ -6.942021312623758, 33.892576421106234 ] ] ] } },
{ "type": "Feature", "properties": { "fid": 279, "indice": "38", "complement": "", "Consistance": "TN", "num": "T29086", "surface": 10120 }, "geometry": { "type": "Polygon", "coordinates": [ [ [ -6.924963587559064, 33.885610644440916 ], [ -6.924579477022402, 33.885290631158135 ], [ -6.924301822789146, 33.885491536984553 ], [ -6.923205651775167, 33.884649858543725 ], [ -6.922965088621163, 33.884869250358271 ], [ -6.922312513506357, 33.884471324320259 ], [ -6.922328563890495, 33.884647005301588 ], [ -6.923973499881487, 33.88563984554083 ], [ -6.924447273205682, 33.886077822821541 ], [ -6.924963587559064, 33.885610644440916 ] ] ] } },
{ "type": "Feature", "properties": { "fid": 285, "indice": "38", "complement": "", "Consistance": "TN", "num": "R568", "surface": 7829 }, "geometry": { "type": "Polygon", "coordinates": [ [ [ -6.928548520620338, 33.914359971912688 ], [ -6.928391607012273, 33.914233815492111 ], [ -6.928266534425099, 33.914134327691535 ], [ -6.928156825755458, 33.914047279062316 ], [ -6.928081105042869, 33.913985971066076 ], [ -6.928037209026468, 33.91395043017711 ], [ -6.927575300634354, 33.913581771728886 ], [ -6.927470193641468, 33.913448668340159 ], [ -6.927099595746251, 33.913905955477368 ], [ -6.927426571410872, 33.914168031989917 ], [ -6.928144225974973, 33.914746421812097 ], [ -6.928548520620338, 33.914359971912688 ] ] ] } },
{ "type": "Feature", "properties": { "fid": 286, "indice": "38", "complement": "P1", "Consistance": "TN", "num": "R576", "surface": 7269 }, "geometry": { "type": "Polygon", "coordinates": [ [ [ -6.925405116723327, 33.884393969892578 ], [ -6.923937647247445, 33.882851514797892 ], [ -6.923889373341311, 33.882873749160574 ], [ -6.924674896542041, 33.883700267686471 ], [ -6.924336409649629, 33.88394701162872 ], [ -6.924186938491872, 33.884057064365969 ], [ -6.924874431270457, 33.884781053807039 ], [ -6.925405116723327, 33.884393969892578 ] ] ] } },
{ "type": "Feature", "properties": { "fid": 288, "indice": "38", "complement": "", "Consistance": "TN", "num": "T112456", "surface": 3695 }, "geometry": { "type": "Polygon", "coordinates": [ [ [ -6.933227449808689, 33.906327933578929 ], [ -6.933079116162351, 33.906197168032513 ], [ -6.933149666455906, 33.90614940362898 ], [ -6.932710949140841, 33.905806635056813 ], [ -6.932584834040114, 33.905708967986783 ], [ -6.932806488638748, 33.905519554773235 ], [ -6.932707807349206, 33.905444099895121 ], [ -6.932257658997082, 33.905803166971644 ], [ -6.932478097781913, 33.905974539005889 ], [ -6.932921538094773, 33.906339798625311 ], [ -6.93274797579828, 33.906496153651524 ], [ -6.932897216156607, 33.906616987304062 ], [ -6.933227449808689, 33.906327933578929 ] ] ] } },
{ "type": "Feature", "properties": { "fid": 289, "indice": "38", "complement": "", "Consistance": "TN", "num": "R595", "surface": 3097 }, "geometry": { "type": "Polygon", "coordinates": [ [ [ -6.934046350518415, 33.907926028363839 ], [ -6.933808406148497, 33.908173366357872 ], [ -6.934446691017552, 33.908729243912823 ], [ -6.93471272206827, 33.908479756455478 ], [ -6.934046350518415, 33.907926028363839 ] ] ] } },
{ "type": "Feature", "properties": { "fid": 292, "indice": "38", "complement": "", "Consistance": "TN", "num": "T26198", "surface": 16231 }, "geometry": { "type": "Polygon", "coordinates": [ [ [ -6.920097019940525, 33.877619239559984 ], [ -6.920347243075915, 33.877458360718322 ], [ -6.920517217283212, 33.877346259171553 ], [ -6.921151457702502, 33.876946208155971 ], [ -6.921043498629921, 33.876584944269759 ], [ -6.920075279514018, 33.877179361129869 ], [ -6.919076407956199, 33.87589451695662 ], [ -6.918551981006852, 33.876267068544557 ], [ -6.91984999197502, 33.877777373267435 ], [ -6.920097019940525, 33.877619239559984 ] ] ] } },
{ "type": "Feature", "properties": { "fid": 295, "indice": "38", "complement": "", "Consistance": "TN", "num": "T97650", "surface": 14246 }, "geometry": { "type": "Polygon", "coordinates": [ [ [ -6.929489698270396, 33.904946829671033 ], [ -6.929408593149962, 33.904886490105518 ], [ -6.929083219133819, 33.904652358365233 ], [ -6.929002098722418, 33.904591116799459 ], [ -6.927123061951414, 33.903226000593207 ], [ -6.926800653754416, 33.903406712005882 ], [ -6.926935088679174, 33.903547575712459 ], [ -6.927506203890154, 33.904040271578708 ], [ -6.92800385979104, 33.904414807847978 ], [ -6.929381081102909, 33.90541355009109 ], [ -6.929692204552681, 33.905144581552548 ], [ -6.929489698270396, 33.904946829671033 ] ] ] } },
{ "type": "Feature", "properties": { "fid": 296, "indice": "38", "complement": "", "Consistance": "TN", "num": "R718", "surface": 2508 }, "geometry": { "type": "Polygon", "coordinates": [ [ [ -6.928467506303425, 33.905192917643681 ], [ -6.927899590748772, 33.904698383285599 ], [ -6.927654436533449, 33.904905211197004 ], [ -6.928277026692897, 33.905433352025085 ], [ -6.928465390925222, 33.905195649253891 ], [ -6.928467506303425, 33.905192917643681 ] ] ] } },
{ "type": "Feature", "properties": { "fid": 297, "indice": "38", "complement": "", "Consistance": "TN", "num": "T38030", "surface": 3881 }, "geometry": { "type": "Polygon", "coordinates": [ [ [ -6.931477301326932, 33.903626454417633 ], [ -6.931621246860731, 33.903508344314147 ], [ -6.930919957615896, 33.90305694424989 ], [ -6.930558915304974, 33.902824154529313 ], [ -6.930295480721146, 33.903097953931436 ], [ -6.930776477550609, 33.903447429206196 ], [ -6.930919900128179, 33.903299562783332 ], [ -6.931425025409943, 33.90366768081492 ], [ -6.931477301326932, 33.903626454417633 ] ] ] } },
{ "type": "Feature", "properties": { "fid": 298, "indice": "38", "complement": "", "Consistance": "TN", "num": "R908", "surface": 9520 }, "geometry": { "type": "Polygon", "coordinates": [ [ [ -6.931854701089501, 33.902146285313961 ], [ -6.932261337612691, 33.901774222955197 ], [ -6.932007036969633, 33.901583422643327 ], [ -6.931942598889788, 33.901548134527047 ], [ -6.93178237055444, 33.901724167687526 ], [ -6.931675313065051, 33.901664147231052 ], [ -6.931586814250198, 33.901613820711816 ], [ -6.931497234131323, 33.90156350736455 ], [ -6.931557588558421, 33.9014897126916 ], [ -6.931469105861436, 33.901440287817479 ], [ -6.931378444585021, 33.901389987617399 ], [ -6.931437669973133, 33.901313501038032 ], [ -6.931457692852629, 33.901283492436107 ], [ -6.931025379261273, 33.901056987804466 ], [ -6.930538486545313, 33.901601393733344 ], [ -6.931490455164119, 33.902161566939611 ], [ -6.931695044895028, 33.902293449694206 ], [ -6.931854701089501, 33.902146285313961 ] ] ] } },
{ "type": "Feature", "properties": { "fid": 299, "indice": "03", "complement": "", "Consistance": "TN", "num": "T100162", "surface": 12312 }, "geometry": { "type": "Polygon", "coordinates": [ [ [ -6.921372476345539, 33.853217206514323 ], [ -6.920887949566461, 33.853575758014905 ], [ -6.92201700932943, 33.854838265561156 ], [ -6.922705995765845, 33.854425810096316 ], [ -6.921372476345539, 33.853217206514323 ] ] ] } },
{ "type": "Feature", "properties": { "fid": 300, "indice": "38", "complement": "", "Consistance": "TN", "num": "T1002", "surface": 24628 }, "geometry": { "type": "Polygon", "coordinates": [ [ [ -6.934678926496492, 33.870568457883337 ], [ -6.935148786260076, 33.870234387715371 ], [ -6.935133349839286, 33.870217440385822 ], [ -6.934016807072439, 33.869319281481907 ], [ -6.93396210521513, 33.869282972962388 ], [ -6.933331011405036, 33.870039317323304 ], [ -6.93308608361873, 33.869945812396217 ], [ -6.933002176519987, 33.87003162269864 ], [ -6.932581509890113, 33.87045798135216 ], [ -6.932455312195116, 33.870659757114623 ], [ -6.93371132924825, 33.871066468746214 ], [ -6.934678926496492, 33.870568457883337 ] ] ] } },
{ "type": "Feature", "properties": { "fid": 302, "indice": "03", "complement": "", "Consistance": "TN", "num": "T103713", "surface": 17517 }, "geometry": { "type": "Polygon", "coordinates": [ [ [ -6.926369243298952, 33.855140586853786 ], [ -6.926515365648666, 33.855274094229223 ], [ -6.926655025337933, 33.855162352902077 ], [ -6.925910683369408, 33.854513021413609 ], [ -6.925320801397093, 33.853979053804231 ], [ -6.924403873960358, 33.854523279837188 ], [ -6.924950780224687, 33.85501087485973 ], [ -6.925674567581459, 33.855659560731389 ], [ -6.926369243298952, 33.855140586853786 ] ] ] } },
{ "type": "Feature", "properties": { "fid": 303, "indice": "03", "complement": "", "Consistance": "TN", "num": "T103714", "surface": 8396 }, "geometry": { "type": "Polygon", "coordinates": [ [ [ -6.924365127319706, 33.853113119217369 ], [ -6.924192646317259, 33.85295557820961 ], [ -6.92378281412187, 33.852578150142797 ], [ -6.922860866382313, 33.853144072887709 ], [ -6.923452794550658, 33.853672615431897 ], [ -6.924365127319706, 33.853113119217369 ] ] ] } },
{ "type": "Feature", "properties": { "fid": 304, "indice": "03", "complement": "", "Consistance": "TN", "num": "T103715", "surface": 9785 }, "geometry": { "type": "Polygon", "coordinates": [ [ [ -6.928660881377706, 33.85691376916914 ], [ -6.927951650458429, 33.856295588531545 ], [ -6.927100162119653, 33.856934639811428 ], [ -6.927693270134308, 33.857465853664259 ], [ -6.928270640378184, 33.857223393723309 ], [ -6.928660881377706, 33.85691376916914 ] ] ] } },
{ "type": "Feature", "properties": { "fid": 306, "indice": "03", "complement": "", "Consistance": "TN", "num": "T103744", "surface": 2847 }, "geometry": { "type": "Polygon", "coordinates": [ [ [ -6.927195683395048, 33.93127212473766 ], [ -6.927588620952715, 33.930480859475054 ], [ -6.927267963909528, 33.930397286405928 ], [ -6.926906326754006, 33.931060998737074 ], [ -6.927195683395048, 33.93127212473766 ] ] ] } },
{ "type": "Feature", "properties": { "fid": 310, "indice": "03", "complement": "", "Consistance": "TN", "num": "T105881", "surface": 2844 }, "geometry": { "type": "Polygon", "coordinates": [ [ [ -6.926906326754006, 33.931060998737074 ], [ -6.927267963909528, 33.930397286405928 ], [ -6.92685927297885, 33.930291336561567 ], [ -6.926572033299165, 33.930817049220359 ], [ -6.926906326754006, 33.931060998737074 ] ] ] } },
{ "type": "Feature", "properties": { "fid": 312, "indice": "03", "complement": "", "Consistance": "TN", "num": "T108979", "surface": 6648 }, "geometry": { "type": "Polygon", "coordinates": [ [ [ -6.927951650458429, 33.856295588531545 ], [ -6.927485012941585, 33.855886396815869 ], [ -6.926633382853031, 33.856517329294476 ], [ -6.927100162119653, 33.856934639811428 ], [ -6.927951650458429, 33.856295588531545 ] ] ] } },
{ "type": "Feature", "properties": { "fid": 313, "indice": "38", "complement": "", "Consistance": "TN", "num": "T11026", "surface": 2030 }, "geometry": { "type": "Polygon", "coordinates": [ [ [ -6.927222403980926, 33.90272331810931 ], [ -6.927153277272722, 33.902667340509609 ], [ -6.927083069233372, 33.902611376067952 ], [ -6.927013958530135, 33.902556300120722 ], [ -6.926943750669996, 33.902500335598802 ], [ -6.926874640143146, 33.902445259572524 ], [ -6.926804432462216, 33.902389294970291 ], [ -6.926734224871603, 33.902333330327565 ], [ -6.926723584761439, 33.902343381318417 ], [ -6.926629253835491, 33.902268770519754 ], [ -6.92653600448631, 33.902194146455493 ], [ -6.926441673883007, 33.902119535511609 ], [ -6.92645339541231, 33.902109471352063 ], [ -6.926383188273276, 33.902053506507023 ], [ -6.926312981224557, 33.901997541621519 ], [ -6.926242758447867, 33.901940674963697 ], [ -6.926172551580517, 33.901884709997233 ], [ -6.926102360620295, 33.901829646722263 ], [ -6.926031040890875, 33.9017718913992 ], [ -6.925926407000235, 33.901849831013941 ], [ -6.926005375683731, 33.901912002739039 ], [ -6.926076679694386, 33.901968856342073 ], [ -6.92614580515502, 33.902024834549891 ], [ -6.926216012118227, 33.902080799528633 ], [ -6.926287300586063, 33.902136751276501 ], [ -6.9263564421351, 33.902193631096559 ], [ -6.926450772745642, 33.902268242102814 ], [ -6.926544022101125, 33.902342866228665 ], [ -6.926638353034313, 33.902417477089699 ], [ -6.92670747921272, 33.90247345497864 ], [ -6.926777686899193, 33.902529419633666 ], [ -6.926846813256177, 33.902585397443445 ], [ -6.926917005297199, 33.902640460286591 ], [ -6.926986131832035, 33.902696438017266 ], [ -6.927056324050801, 33.902751500780148 ], [ -6.927125450763492, 33.902807478431775 ], [ -6.927186880976759, 33.902856334579873 ], [ -6.927292596370906, 33.902778380739143 ], [ -6.927222403980926, 33.90272331810931 ] ] ] } },
{ "type": "Feature", "properties": { "fid": 314, "indice": "38", "complement": "", "Consistance": "TN", "num": "T11043", "surface": 2592 }, "geometry": { "type": "Polygon", "coordinates": [ [ [ -6.927609814356837, 33.902425463702571 ], [ -6.927539432069175, 33.902359580465003 ], [ -6.927478940944463, 33.902302595696433 ], [ -6.927418434068461, 33.90224470916592 ], [ -6.92734695482748, 33.902177937284542 ], [ -6.92727657293908, 33.902112053893596 ], [ -6.92720617532898, 33.902045268729765 ], [ -6.927135777826946, 33.901978483524871 ], [ -6.927055700646341, 33.902038085893217 ], [ -6.92697241076661, 33.902099531261626 ], [ -6.927043873829115, 33.90216540162703 ], [ -6.927113174169096, 33.902231298345193 ], [ -6.927184653274502, 33.902298070358881 ], [ -6.927255035243761, 33.902363953797369 ], [ -6.927295606723137, 33.902333695093922 ], [ -6.927356113579298, 33.902391581682068 ], [ -6.927416620515968, 33.902449468239851 ], [ -6.927382458384177, 33.902475139124398 ], [ -6.927311971222115, 33.90252650726336 ], [ -6.927252593206331, 33.902471312652558 ], [ -6.92719539392942, 33.90241699334765 ], [ -6.927138194723927, 33.902362674015571 ], [ -6.927080995589853, 33.902308354656334 ], [ -6.927024893769305, 33.902254923804804 ], [ -6.92696659753596, 33.902199715856398 ], [ -6.926909414441371, 33.902146298147358 ], [ -6.926776980566241, 33.902242616184687 ], [ -6.926841701907168, 33.902294138122841 ], [ -6.926903147423886, 33.902343896150526 ], [ -6.926966755845693, 33.902393627754655 ], [ -6.927029282922201, 33.902443372522448 ], [ -6.927091825897389, 33.902494018989707 ], [ -6.927154353117547, 33.902543763693274 ], [ -6.927217993486072, 33.902595298629414 ], [ -6.927294785098474, 33.902656594190255 ], [ -6.927372674070581, 33.902718778234387 ], [ -6.927445292532282, 33.902665580200789 ], [ -6.92752323884698, 33.90260780746123 ], [ -6.927602266477418, 33.902550021470155 ], [ -6.927680196751083, 33.902491346899019 ], [ -6.927609814356837, 33.902425463702571 ] ] ] } },
{ "type": "Feature", "properties": { "fid": 316, "indice": "38", "complement": "", "Consistance": "TN", "num": "T11873", "surface": 7544 }, "geometry": { "type": "Polygon", "coordinates": [ [ [ -6.933365315468201, 33.868917790793738 ], [ -6.932683107490412, 33.869780284980223 ], [ -6.933002176519987, 33.87003162269864 ], [ -6.93308608361873, 33.869945812396217 ], [ -6.933331011405036, 33.870039317323304 ], [ -6.93396210521513, 33.869282972962388 ], [ -6.933365315468201, 33.868917790793738 ] ] ] } },
{ "type": "Feature", "properties": { "fid": 323, "indice": "38", "complement": "", "Consistance": "TN", "num": "T1291", "surface": 2854 }, "geometry": { "type": "Polygon", "coordinates": [ [ [ -6.926224586448871, 33.930563338115846 ], [ -6.926572033299165, 33.930817049220359 ], [ -6.92685927297885, 33.930291336561567 ], [ -6.926304930538853, 33.930147477169101 ], [ -6.926098917396771, 33.930492717040757 ], [ -6.926224586448871, 33.930563338115846 ] ] ] } },
{ "type": "Feature", "properties": { "fid": 325, "indice": "38", "complement": "", "Consistance": "TN", "num": "T1320", "surface": 24984 }, "geometry": { "type": "Polygon", "coordinates": [ [ [ -6.937996867847632, 33.858612206740112 ], [ -6.935493668634385, 33.856503563814705 ], [ -6.934931853744405, 33.856952410728383 ], [ -6.937361220212757, 33.859104363307978 ], [ -6.937996867847632, 33.858612206740112 ] ] ] } },
{ "type": "Feature", "properties": { "fid": 326, "indice": "38", "complement": "", "Consistance": "TN", "num": "T13911", "surface": 2492 }, "geometry": { "type": "Polygon", "coordinates": [ [ [ -6.928465390925222, 33.905195649253891 ], [ -6.928277026692897, 33.905433352025085 ], [ -6.928800803398874, 33.905877916139588 ], [ -6.92909422701894, 33.90564794814302 ], [ -6.928465390925222, 33.905195649253891 ] ] ] } },
{ "type": "Feature", "properties": { "fid": 332, "indice": "38", "complement": "", "Consistance": "TN", "num": "T14822", "surface": 17195 }, "geometry": { "type": "Polygon", "coordinates": [ [ [ -6.913947290262766, 33.868037730523568 ], [ -6.912075713522643, 33.869719024433408 ], [ -6.912735385691246, 33.87022334617793 ], [ -6.913760771490219, 33.86931171405103 ], [ -6.913479173411154, 33.869097755717142 ], [ -6.914339698213523, 33.868344147448809 ], [ -6.913947290262766, 33.868037730523568 ] ] ] } },
{ "type": "Feature", "properties": { "fid": 333, "indice": "38", "complement": "", "Consistance": "TN", "num": "T1491", "surface": 14957 }, "geometry": { "type": "Polygon", "coordinates": [ [ [ -6.921406323099109, 33.865174678407207 ], [ -6.922057515326711, 33.864636417682604 ], [ -6.920723523762245, 33.863471108136999 ], [ -6.920463760776812, 33.863702455942764 ], [ -6.92010286608104, 33.864024323940733 ], [ -6.921406323099109, 33.865174678407207 ] ] ] } },
{ "type": "Feature", "properties": { "fid": 335, "indice": "38", "complement": "", "Consistance": "TN", "num": "T15718", "surface": 17488 }, "geometry": { "type": "Polygon", "coordinates": [ [ [ -6.916602825534019, 33.865683079819817 ], [ -6.913947290262766, 33.868037730523568 ], [ -6.914339698213523, 33.868344147448809 ], [ -6.916805070553215, 33.866183004977955 ], [ -6.916602825534019, 33.865683079819817 ] ] ] } },
{ "type": "Feature", "properties": { "fid": 341, "indice": "38", "complement": "", "Consistance": "TN", "num": "T1660", "surface": 10022 }, "geometry": { "type": "Polygon", "coordinates": [ [ [ -6.934284263883562, 33.8573806607343 ], [ -6.934809149204762, 33.857841425052385 ], [ -6.935374276655396, 33.857396145991657 ], [ -6.934855907935409, 33.856937107878402 ], [ -6.934346350389182, 33.85648697891213 ], [ -6.933773657621715, 33.856932346249671 ], [ -6.934284263883562, 33.8573806607343 ] ] ] } },
{ "type": "Feature", "properties": { "fid": 349, "indice": "R", "complement": "", "Consistance": "TN", "num": "T16983", "surface": 3227 }, "geometry": { "type": "Polygon", "coordinates": [ [ [ -6.922199735405587, 33.930079315426497 ], [ -6.921912393112526, 33.930353383980737 ], [ -6.922563407065356, 33.930827991747719 ], [ -6.922850764663431, 33.93055482346837 ], [ -6.922199735405587, 33.930079315426497 ] ] ] } },
{ "type": "Feature", "properties": { "fid": 350, "indice": "R", "complement": "", "Consistance": "TN", "num": "T16984", "surface": 3218 }, "geometry": { "type": "Polygon", "coordinates": [ [ [ -6.923135941135913, 33.930280779105715 ], [ -6.922483830611201, 33.929805285658389 ], [ -6.922199735405587, 33.930079315426497 ], [ -6.922850764663431, 33.93055482346837 ], [ -6.923135941135913, 33.930280779105715 ] ] ] } },
{ "type": "Feature", "properties": { "fid": 351, "indice": "R", "complement": "", "Consistance": "TN", "num": "T16997", "surface": 3254 }, "geometry": { "type": "Polygon", "coordinates": [ [ [ -6.924584163527961, 33.931297645694784 ], [ -6.923933135033307, 33.930823048515201 ], [ -6.923643679585254, 33.931099852480308 ], [ -6.924293610988161, 33.931573562569092 ], [ -6.924584163527961, 33.931297645694784 ] ] ] } },
{ "type": "Feature", "properties": { "fid": 359, "indice": "R", "complement": "", "Consistance": "TN", "num": "T17134", "surface": 9023 }, "geometry": { "type": "Polygon", "coordinates": [ [ [ -6.934572344935686, 33.933575594817299 ], [ -6.935362066446399, 33.932524197935265 ], [ -6.934741356517961, 33.932361347522132 ], [ -6.933843085488991, 33.933025344838768 ], [ -6.934572344935686, 33.933575594817299 ] ] ] } },
{ "type": "Feature", "properties": { "fid": 360, "indice": "38", "complement": "", "Consistance": "TN", "num": "T1714", "surface": 2626 }, "geometry": { "type": "Polygon", "coordinates": [ [ [ -6.933808406148497, 33.908173366357872 ], [ -6.933610539762756, 33.908362489593607 ], [ -6.934314780113675, 33.908977988374637 ], [ -6.934514825265225, 33.908789739271562 ], [ -6.933808406148497, 33.908173366357872 ] ] ] } },
{ "type": "Feature", "properties": { "fid": 365, "indice": "R", "complement": "P2", "Consistance": "TN", "num": "T17257", "surface": 2365 }, "geometry": { "type": "Polygon", "coordinates": [ [ [ -6.938837292675599, 33.857962393699239 ], [ -6.937996867847632, 33.858612206740112 ], [ -6.937361220212757, 33.859104363307978 ], [ -6.934378346623184, 33.856462233993369 ], [ -6.934346350389182, 33.85648697891213 ], [ -6.934855907935409, 33.856937107878402 ], [ -6.937359950294636, 33.859154887516894 ], [ -6.937401547149127, 33.859122808321352 ], [ -6.938866954226665, 33.857989086930395 ], [ -6.938837292675599, 33.857962393699239 ] ] ] } },
{ "type": "Feature", "properties": { "fid": 369, "indice": "38", "complement": "", "Consistance": "TN", "num": "T1733", "surface": 26999 }, "geometry": { "type": "Polygon", "coordinates": [ [ [ -6.932315831536724, 33.870536998793604 ], [ -6.932455375703022, 33.870663364077295 ], [ -6.932581509890113, 33.87045798135216 ], [ -6.933002176519987, 33.87003162269864 ], [ -6.932124999469019, 33.869339762347899 ], [ -6.931681750989637, 33.868974495317623 ], [ -6.931502284752303, 33.869098454106087 ], [ -6.931273742234236, 33.869259992781032 ], [ -6.931068124456337, 33.869372545904277 ], [ -6.930729727264849, 33.86962021007615 ], [ -6.930361995243291, 33.8699214463659 ], [ -6.931809886840412, 33.870910283242544 ], [ -6.932315831536724, 33.870536998793604 ] ] ] } },
{ "type": "Feature", "properties": { "fid": 374, "indice": "R", "complement": "", "Consistance": "TN", "num": "T17948", "surface": 2255 }, "geometry": { "type": "Polygon", "coordinates": [ [ [ -6.916243336036624, 33.900037419693732 ], [ -6.915845607177991, 33.899744603535218 ], [ -6.915517644916801, 33.900041701453802 ], [ -6.9158734667629, 33.900350359020941 ], [ -6.916243336036624, 33.900037419693732 ] ] ] } },
{ "type": "Feature", "properties": { "fid": 381, "indice": "R", "complement": "", "Consistance": "TN", "num": "T18433", "surface": 3225 }, "geometry": { "type": "Polygon", "coordinates": [ [ [ -6.921626130777897, 33.930627438698792 ], [ -6.920974025908371, 33.930151937444748 ], [ -6.92068776128027, 33.930425990036376 ], [ -6.921338769093957, 33.930900604159845 ], [ -6.921626130777897, 33.930627438698792 ] ] ] } },
{ "type": "Feature", "properties": { "fid": 382, "indice": "R", "complement": "", "Consistance": "TN", "num": "T18434", "surface": 3254 }, "geometry": { "type": "Polygon", "coordinates": [ [ [ -6.922845210984369, 33.932956690668355 ], [ -6.923134690944766, 33.932680790454086 ], [ -6.922484741795857, 33.932206172810943 ], [ -6.922194179561313, 33.932482084723468 ], [ -6.922519702277359, 33.932719838990394 ], [ -6.922845210984369, 33.932956690668355 ] ] ] } },
{ "type": "Feature", "properties": { "fid": 385, "indice": "R", "complement": "", "Consistance": "TN", "num": "T18773", "surface": 21616 }, "geometry": { "type": "Polygon", "coordinates": [ [ [ -6.932817297529732, 33.932471506678212 ], [ -6.932668960146779, 33.932711428822024 ], [ -6.931083713798979, 33.93203094173878 ], [ -6.930996193043866, 33.932222316463957 ], [ -6.932999439481245, 33.933228689407521 ], [ -6.93446064897236, 33.934358925018088 ], [ -6.934797951008309, 33.934096842014469 ], [ -6.934745180758761, 33.934049687470143 ], [ -6.934959537115768, 33.933872087536102 ], [ -6.934885926135784, 33.933808954111157 ], [ -6.933495417819193, 33.932760833458033 ], [ -6.932817297529732, 33.932471506678212 ] ] ] } },
{ "type": "Feature", "properties": { "fid": 388, "indice": "38", "complement": "", "Consistance": "TN", "num": "T19387", "surface": 2475 }, "geometry": { "type": "Polygon", "coordinates": [ [ [ -6.942304570062933, 33.895804542293646 ], [ -6.942384594326908, 33.89586488701886 ], [ -6.942413294815152, 33.895836573434593 ], [ -6.942612687382879, 33.895980227786396 ], [ -6.942974712682381, 33.895658284988826 ], [ -6.942921977301846, 33.895612034992382 ], [ -6.943066671534135, 33.895476765160581 ], [ -6.942873719365651, 33.89533032630947 ], [ -6.942333366460788, 33.895781639117601 ], [ -6.941734825995715, 33.895329933888398 ], [ -6.941698412364415, 33.895350224999959 ], [ -6.942304570062933, 33.895804542293646 ] ] ] } },
{ "type": "Feature", "properties": { "fid": 389, "indice": "38", "complement": "", "Consistance": "TN", "num": "T1952", "surface": 4359 }, "geometry": { "type": "Polygon", "coordinates": [ [ [ -6.923339456403047, 33.906564138925603 ], [ -6.92290521200272, 33.906227595486008 ], [ -6.921980443167456, 33.905490250140694 ], [ -6.921760177758562, 33.905698567384889 ], [ -6.92246865543324, 33.906191419049762 ], [ -6.923198036416264, 33.906703854588713 ], [ -6.923339456403047, 33.906564138925603 ] ] ] } },
{ "type": "Feature", "properties": { "fid": 394, "indice": "R", "complement": "", "Consistance": "TN", "num": "T20447", "surface": 16386 }, "geometry": { "type": "Polygon", "coordinates": [ [ [ -6.935874193940784, 33.912139041135568 ], [ -6.935382846528301, 33.912555445091229 ], [ -6.934112554703701, 33.913704739634994 ], [ -6.934701781626616, 33.914052872696104 ], [ -6.934823281832271, 33.913949465491861 ], [ -6.93514738124115, 33.913618092581373 ], [ -6.935592119335753, 33.913318609700774 ], [ -6.936353327106289, 33.912685136807951 ], [ -6.936470449489639, 33.912579075882853 ], [ -6.935874193940784, 33.912139041135568 ] ] ] } },
{ "type": "Feature", "properties": { "fid": 398, "indice": "38", "complement": "", "Consistance": "TN", "num": "T2099", "surface": 7200 }, "geometry": { "type": "Polygon", "coordinates": [ [ [ -6.918551981006852, 33.876267068544557 ], [ -6.918245435195109, 33.876484547211334 ], [ -6.919646354737566, 33.878005330018965 ], [ -6.9199140193661, 33.87785235759425 ], [ -6.918551981006852, 33.876267068544557 ] ] ] } },
{ "type": "Feature", "properties": { "fid": 399, "indice": "R", "complement": "", "Consistance": "TN", "num": "T21720", "surface": 89663 }, "geometry": { "type": "Polygon", "coordinates": [ [ [ -6.924527995998457, 33.874635841531529 ], [ -6.926990168913327, 33.876857034732438 ], [ -6.928950263364716, 33.875113106716469 ], [ -6.926423453748474, 33.872844035119883 ], [ -6.924527995998457, 33.874635841531529 ] ] ] } },
{ "type": "Feature", "properties": { "fid": 402, "indice": "38", "complement": "", "Consistance": "TN", "num": "T22182", "surface": 7964 }, "geometry": { "type": "Polygon", "coordinates": [ [ [ -6.941806464794964, 33.903401303083974 ], [ -6.941158022165053, 33.903005228023595 ], [ -6.940709023128442, 33.903426545140022 ], [ -6.941669264634849, 33.904143474897872 ], [ -6.942146694170168, 33.903678511595281 ], [ -6.941806464794964, 33.903401303083974 ] ] ] } },
{ "type": "Feature", "properties": { "fid": 417, "indice": "R", "complement": "", "Consistance": "TN", "num": "T23756", "surface": 3257 }, "geometry": { "type": "Polygon", "coordinates": [ [ [ -6.918346031517741, 33.933756325023111 ], [ -6.918635512665703, 33.933479533568793 ], [ -6.91798450030172, 33.933004905819878 ], [ -6.917695018661822, 33.933281695815303 ], [ -6.918346031517741, 33.933756325023111 ] ] ] } },
{ "type": "Feature", "properties": { "fid": 424, "indice": "R", "complement": "", "Consistance": "TN", "num": "T25180", "surface": 21084 }, "geometry": { "type": "Polygon", "coordinates": [ [ [ -6.9399752223832, 33.898635523238127 ], [ -6.940409300627898, 33.898227920403521 ], [ -6.9406457388562, 33.898020271815341 ], [ -6.939236945555378, 33.897132976386104 ], [ -6.938583842234115, 33.897815650867933 ], [ -6.939116126488205, 33.898129288942179 ], [ -6.938674268793954, 33.898586588908586 ], [ -6.939541171982822, 33.899044927971964 ], [ -6.9399752223832, 33.898635523238127 ] ] ] } },
{ "type": "Feature", "properties": { "fid": 426, "indice": "R", "complement": "", "Consistance": "TN", "num": "T25449", "surface": 14905 }, "geometry": { "type": "Polygon", "coordinates": [ [ [ -6.924438663693754, 33.922440791397293 ], [ -6.922350228053454, 33.920564966870728 ], [ -6.921974403121544, 33.920912266541123 ], [ -6.922438876111563, 33.921364792103837 ], [ -6.922958502779538, 33.921815742918504 ], [ -6.923945946882407, 33.922723680391123 ], [ -6.924438663693754, 33.922440791397293 ] ] ] } },
{ "type": "Feature", "properties": { "fid": 429, "indice": "R", "complement": "", "Consistance": "TN", "num": "T25757", "surface": 15316 }, "geometry": { "type": "Polygon", "coordinates": [ [ [ -6.92103753161962, 33.911757446172857 ], [ -6.921014551371096, 33.911742392814773 ], [ -6.920190354731949, 33.911191412349048 ], [ -6.919084879526483, 33.910452633816597 ], [ -6.918854514575583, 33.910641225679484 ], [ -6.918757449986189, 33.910719968907173 ], [ -6.918251287321628, 33.910353617226399 ], [ -6.918108126328086, 33.91045636913568 ], [ -6.918678182216806, 33.910888688194532 ], [ -6.920635946219119, 33.912176308132885 ], [ -6.920750703314644, 33.912057663972774 ], [ -6.920834584210108, 33.911967354472814 ], [ -6.92103753161962, 33.911757446172857 ] ] ] } },
{ "type": "Feature", "properties": { "fid": 434, "indice": "38", "complement": "", "Consistance": "TN", "num": "T26289", "surface": 11290 }, "geometry": { "type": "Polygon", "coordinates": [ [ [ -6.92614999166087, 33.886600927187104 ], [ -6.924963587559064, 33.885610644440916 ], [ -6.924447273205682, 33.886077822821541 ], [ -6.925532200528533, 33.887078367005515 ], [ -6.92614999166087, 33.886600927187104 ] ] ] } },
{ "type": "Feature", "properties": { "fid": 438, "indice": "38", "complement": "", "Consistance": "TN", "num": "T27768", "surface": 4062 }, "geometry": { "type": "Polygon", "coordinates": [ [ [ -6.930812388377431, 33.906103157579096 ], [ -6.930285212916677, 33.905650526021191 ], [ -6.929692204552681, 33.905144581552548 ], [ -6.929468476336694, 33.905339426092645 ], [ -6.930518433917688, 33.906179809015704 ], [ -6.930616064406759, 33.906257082288739 ], [ -6.930812388377431, 33.906103157579096 ] ] ] } },
{ "type": "Feature", "properties": { "fid": 440, "indice": "R", "complement": "", "Consistance": "TN", "num": "T28343", "surface": 21909 }, "geometry": { "type": "Polygon", "coordinates": [ [ [ -6.94039091038563, 33.929446403639425 ], [ -6.939707138442487, 33.928776574021192 ], [ -6.940782148373271, 33.927833468133443 ], [ -6.940338805017191, 33.927481764934328 ], [ -6.939837784424953, 33.927905517722472 ], [ -6.939469023487958, 33.927610616741809 ], [ -6.938854432800706, 33.927119413199584 ], [ -6.938457845959657, 33.927636577913887 ], [ -6.938860271185761, 33.928060944187152 ], [ -6.939616578922187, 33.92885615480948 ], [ -6.939340859639027, 33.929111180970409 ], [ -6.94009560814454, 33.929695358977369 ], [ -6.94039091038563, 33.929446403639425 ] ] ] } },
{ "type": "Feature", "properties": { "fid": 442, "indice": "38", "complement": "", "Consistance": "TN", "num": "T2872", "surface": 5023 }, "geometry": { "type": "Polygon", "coordinates": [ [ [ -6.931158922393799, 33.884798097626309 ], [ -6.931387381124404, 33.884568014793743 ], [ -6.931159049571274, 33.884375090532934 ], [ -6.93091459489678, 33.884617995734608 ], [ -6.930299931921051, 33.885025071048858 ], [ -6.929801228263802, 33.885323395619871 ], [ -6.930023690376301, 33.885551569355179 ], [ -6.931158922393799, 33.884798097626309 ] ] ] } },
{ "type": "Feature", "properties": { "fid": 443, "indice": "R", "complement": "", "Consistance": "TN", "num": "T28841", "surface": 14690 }, "geometry": { "type": "Polygon", "coordinates": [ [ [ -6.941170689518584, 33.928145258197411 ], [ -6.94156247866704, 33.928457007054348 ], [ -6.940802396317426, 33.929098610304578 ], [ -6.94039091038563, 33.929446403639425 ], [ -6.939707138442487, 33.928776574021192 ], [ -6.940782148373271, 33.927833468133443 ], [ -6.941170689518584, 33.928145258197411 ] ] ] } },
{ "type": "Feature", "properties": { "fid": 445, "indice": "38", "complement": "", "Consistance": "TN", "num": "T2901", "surface": 15897 }, "geometry": { "type": "Polygon", "coordinates": [ [ [ -6.920619457375994, 33.881279239683259 ], [ -6.919755978820422, 33.880443721566117 ], [ -6.920188235232694, 33.880117382309543 ], [ -6.91930990459502, 33.879111576512116 ], [ -6.918597232597065, 33.878426644913397 ], [ -6.918045202321912, 33.878891525878686 ], [ -6.91860952420541, 33.879378934759501 ], [ -6.920597099732918, 33.881299353910016 ], [ -6.920619457375994, 33.881279239683259 ] ] ] } },
{ "type": "Feature", "properties": { "fid": 447, "indice": "38", "complement": "", "Consistance": "TN", "num": "T2926", "surface": 2503 }, "geometry": { "type": "Polygon", "coordinates": [ [ [ -6.919924240907423, 33.854290084337684 ], [ -6.919655274168726, 33.854488171611216 ], [ -6.919457320732705, 33.854605123002976 ], [ -6.919617624186637, 33.854932382758186 ], [ -6.920168688075836, 33.85473086695626 ], [ -6.919924240907423, 33.854290084337684 ] ] ] } },
{ "type": "Feature", "properties": { "fid": 452, "indice": "38", "complement": "", "Consistance": "TN", "num": "T2998", "surface": 20006 }, "geometry": { "type": "Polygon", "coordinates": [ [ [ -6.91623422189734, 33.871522158066128 ], [ -6.91707748183603, 33.870770544718447 ], [ -6.916515090949568, 33.870328201552098 ], [ -6.914439687282609, 33.87216442708224 ], [ -6.914999854601059, 33.872603198524011 ], [ -6.91623422189734, 33.871522158066128 ] ] ] } },
{ "type": "Feature", "properties": { "fid": 457, "indice": "38", "complement": "FUS", "Consistance": "TN", "num": "T3034", "surface": 30598 }, "geometry": { "type": "Polygon", "coordinates": [ [ [ -6.918415672061303, 33.87477602581901 ], [ -6.917040146824359, 33.875824524922379 ], [ -6.91715122311224, 33.875931409623142 ], [ -6.916403431310895, 33.876455479563703 ], [ -6.915502454293367, 33.875634817266224 ], [ -6.916282456926021, 33.875097735069247 ], [ -6.918008158417736, 33.873916018704215 ], [ -6.918415672061303, 33.87477602581901 ] ] ] } },
{ "type": "Feature", "properties": { "fid": 459, "indice": "R", "complement": "", "Consistance": "TN", "num": "T30805", "surface": 9916 }, "geometry": { "type": "Polygon", "coordinates": [ [ [ -6.9399752223832, 33.898635523238127 ], [ -6.939541171982822, 33.899044927971964 ], [ -6.939508191870527, 33.89907599927826 ], [ -6.941192136768949, 33.900168247999112 ], [ -6.940912087058732, 33.900356592074999 ], [ -6.940958874296115, 33.900372250592795 ], [ -6.941488997154251, 33.900013067488629 ], [ -6.9399752223832, 33.898635523238127 ] ] ] } },
{ "type": "Feature", "properties": { "fid": 461, "indice": "R", "complement": "", "Consistance": "TN", "num": "T31636", "surface": 7467 }, "geometry": { "type": "Polygon", "coordinates": [ [ [ -6.936526118205999, 33.924489160137696 ], [ -6.936873174662282, 33.92423055801364 ], [ -6.935414586341467, 33.92317968498061 ], [ -6.935095828418236, 33.923447857196173 ], [ -6.936526118205999, 33.924489160137696 ] ] ] } },
{ "type": "Feature", "properties": { "fid": 465, "indice": "R", "complement": "", "Consistance": "TN", "num": "T32429", "surface": 5491 }, "geometry": { "type": "Polygon", "coordinates": [ [ [ -6.922418756209789, 33.878366666850098 ], [ -6.92200264784445, 33.878626074824027 ], [ -6.922660564360259, 33.879517294134388 ], [ -6.923047050650203, 33.879171659310195 ], [ -6.922418756209789, 33.878366666850098 ] ] ] } },
{ "type": "Feature", "properties": { "fid": 469, "indice": "R", "complement": "", "Consistance": "TN", "num": "T36838", "surface": 22093 }, "geometry": { "type": "Polygon", "coordinates": [ [ [ -6.944388524998724, 33.925954519728435 ], [ -6.942922203117097, 33.924962453542875 ], [ -6.942695525338217, 33.924809215483265 ], [ -6.942018507846269, 33.925495801518927 ], [ -6.942098319422062, 33.925542619969221 ], [ -6.942247077825556, 33.925633684830231 ], [ -6.943758588754134, 33.926550342104804 ], [ -6.943836526895245, 33.926613417106381 ], [ -6.944102265282532, 33.926772484668824 ], [ -6.94464121459291, 33.926353657768217 ], [ -6.944388524998724, 33.925954519728435 ] ] ] } },
{ "type": "Feature", "properties": { "fid": 471, "indice": "38", "complement": "", "Consistance": "TN", "num": "T3751", "surface": 39374 }, "geometry": { "type": "Polygon", "coordinates": [ [ [ -6.931681750989637, 33.868974495317623 ], [ -6.931829613795269, 33.868836492325435 ], [ -6.93163364137224, 33.868636858562724 ], [ -6.932184532412159, 33.868176437986556 ], [ -6.931428605089085, 33.867614769974928 ], [ -6.92998035406706, 33.866417585476704 ], [ -6.929188474991167, 33.865715641669738 ], [ -6.928510417095249, 33.866322815210921 ], [ -6.929710517996485, 33.867428348301218 ], [ -6.930994250896982, 33.868553590746224 ], [ -6.931502284752303, 33.869098454106087 ], [ -6.931681750989637, 33.868974495317623 ] ] ] } },
{ "type": "Feature", "properties": { "fid": 476, "indice": "R", "complement": "", "Consistance": "TN", "num": "T38745", "surface": 39742 }, "geometry": { "type": "Polygon", "coordinates": [ [ [ -6.924950732835499, 33.855008169620852 ], [ -6.92369328048213, 33.853886151059832 ], [ -6.922230439393593, 33.852577212765283 ], [ -6.921372429068512, 33.853214501272447 ], [ -6.922855337994745, 33.85455838055325 ], [ -6.924045461585302, 33.855663189002129 ], [ -6.924950732835499, 33.855008169620852 ] ] ] } },
{ "type": "Feature", "properties": { "fid": 477, "indice": "R", "complement": "", "Consistance": "TN", "num": "T38746", "surface": 19751 }, "geometry": { "type": "Polygon", "coordinates": [ [ [ -6.929305788289795, 33.860085217842766 ], [ -6.927341743577732, 33.857579281648867 ], [ -6.926453886050812, 33.857871525982006 ], [ -6.929076691348838, 33.860275622019557 ], [ -6.929305788289795, 33.860085217842766 ] ] ] } },
{ "type": "Feature", "properties": { "fid": 478, "indice": "R", "complement": "", "Consistance": "TN", "num": "T38747", "surface": 19868 }, "geometry": { "type": "Polygon", "coordinates": [ [ [ -6.929535980962412, 33.859895701759868 ], [ -6.92827059288463, 33.857220688487644 ], [ -6.927693222658564, 33.857463148428586 ], [ -6.927341743577732, 33.857579281648867 ], [ -6.929305788289795, 33.860085217842766 ], [ -6.929535980962412, 33.859895701759868 ] ] ] } },
{ "type": "Feature", "properties": { "fid": 479, "indice": "R", "complement": "", "Consistance": "TN", "num": "T38887", "surface": 12358 }, "geometry": { "type": "Polygon", "coordinates": [ [ [ -6.925931561567199, 33.855889125561731 ], [ -6.925504803800932, 33.856212716149848 ], [ -6.927103168772717, 33.857660663597983 ], [ -6.927341791042619, 33.857581986884576 ], [ -6.927693270134308, 33.857465853664259 ], [ -6.925931561567199, 33.855889125561731 ] ] ] } },
{ "type": "Feature", "properties": { "fid": 480, "indice": "R", "complement": "", "Consistance": "TN", "num": "T39110", "surface": 431292 }, "geometry": { "type": "Polygon", "coordinates": [ [ [ -6.925521445468885, 33.863207941081384 ], [ -6.929076691348838, 33.860275622019557 ], [ -6.926453886050812, 33.857871525982006 ], [ -6.924045461585302, 33.855663189002129 ], [ -6.922855337994745, 33.85455838055325 ], [ -6.921372429068512, 33.853214501272447 ], [ -6.919655226944373, 33.85448546636983 ], [ -6.91941980664129, 33.854623617546217 ], [ -6.920492444758524, 33.856803192749958 ], [ -6.921412368716221, 33.858654506579555 ], [ -6.922294074592429, 33.860481925863844 ], [ -6.923207093388796, 33.861254592963796 ], [ -6.925521445468885, 33.863207941081384 ] ] ] } },
{ "type": "Feature", "properties": { "fid": 481, "indice": "R", "complement": "", "Consistance": "TN", "num": "T39223", "surface": 10273 }, "geometry": { "type": "Polygon", "coordinates": [ [ [ -6.915475525084061, 33.862041200634934 ], [ -6.916296385418322, 33.86180847367703 ], [ -6.915887220731433, 33.860724796801861 ], [ -6.915036323924499, 33.860970512217669 ], [ -6.915475525084061, 33.862041200634934 ] ] ] } },
{ "type": "Feature", "properties": { "fid": 482, "indice": "R", "complement": "", "Consistance": "TN", "num": "T39412", "surface": 50012 }, "geometry": { "type": "Polygon", "coordinates": [ [ [ -6.916420853627272, 33.870318520835504 ], [ -6.917934007032786, 33.868982442535035 ], [ -6.917170114256875, 33.867090433386217 ], [ -6.915297099564989, 33.868746540330079 ], [ -6.914886063867104, 33.869109586665019 ], [ -6.916420853627272, 33.870318520835504 ] ] ] } },
{ "type": "Feature", "properties": { "fid": 483, "indice": "R", "complement": "", "Consistance": "TN", "num": "T39415", "surface": 85891 }, "geometry": { "type": "Polygon", "coordinates": [ [ [ -6.914998546865752, 33.873832547946428 ], [ -6.91693603637006, 33.872146805976826 ], [ -6.918636930001147, 33.870724563583607 ], [ -6.91823800968851, 33.869736377346456 ], [ -6.91623422189734, 33.871522158066128 ], [ -6.914298002034944, 33.873218697338352 ], [ -6.911467428953054, 33.875722419440571 ], [ -6.912277274334441, 33.876341277605299 ], [ -6.914998546865752, 33.873832547946428 ] ] ] } },
{ "type": "Feature", "properties": { "fid": 484, "indice": "R", "complement": "", "Consistance": "TN", "num": "T39643", "surface": 9981 }, "geometry": { "type": "Polygon", "coordinates": [ [ [ -6.943188500929901, 33.91289596851373 ], [ -6.94224593446955, 33.912205891130895 ], [ -6.941616525467433, 33.912765623207669 ], [ -6.94256041439434, 33.91346921775861 ], [ -6.943188500929901, 33.91289596851373 ] ] ] } },
{ "type": "Feature", "properties": { "fid": 486, "indice": "R", "complement": "", "Consistance": "TN", "num": "T40279", "surface": 9982 }, "geometry": { "type": "Polygon", "coordinates": [ [ [ -6.916878180524613, 33.873666361953752 ], [ -6.917154459292925, 33.873883984833761 ], [ -6.91918839436188, 33.872088805754117 ], [ -6.919050526651121, 33.871747745497785 ], [ -6.916878180524613, 33.873666361953752 ] ] ] } },
{ "type": "Feature", "properties": { "fid": 487, "indice": "R", "complement": "", "Consistance": "TN", "num": "T40334", "surface": 30046 }, "geometry": { "type": "Polygon", "coordinates": [ [ [ -6.915482164142684, 33.873972802814166 ], [ -6.916037992654112, 33.874409818246789 ], [ -6.916878211956893, 33.873668165437181 ], [ -6.919050573866022, 33.871750450723873 ], [ -6.918774778735446, 33.871064722670283 ], [ -6.915482164142684, 33.873972802814166 ] ] ] } },
{ "type": "Feature", "properties": { "fid": 488, "indice": "R", "complement": "", "Consistance": "TN", "num": "T40870", "surface": 97854 }, "geometry": { "type": "Polygon", "coordinates": [ [ [ -6.92447719026847, 33.860685329074464 ], [ -6.923886359732665, 33.861148909379729 ], [ -6.923147265488573, 33.860492282922429 ], [ -6.923735917935478, 33.86002783059967 ], [ -6.922354455962934, 33.858803587714789 ], [ -6.921194537988705, 33.856582699602676 ], [ -6.919924240907423, 33.854290084337684 ], [ -6.919655274168726, 33.854488171611216 ], [ -6.919419853858403, 33.854626322787567 ], [ -6.920492492010149, 33.856805897988949 ], [ -6.921412415997435, 33.858657211816535 ], [ -6.922294121902032, 33.860484631098878 ], [ -6.92320714072719, 33.861257298197742 ], [ -6.925521492880263, 33.863210646312723 ], [ -6.926458300189815, 33.86243888397599 ], [ -6.92447719026847, 33.860685329074464 ] ] ] } },
{ "type": "Feature", "properties": { "fid": 489, "indice": "R", "complement": "", "Consistance": "TN", "num": "T40896", "surface": 9762 }, "geometry": { "type": "Polygon", "coordinates": [ [ [ -6.924963612661083, 33.908630504894347 ], [ -6.924326345762082, 33.908190915326479 ], [ -6.923872030834199, 33.907882579362841 ], [ -6.923565892256803, 33.908128924084529 ], [ -6.923693003265395, 33.908222078341964 ], [ -6.92404687406891, 33.90847752288709 ], [ -6.924663057906828, 33.90901026871753 ], [ -6.925179431745413, 33.909402626171214 ], [ -6.925639256936061, 33.908975823426147 ], [ -6.924963612661083, 33.908630504894347 ] ] ] } },
{ "type": "Feature", "properties": { "fid": 491, "indice": "38", "complement": "", "Consistance": "TN", "num": "T4103", "surface": 24214 }, "geometry": { "type": "Polygon", "coordinates": [ [ [ -6.930101307562021, 33.86905426800768 ], [ -6.929393226329776, 33.868384672314825 ], [ -6.928685995373215, 33.867762864791622 ], [ -6.92780636531642, 33.867051161728632 ], [ -6.927370580549669, 33.867540823291236 ], [ -6.929084376535068, 33.868960275278688 ], [ -6.929624885366794, 33.869384791698842 ], [ -6.930361995243291, 33.8699214463659 ], [ -6.930729727264849, 33.86962021007615 ], [ -6.930101307562021, 33.86905426800768 ] ] ] } },
{ "type": "Feature", "properties": { "fid": 492, "indice": "R", "complement": "", "Consistance": "TN", "num": "T41260", "surface": 6113 }, "geometry": { "type": "Polygon", "coordinates": [ [ [ -6.934864525289187, 33.923644606452754 ], [ -6.934899934659914, 33.92368926818471 ], [ -6.935725028381891, 33.924340253974975 ], [ -6.936225015117558, 33.924715630087476 ], [ -6.936526118205999, 33.924489160137696 ], [ -6.935095828418236, 33.923447857196173 ], [ -6.934864525289187, 33.923644606452754 ] ] ] } },
{ "type": "Feature", "properties": { "fid": 493, "indice": "R", "complement": "", "Consistance": "TN", "num": "T41755", "surface": 49583 }, "geometry": { "type": "Polygon", "coordinates": [ [ [ -6.923982334689473, 33.858788271957202 ], [ -6.923121301547348, 33.859440940332753 ], [ -6.923456226585514, 33.859737206231948 ], [ -6.923429488451622, 33.859753766794299 ], [ -6.923452534302708, 33.859773328699589 ], [ -6.923735870581317, 33.860025125364757 ], [ -6.924477142890916, 33.860682623840439 ], [ -6.92645609090757, 33.862436205128454 ], [ -6.927301220618427, 33.861739513781188 ], [ -6.92427337756028, 33.859048090998741 ], [ -6.923982334689473, 33.858788271957202 ] ] ] } },
{ "type": "Feature", "properties": { "fid": 497, "indice": "R", "complement": "", "Consistance": "TN", "num": "T45095", "surface": 23267 }, "geometry": { "type": "Polygon", "coordinates": [ [ [ -6.917604743967029, 33.886437001887089 ], [ -6.91575658859138, 33.884825112324471 ], [ -6.915818450048985, 33.88477565866107 ], [ -6.914659627936893, 33.88387062838175 ], [ -6.914310347141146, 33.884120181298748 ], [ -6.914892581551062, 33.884766128874183 ], [ -6.915280873473268, 33.885204273494175 ], [ -6.917129059531591, 33.886817973351789 ], [ -6.917604743967029, 33.886437001887089 ] ] ] } },
{ "type": "Feature", "properties": { "fid": 498, "indice": "38", "complement": "", "Consistance": "TN", "num": "T4511", "surface": 5528 }, "geometry": { "type": "Polygon", "coordinates": [ [ [ -6.917883856562977, 33.907770461460863 ], [ -6.917167959614393, 33.907223558898352 ], [ -6.916717238107227, 33.907615947016566 ], [ -6.917024393336398, 33.907861154317743 ], [ -6.917157124542209, 33.907966873906147 ], [ -6.917227330517707, 33.908022843812773 ], [ -6.917293163445501, 33.908076160936375 ], [ -6.917425895305916, 33.908181880231872 ], [ -6.917883856562977, 33.907770461460863 ] ] ] } },
{ "type": "Feature", "properties": { "fid": 502, "indice": "R", "complement": "", "Consistance": "TN", "num": "T47188", "surface": 12779 }, "geometry": { "type": "Polygon", "coordinates": [ [ [ -6.937412526461125, 33.917834731219976 ], [ -6.939403323398581, 33.919252432570858 ], [ -6.939581940228132, 33.919075262811852 ], [ -6.937237817986886, 33.917437326082116 ], [ -6.93767919587695, 33.916273836668601 ], [ -6.937410204528907, 33.915989428252395 ], [ -6.937204466077983, 33.916529500776839 ], [ -6.936773189053189, 33.917407857170602 ], [ -6.937412526461125, 33.917834731219976 ] ] ] } },
{ "type": "Feature", "properties": { "fid": 503, "indice": "R", "complement": "", "Consistance": "TN", "num": "T47189", "surface": 11364 }, "geometry": { "type": "Polygon", "coordinates": [ [ [ -6.937542884944216, 33.917191863728476 ], [ -6.937858985911372, 33.916469148442935 ], [ -6.937679148058667, 33.916271131490724 ], [ -6.937237770181691, 33.917434620905219 ], [ -6.939581892349143, 33.919072557637371 ], [ -6.939763721384439, 33.91889354424233 ], [ -6.937542884944216, 33.917191863728476 ] ] ] } },
{ "type": "Feature", "properties": { "fid": 509, "indice": "38", "complement": "", "Consistance": "TN", "num": "T5055", "surface": 8386 }, "geometry": { "type": "Polygon", "coordinates": [ [ [ -6.914754494147906, 33.860058460777317 ], [ -6.914987757688012, 33.860851143033841 ], [ -6.915036323924499, 33.860970512217669 ], [ -6.915887220731433, 33.860724796801861 ], [ -6.915550728434225, 33.859840467587119 ], [ -6.914754494147906, 33.860058460777317 ] ] ] } },
{ "type": "Feature", "properties": { "fid": 512, "indice": "R", "complement": "solde", "Consistance": "TN", "num": "T52109", "surface": 41243 }, "geometry": { "type": "Polygon", "coordinates": [ [ [ -6.916334251476457, 33.86416837967095 ], [ -6.916734268471088, 33.865160167683229 ], [ -6.91797349455862, 33.864612992575026 ], [ -6.918459108052074, 33.865490092529726 ], [ -6.919477939681701, 33.86458119606629 ], [ -6.919828186999752, 33.864268478721222 ], [ -6.919401209979338, 33.863282439055837 ], [ -6.916334251476457, 33.86416837967095 ] ] ] } },
{ "type": "Feature", "properties": { "fid": 518, "indice": "38", "complement": "", "Consistance": "TN", "num": "T5458", "surface": 4983 }, "geometry": { "type": "Polygon", "coordinates": [ [ [ -6.934931853744405, 33.856952410728383 ], [ -6.935491538753976, 33.856505393844117 ], [ -6.934957137015001, 33.856056474258281 ], [ -6.934409087141896, 33.856488915034348 ], [ -6.934931853744405, 33.856952410728383 ] ] ] } },
{ "type": "Feature", "properties": { "fid": 519, "indice": "R", "complement": "", "Consistance": "TN", "num": "T54630", "surface": 21722 }, "geometry": { "type": "Polygon", "coordinates": [ [ [ -6.921787360876807, 33.883011175415596 ], [ -6.920266531067127, 33.881628066428298 ], [ -6.919589441557432, 33.882177450806651 ], [ -6.920677952767286, 33.88307968324191 ], [ -6.921233919286759, 33.88358161254358 ], [ -6.921514493008816, 33.883856896864678 ], [ -6.921971562004348, 33.884206697556642 ], [ -6.921787360876807, 33.883011175415596 ] ] ] } },
{ "type": "Feature", "properties": { "fid": 520, "indice": "38", "complement": "", "Consistance": "TN", "num": "T55", "surface": 6760 }, "geometry": { "type": "Polygon", "coordinates": [ [ [ -6.937627035159837, 33.91870876336742 ], [ -6.937649398479974, 33.918688646356429 ], [ -6.936642185836591, 33.917953324174178 ], [ -6.936254770371808, 33.91831433899759 ], [ -6.937229646780047, 33.919056374831442 ], [ -6.937627035159837, 33.91870876336742 ] ] ] } },
{ "type": "Feature", "properties": { "fid": 522, "indice": "R", "complement": "", "Consistance": "TN", "num": "T55406", "surface": 9346 }, "geometry": { "type": "Polygon", "coordinates": [ [ [ -6.935903617632841, 33.898058728014703 ], [ -6.936343628367058, 33.897679928259173 ], [ -6.935388922688446, 33.896779798240516 ], [ -6.935005459956471, 33.8970532774742 ], [ -6.934832538847732, 33.896938148148884 ], [ -6.934627051118721, 33.897061526853086 ], [ -6.935903617632841, 33.898058728014703 ] ] ] } },
{ "type": "Feature", "properties": { "fid": 523, "indice": "R", "complement": "", "Consistance": "TN", "num": "T55961", "surface": 9068 }, "geometry": { "type": "Polygon", "coordinates": [ [ [ -6.934885973876809, 33.933811659273367 ], [ -6.936158716396831, 33.93284632933851 ], [ -6.935981680981768, 33.932686156814405 ], [ -6.935362066446399, 33.932524197935265 ], [ -6.934572344935686, 33.933575594817299 ], [ -6.934885973876809, 33.933811659273367 ] ] ] } },
{ "type": "Feature", "properties": { "fid": 524, "indice": "R", "complement": "", "Consistance": "TN", "num": "T56725", "surface": 3738 }, "geometry": { "type": "Polygon", "coordinates": [ [ [ -6.939469023487958, 33.927610616741809 ], [ -6.939507407116372, 33.927578577509898 ], [ -6.939104636523881, 33.927257036190554 ], [ -6.93956509428856, 33.926864450398256 ], [ -6.939084376145225, 33.926478929547955 ], [ -6.93872459796687, 33.926874785585618 ], [ -6.938932709362708, 33.927018337872447 ], [ -6.938854432800706, 33.927119413199584 ], [ -6.939469023487958, 33.927610616741809 ] ] ] } },
{ "type": "Feature", "properties": { "fid": 532, "indice": "R", "complement": "", "Consistance": "TN", "num": "T6131", "surface": 15633 }, "geometry": { "type": "Polygon", "coordinates": [ [ [ -6.913934728626301, 33.915117540512156 ], [ -6.914694426245114, 33.914263249862842 ], [ -6.914831310383205, 33.914110070599719 ], [ -6.913933094310054, 33.91334528862614 ], [ -6.913112237462766, 33.914539436030253 ], [ -6.913934728626301, 33.915117540512156 ] ] ] } },
{ "type": "Feature", "properties": { "fid": 533, "indice": "R", "complement": "", "Consistance": "TN", "num": "T6133", "surface": 29387 }, "geometry": { "type": "Polygon", "coordinates": [ [ [ -6.934272067589991, 33.932010843437389 ], [ -6.934473088630046, 33.932058886709761 ], [ -6.935709442865711, 33.931056126041177 ], [ -6.935769958432309, 33.931051775925759 ], [ -6.93649094582457, 33.930460289674365 ], [ -6.935748736113928, 33.929972441613089 ], [ -6.934537355708158, 33.929139495954807 ], [ -6.933306471701996, 33.930144884638374 ], [ -6.933868620682556, 33.930301244343489 ], [ -6.935733492927413, 33.930824940256826 ], [ -6.934272067589991, 33.932010843437389 ] ] ] } },
{ "type": "Feature", "properties": { "fid": 536, "indice": "R", "complement": "", "Consistance": "TN", "num": "T62577", "surface": 2620 }, "geometry": { "type": "Polygon", "coordinates": [ [ [ -6.932668960146779, 33.932711428822024 ], [ -6.932817297529732, 33.932471506678212 ], [ -6.932060641840509, 33.932146158924596 ], [ -6.931924855566609, 33.932361574849629 ], [ -6.931095168963443, 33.932005547979109 ], [ -6.931083713798979, 33.93203094173878 ], [ -6.932668960146779, 33.932711428822024 ] ] ] } },
{ "type": "Feature", "properties": { "fid": 543, "indice": "R", "complement": "", "Consistance": "TN", "num": "T67189", "surface": 3085 }, "geometry": { "type": "Polygon", "coordinates": [ [ [ -6.938074011994683, 33.92814095766235 ], [ -6.937535328438273, 33.927842727427198 ], [ -6.937530432045171, 33.927932979381431 ], [ -6.93801585591136, 33.928217433375664 ], [ -6.938281508814109, 33.928372004594451 ], [ -6.938478965156155, 33.9285247077188 ], [ -6.939450571915013, 33.929013326483883 ], [ -6.939580438067176, 33.928892676058737 ], [ -6.938074011994683, 33.92814095766235 ] ] ] } },
{ "type": "Feature", "properties": { "fid": 545, "indice": "R", "complement": "", "Consistance": "TN", "num": "T6818", "surface": 11064 }, "geometry": { "type": "Polygon", "coordinates": [ [ [ -6.92815895775701, 33.920881102366721 ], [ -6.927609284199616, 33.921369437193015 ], [ -6.928615536836687, 33.922113861644917 ], [ -6.929441294335259, 33.922313920969152 ], [ -6.92958013480327, 33.92221120939675 ], [ -6.92815895775701, 33.920881102366721 ] ] ] } },
{ "type": "Feature", "properties": { "fid": 547, "indice": "38", "complement": "", "Consistance": "TN", "num": "T6889", "surface": 5399 }, "geometry": { "type": "Polygon", "coordinates": [ [ [ -6.936026046612092, 33.907383138042633 ], [ -6.935376486652715, 33.906923912534083 ], [ -6.934956921181917, 33.906625111087784 ], [ -6.934783649319025, 33.907043023458208 ], [ -6.935464538849032, 33.90756139458918 ], [ -6.935549688519966, 33.907482784293407 ], [ -6.9357503211856, 33.907634551294308 ], [ -6.936026046612092, 33.907383138042633 ] ] ] } },
{ "type": "Feature", "properties": { "fid": 553, "indice": "R", "complement": "", "Consistance": "TN", "num": "T69111", "surface": 7768 }, "geometry": { "type": "Polygon", "coordinates": [ [ [ -6.915574398124113, 33.859833867210291 ], [ -6.915245886715603, 33.858972890631875 ], [ -6.914453576851172, 33.859229617773217 ], [ -6.914754494147906, 33.860058460777317 ], [ -6.915550728434225, 33.859840467587119 ], [ -6.915574398124113, 33.859833867210291 ] ] ] } },
{ "type": "Feature", "properties": { "fid": 556, "indice": "R", "complement": "", "Consistance": "TN", "num": "T69777", "surface": 14278 }, "geometry": { "type": "Polygon", "coordinates": [ [ [ -6.920906107524094, 33.887719139517685 ], [ -6.920368338034351, 33.887022171445807 ], [ -6.918500855838363, 33.888148811784433 ], [ -6.918758273082998, 33.888398227071079 ], [ -6.919119378196806, 33.888206241983745 ], [ -6.919258212386412, 33.888353374313724 ], [ -6.920906107524094, 33.887719139517685 ] ] ] } },
{ "type": "Feature", "properties": { "fid": 558, "indice": "R", "complement": "", "Consistance": "TN", "num": "T70388", "surface": 37091 }, "geometry": { "type": "Polygon", "coordinates": [ [ [ -6.921609527595718, 33.919473633352027 ], [ -6.919946866681748, 33.918368241539447 ], [ -6.919804182891901, 33.918498948653962 ], [ -6.919660432806029, 33.918630570460408 ], [ -6.918394863675958, 33.919819326480059 ], [ -6.918691434608574, 33.920013248298339 ], [ -6.919190666531078, 33.920413052768907 ], [ -6.919478924097614, 33.920688246263047 ], [ -6.91986668281713, 33.920466175884258 ], [ -6.921609527595718, 33.919473633352027 ] ] ] } },
{ "type": "Feature", "properties": { "fid": 559, "indice": "R", "complement": "", "Consistance": "TN", "num": "T70528", "surface": 35116 }, "geometry": { "type": "Polygon", "coordinates": [ [ [ -6.935728058570872, 33.904657571045497 ], [ -6.935845502192907, 33.904386454024561 ], [ -6.935764384699151, 33.903774140347501 ], [ -6.935640384232846, 33.903673744553267 ], [ -6.935189331371242, 33.9018348409749 ], [ -6.934600694067111, 33.901454233162475 ], [ -6.933351312097147, 33.90224700922802 ], [ -6.93510908575956, 33.904030210502142 ], [ -6.935519909686049, 33.904447271030016 ], [ -6.935728058570872, 33.904657571045497 ] ] ] } },
{ "type": "Feature", "properties": { "fid": 560, "indice": "R", "complement": "", "Consistance": "TN", "num": "T70536", "surface": 11840 }, "geometry": { "type": "Polygon", "coordinates": [ [ [ -6.915925400108964, 33.881975676402547 ], [ -6.914787347487329, 33.882758807285803 ], [ -6.915388032670716, 33.883346805913831 ], [ -6.916572480576225, 33.882495462612752 ], [ -6.915925400108964, 33.881975676402547 ] ] ] } },
{ "type": "Feature", "properties": { "fid": 561, "indice": "R", "complement": "", "Consistance": "TN", "num": "T70537", "surface": 12392 }, "geometry": { "type": "Polygon", "coordinates": [ [ [ -6.914787300398988, 33.88275610206815 ], [ -6.914718009204694, 33.882689296347785 ], [ -6.913680673677512, 33.883419787300816 ], [ -6.913765571809117, 33.883513462601599 ], [ -6.914310347141146, 33.884120181298748 ], [ -6.914659627936893, 33.88387062838175 ], [ -6.915387985563386, 33.883344100696931 ], [ -6.914787300398988, 33.88275610206815 ] ] ] } },
{ "type": "Feature", "properties": { "fid": 562, "indice": "R", "complement": "", "Consistance": "TN", "num": "T70538", "surface": 13212 }, "geometry": { "type": "Polygon", "coordinates": [ [ [ -6.915438437759089, 33.881583825220069 ], [ -6.914950963749497, 33.881224447811064 ], [ -6.914031868547394, 33.881850690411852 ], [ -6.914800270769926, 33.882631478776887 ], [ -6.915847490759941, 33.881910779576202 ], [ -6.915438437759089, 33.881583825220069 ] ] ] } },
{ "type": "Feature", "properties": { "fid": 563, "indice": "R", "complement": "", "Consistance": "TN", "num": "T70539", "surface": 13999 }, "geometry": { "type": "Polygon", "coordinates": [ [ [ -6.914718009204694, 33.882689296347785 ], [ -6.913943120220821, 33.881908585995966 ], [ -6.912928867867137, 33.882598204790682 ], [ -6.913105289255016, 33.882793593599438 ], [ -6.913680673677512, 33.883419787300816 ], [ -6.914718009204694, 33.882689296347785 ] ] ] } },
{ "type": "Feature", "properties": { "fid": 570, "indice": "R", "complement": "", "Consistance": "TN", "num": "T71628", "surface": 3011 }, "geometry": { "type": "Polygon", "coordinates": [ [ [ -6.940886289088039, 33.927299152265718 ], [ -6.940366173620615, 33.926888867561601 ], [ -6.940033913771213, 33.927188785332767 ], [ -6.940550816221088, 33.92760091475877 ], [ -6.940886289088039, 33.927299152265718 ] ] ] } },
{ "type": "Feature", "properties": { "fid": 573, "indice": "R", "complement": "", "Consistance": "TN", "num": "T73127", "surface": 39890 }, "geometry": { "type": "Polygon", "coordinates": [ [ [ -6.915353072054388, 33.862583845618119 ], [ -6.913199764422271, 33.864345238569364 ], [ -6.911215801355771, 33.865963844757488 ], [ -6.911834613698522, 33.866483096083378 ], [ -6.913651406744433, 33.864950383432713 ], [ -6.91563330981041, 33.863279449955151 ], [ -6.915353072054388, 33.862583845618119 ] ] ] } },
{ "type": "Feature", "properties": { "fid": 576, "indice": "R", "complement": "", "Consistance": "TN", "num": "T73619", "surface": 7914 }, "geometry": { "type": "Polygon", "coordinates": [ [ [ -6.942282706340944, 33.924531100087279 ], [ -6.942196784130001, 33.924627762278924 ], [ -6.942169406104779, 33.924609159293041 ], [ -6.941855997557199, 33.924934103805825 ], [ -6.941147378709329, 33.924570338129129 ], [ -6.940955415247665, 33.924849590900955 ], [ -6.942018507846269, 33.925495801518927 ], [ -6.942695525338217, 33.924809215483265 ], [ -6.942282706340944, 33.924531100087279 ] ] ] } },
{ "type": "Feature", "properties": { "fid": 580, "indice": "R", "complement": "", "Consistance": "TN", "num": "T75151", "surface": 19859 }, "geometry": { "type": "Polygon", "coordinates": [ [ [ -6.919998513461322, 33.865044779191038 ], [ -6.91751737617771, 33.867101553660916 ], [ -6.917744496406422, 33.867663408834794 ], [ -6.920432342306172, 33.865431848205247 ], [ -6.919998513461322, 33.865044779191038 ] ] ] } },
{ "type": "Feature", "properties": { "fid": 585, "indice": "R", "complement": "", "Consistance": "TN", "num": "T78021", "surface": 10022 }, "geometry": { "type": "Polygon", "coordinates": [ [ [ -6.928243353335939, 33.860964966467428 ], [ -6.92765652942174, 33.860423757435498 ], [ -6.927625626542375, 33.860449389144193 ], [ -6.926697229374687, 33.861205725529658 ], [ -6.927301268084317, 33.861742219013188 ], [ -6.928243353335939, 33.860964966467428 ] ] ] } },
{ "type": "Feature", "properties": { "fid": 586, "indice": "R", "complement": "", "Consistance": "TN", "num": "T78022", "surface": 9984 }, "geometry": { "type": "Polygon", "coordinates": [ [ [ -6.92840537193952, 33.859663294331483 ], [ -6.927573020420656, 33.860347210778613 ], [ -6.92765652942174, 33.860423757435498 ], [ -6.928243353335939, 33.860964966467428 ], [ -6.929076738869107, 33.860278327252203 ], [ -6.92840537193952, 33.859663294331483 ] ] ] } },
{ "type": "Feature", "properties": { "fid": 587, "indice": "R", "complement": "P1", "Consistance": "TN", "num": "T78023", "surface": 18696 }, "geometry": { "type": "Polygon", "coordinates": [ [ [ -6.926522299908265, 33.85943014182012 ], [ -6.925547362399941, 33.860183430223103 ], [ -6.926697229374687, 33.861205725529658 ], [ -6.927625626542375, 33.860449389144193 ], [ -6.926522299908265, 33.85943014182012 ] ] ] } },
{ "type": "Feature", "properties": { "fid": 588, "indice": "R", "complement": "", "Consistance": "TN", "num": "T78025", "surface": 20058 }, "geometry": { "type": "Polygon", "coordinates": [ [ [ -6.925433319070733, 33.858426042707748 ], [ -6.924273424930615, 33.859050796234307 ], [ -6.925547362399941, 33.860183430223103 ], [ -6.926522299908265, 33.85943014182012 ], [ -6.925433319070733, 33.858426042707748 ] ] ] } },
{ "type": "Feature", "properties": { "fid": 589, "indice": "R", "complement": "", "Consistance": "TN", "num": "T78026", "surface": 10084 }, "geometry": { "type": "Polygon", "coordinates": [ [ [ -6.927074714313835, 33.858442089583214 ], [ -6.926453886050812, 33.857871525982006 ], [ -6.925469736849606, 33.858406657822364 ], [ -6.926211482779799, 33.859091198722687 ], [ -6.927074714313835, 33.858442089583214 ] ] ] } },
{ "type": "Feature", "properties": { "fid": 590, "indice": "R", "complement": "", "Consistance": "TN", "num": "T78027", "surface": 21362 }, "geometry": { "type": "Polygon", "coordinates": [ [ [ -6.923920001554955, 33.85714209286823 ], [ -6.92296651091974, 33.857885179118092 ], [ -6.924228398341668, 33.859010757794529 ], [ -6.925285492486881, 33.858442276648219 ], [ -6.923920001554955, 33.85714209286823 ] ] ] } },
{ "type": "Feature", "properties": { "fid": 591, "indice": "R", "complement": "", "Consistance": "TN", "num": "T78029", "surface": 12212 }, "geometry": { "type": "Polygon", "coordinates": [ [ [ -6.923206486952884, 33.856462606153961 ], [ -6.922452282763201, 33.855743023463233 ], [ -6.921676909571192, 33.856285505474283 ], [ -6.922069285188992, 33.857086161454021 ], [ -6.922227419784706, 33.857226743024704 ], [ -6.923206486952884, 33.856462606153961 ] ] ] } },
{ "type": "Feature", "properties": { "fid": 592, "indice": "R", "complement": "", "Consistance": "TN", "num": "T78064", "surface": 3701 }, "geometry": { "type": "Polygon", "coordinates": [ [ [ -6.930958008580436, 33.886839821001615 ], [ -6.930678534737347, 33.886321924985772 ], [ -6.930087619916024, 33.886604241965237 ], [ -6.930329187655089, 33.88705766393354 ], [ -6.930958008580436, 33.886839821001615 ] ] ] } },
{ "type": "Feature", "properties": { "fid": 595, "indice": "R", "complement": "", "Consistance": "TN", "num": "T78503", "surface": 7151 }, "geometry": { "type": "Polygon", "coordinates": [ [ [ -6.927030720907848, 33.88477639941668 ], [ -6.92740597490956, 33.884591432512991 ], [ -6.927509311921797, 33.884748910575468 ], [ -6.928445283192007, 33.886072335861854 ], [ -6.9281479834625, 33.886262667096247 ], [ -6.927030720907848, 33.88477639941668 ] ] ] } },
{ "type": "Feature", "properties": { "fid": 596, "indice": "R", "complement": "", "Consistance": "TN", "num": "T78504", "surface": 6683 }, "geometry": { "type": "Polygon", "coordinates": [ [ [ -6.9281479834625, 33.886262667096247 ], [ -6.927030720907848, 33.88477639941668 ], [ -6.926714456753443, 33.8849335874053 ], [ -6.927854975644931, 33.886451141322901 ], [ -6.9281479834625, 33.886262667096247 ] ] ] } },
{ "type": "Feature", "properties": { "fid": 600, "indice": "R", "complement": "", "Consistance": "TN", "num": "T79150", "surface": 2373 }, "geometry": { "type": "Polygon", "coordinates": [ [ [ -6.931095168963443, 33.932005547979109 ], [ -6.931924855566609, 33.932361574849629 ], [ -6.932060641840509, 33.932146158924596 ], [ -6.931954882628531, 33.93210055364959 ], [ -6.93157654936339, 33.931937426860607 ], [ -6.931446816768143, 33.931882193402558 ], [ -6.931198265142623, 33.931777004084495 ], [ -6.931095168963443, 33.932005547979109 ] ] ] } },
{ "type": "Feature", "properties": { "fid": 603, "indice": "03", "complement": "", "Consistance": "TN", "num": "T80242", "surface": 4607 }, "geometry": { "type": "Polygon", "coordinates": [ [ [ -6.921392991843281, 33.879257627163575 ], [ -6.92137752759921, 33.879115310103884 ], [ -6.920957403562493, 33.878774077130821 ], [ -6.92039667564844, 33.879111902009683 ], [ -6.920927780607529, 33.879615939031773 ], [ -6.921392991843281, 33.879257627163575 ] ] ] } },
{ "type": "Feature", "properties": { "fid": 605, "indice": "03", "complement": "", "Consistance": "TN", "num": "T80454", "surface": 7709 }, "geometry": { "type": "Polygon", "coordinates": [ [ [ -6.93242414632808, 33.85574750570445 ], [ -6.931919058593998, 33.855304527660358 ], [ -6.931028091392472, 33.856032480001531 ], [ -6.93158137267, 33.856449617048312 ], [ -6.93242414632808, 33.85574750570445 ] ] ] } },
{ "type": "Feature", "properties": { "fid": 607, "indice": "03", "complement": "", "Consistance": "TN", "num": "T81758", "surface": 9399 }, "geometry": { "type": "Polygon", "coordinates": [ [ [ -6.930380690434522, 33.85554974875911 ], [ -6.931028091392472, 33.856032480001531 ], [ -6.931919058593998, 33.855304527660358 ], [ -6.931334919231633, 33.854792164250661 ], [ -6.930380690434522, 33.85554974875911 ] ] ] } },
{ "type": "Feature", "properties": { "fid": 610, "indice": "03", "complement": "", "Consistance": "TN", "num": "T83417", "surface": 5026 }, "geometry": { "type": "Polygon", "coordinates": [ [ [ -6.927777343513796, 33.899030375127012 ], [ -6.92767482498047, 33.899166915689648 ], [ -6.928300428286692, 33.899684197048018 ], [ -6.929066722349489, 33.900082505789982 ], [ -6.929304230130906, 33.899810829353122 ], [ -6.928609423456757, 33.899356631271353 ], [ -6.928430745564373, 33.899529277920607 ], [ -6.927777343513796, 33.899030375127012 ] ] ] } },
{ "type": "Feature", "properties": { "fid": 612, "indice": "R", "complement": "", "Consistance": "TN", "num": "T8370", "surface": 114503 }, "geometry": { "type": "Polygon", "coordinates": [ [ [ -6.920106930763559, 33.897006975088765 ], [ -6.918872671121595, 33.89724473923058 ], [ -6.918776252707922, 33.89717375557187 ], [ -6.918688501013856, 33.897103568573634 ], [ -6.918223811079817, 33.897249908162266 ], [ -6.917847793071638, 33.896465285400758 ], [ -6.917884354306122, 33.89645311684999 ], [ -6.917746107227032, 33.896340249320012 ], [ -6.917564748364962, 33.896236021855493 ], [ -6.917445754227318, 33.895986729729579 ], [ -6.917102655230144, 33.895972851712216 ], [ -6.915955576026025, 33.89531662399704 ], [ -6.915882404193641, 33.895276021933213 ], [ -6.916656343837339, 33.894443184861501 ], [ -6.916720660428019, 33.894472168786905 ], [ -6.916747190447487, 33.894442985557291 ], [ -6.915605004186707, 33.893693796870053 ], [ -6.914465618223269, 33.892607243525219 ], [ -6.914077674442764, 33.892936632092187 ], [ -6.913613065818209, 33.893335493215638 ], [ -6.91262953449587, 33.894058104859241 ], [ -6.915238412624907, 33.896056772393358 ], [ -6.915220312491663, 33.896073226237789 ], [ -6.916306466399774, 33.89677078553963 ], [ -6.917038500817911, 33.897752226092855 ], [ -6.917406278231542, 33.897568283510715 ], [ -6.917596557936089, 33.897687735717845 ], [ -6.918147488206707, 33.897462786635849 ], [ -6.918547134733727, 33.8982994332071 ], [ -6.919338277483946, 33.897584523861035 ], [ -6.920106930763559, 33.897006975088765 ] ] ] } },
{ "type": "Feature", "properties": { "fid": 613, "indice": "03", "complement": "", "Consistance": "TN", "num": "T83742", "surface": 9057 }, "geometry": { "type": "Polygon", "coordinates": [ [ [ -6.941836361040004, 33.897214615352524 ], [ -6.940971793128478, 33.896643522178998 ], [ -6.940487078540532, 33.896389735412598 ], [ -6.940390863586212, 33.896514484124658 ], [ -6.940151224441101, 33.896357792766871 ], [ -6.93993650828166, 33.896509253692457 ], [ -6.941385962375469, 33.897616110975171 ], [ -6.941836361040004, 33.897214615352524 ] ] ] } },
{ "type": "Feature", "properties": { "fid": 614, "indice": "R", "complement": "", "Consistance": "TN", "num": "T8378", "surface": 44118 }, "geometry": { "type": "Polygon", "coordinates": [ [ [ -6.92148634591124, 33.880143991948636 ], [ -6.919397194108551, 33.878165292557966 ], [ -6.917947395097879, 33.876693804497634 ], [ -6.917228555597208, 33.877203998926355 ], [ -6.918435538794615, 33.87826986779281 ], [ -6.919309857368075, 33.879108871292807 ], [ -6.920947457591655, 33.880989340403353 ], [ -6.921515072251852, 33.880488180160434 ], [ -6.92148634591124, 33.880143991948636 ] ] ] } },
{ "type": "Feature", "properties": { "fid": 616, "indice": "03", "complement": "", "Consistance": "TN", "num": "T83976", "surface": 12158 }, "geometry": { "type": "Polygon", "coordinates": [ [ [ -6.920087651468552, 33.862781641324524 ], [ -6.91903180573275, 33.860205010154537 ], [ -6.918594021126046, 33.860332989834504 ], [ -6.919672502364607, 33.862844410044083 ], [ -6.920087651468552, 33.862781641324524 ] ] ] } },
{ "type": "Feature", "properties": { "fid": 617, "indice": "03", "complement": "", "Consistance": "TN", "num": "T83977", "surface": 4552 }, "geometry": { "type": "Polygon", "coordinates": [ [ [ -6.920463760776812, 33.863702455942764 ], [ -6.920463682019372, 33.863697947221439 ], [ -6.920087651468552, 33.862781641324524 ], [ -6.919672502364607, 33.862844410044083 ], [ -6.920157159447046, 33.863975861490111 ], [ -6.920463760776812, 33.863702455942764 ] ] ] } },
{ "type": "Feature", "properties": { "fid": 627, "indice": "03", "complement": "", "Consistance": "TN", "num": "T87175", "surface": 15682 }, "geometry": { "type": "Polygon", "coordinates": [ [ [ -6.946328373511438, 33.903006381330087 ], [ -6.946650298238447, 33.902739941960625 ], [ -6.94686566663635, 33.902564109786589 ], [ -6.945616545063509, 33.901174342191482 ], [ -6.945286388851695, 33.901342570643813 ], [ -6.945011859140731, 33.901110557546673 ], [ -6.944722370230047, 33.901315261392881 ], [ -6.946328373511438, 33.903006381330087 ] ] ] } },
{ "type": "Feature", "properties": { "fid": 628, "indice": "38", "complement": "", "Consistance": "TN", "num": "T888", "surface": 20032 }, "geometry": { "type": "Polygon", "coordinates": [ [ [ -6.922241275265981, 33.864757746565694 ], [ -6.921493594062631, 33.864105725088102 ], [ -6.920746957731458, 33.863450980624535 ], [ -6.920723523762245, 33.863471108136999 ], [ -6.922057515326711, 33.864636417682604 ], [ -6.921406323099109, 33.865174678407207 ], [ -6.920749765269372, 33.865715706589583 ], [ -6.920831001203092, 33.865785971746909 ], [ -6.921590803252932, 33.866450476577356 ], [ -6.922922019454121, 33.865352854721387 ], [ -6.922241275265981, 33.864757746565694 ] ] ] } },
{ "type": "Feature", "properties": { "fid": 629, "indice": "03", "complement": "", "Consistance": "TN", "num": "T88879", "surface": 4578 }, "geometry": { "type": "Polygon", "coordinates": [ [ [ -6.926707929400415, 33.913532829060685 ], [ -6.9264568354057, 33.913341076935851 ], [ -6.92664208236495, 33.913171059954976 ], [ -6.926574108398357, 33.913119577685841 ], [ -6.926582634213982, 33.91311225831609 ], [ -6.926437907549443, 33.913002185379753 ], [ -6.926349499592416, 33.913080828897421 ], [ -6.926335202118969, 33.913067474452461 ], [ -6.925763984015086, 33.913558771506153 ], [ -6.926263179761208, 33.913956745210704 ], [ -6.926707929400415, 33.913532829060685 ] ] ] } },
{ "type": "Feature", "properties": { "fid": 631, "indice": "38", "complement": "", "Consistance": "TN", "num": "T9167", "surface": 3076 }, "geometry": { "type": "Polygon", "coordinates": [ [ [ -6.93969178875226, 33.901994179752755 ], [ -6.939604589769566, 33.901956469825521 ], [ -6.938937302368976, 33.901472226377479 ], [ -6.938794515886943, 33.901288185490927 ], [ -6.938627842399786, 33.901404779715392 ], [ -6.938555199935977, 33.901456180800309 ], [ -6.938973690587629, 33.901817216706817 ], [ -6.939481036074686, 33.902187079268856 ], [ -6.93969178875226, 33.901994179752755 ] ] ] } },
{ "type": "Feature", "properties": { "fid": 632, "indice": "03", "complement": "", "Consistance": "TN", "num": "T91945", "surface": 20020 }, "geometry": { "type": "Polygon", "coordinates": [ [ [ -6.922265701992076, 33.863434309370177 ], [ -6.921527900498094, 33.864089072917523 ], [ -6.920785603543821, 33.863435177827284 ], [ -6.920746910468329, 33.863448275391583 ], [ -6.921493546775942, 33.864103019856039 ], [ -6.922241227955702, 33.864755041334519 ], [ -6.922921972122364, 33.865350149490993 ], [ -6.923706396717861, 33.864702927459845 ], [ -6.922265701992076, 33.863434309370177 ] ] ] } },
{ "type": "Feature", "properties": { "fid": 635, "indice": "03", "complement": "", "Consistance": "TN", "num": "T93867", "surface": 15012 }, "geometry": { "type": "Polygon", "coordinates": [ [ [ -6.925504803800932, 33.856212716149848 ], [ -6.925931561567199, 33.855889125561731 ], [ -6.924950780224687, 33.85501087485973 ], [ -6.924045508946715, 33.855665894240794 ], [ -6.925004703166971, 33.856546218936309 ], [ -6.925032166701718, 33.856571138327965 ], [ -6.925504803800932, 33.856212716149848 ] ] ] } },
{ "type": "Feature", "properties": { "fid": 636, "indice": "38", "complement": "", "Consistance": "TN", "num": "T940", "surface": 9626 }, "geometry": { "type": "Polygon", "coordinates": [ [ [ -6.92253114452338, 33.860684681775162 ], [ -6.92180078795682, 33.861145440828196 ], [ -6.922300535667529, 33.862025962884324 ], [ -6.923182982073279, 33.861235945931355 ], [ -6.92253114452338, 33.860684681775162 ] ] ] } },
{ "type": "Feature", "properties": { "fid": 638, "indice": "38", "complement": "", "Consistance": "TN", "num": "T950", "surface": 22259 }, "geometry": { "type": "Polygon", "coordinates": [ [ [ -6.924290608760282, 33.864230410156736 ], [ -6.923488893437534, 33.863518629136507 ], [ -6.922096570343379, 33.862294516483807 ], [ -6.921538790243368, 33.862794662333613 ], [ -6.923706444073644, 33.864705632690566 ], [ -6.924290608760282, 33.864230410156736 ] ] ] } },
{ "type": "Feature", "properties": { "fid": 639, "indice": "38", "complement": "", "Consistance": "TN", "num": "T951", "surface": 6371 }, "geometry": { "type": "Polygon", "coordinates": [ [ [ -6.923748853045497, 33.863298997705776 ], [ -6.922338028050707, 33.862067897562738 ], [ -6.922096570343379, 33.862294516483807 ], [ -6.923488893437534, 33.863518629136507 ], [ -6.923748853045497, 33.863298997705776 ] ] ] } },
{ "type": "Feature", "properties": { "fid": 640, "indice": "38", "complement": "", "Consistance": "TN", "num": "T952", "surface": 4987 }, "geometry": { "type": "Polygon", "coordinates": [ [ [ -6.924092679187002, 33.862003235398745 ], [ -6.923231267833517, 33.861276846970071 ], [ -6.922923650158318, 33.861552977917249 ], [ -6.923728104426922, 33.86229900297073 ], [ -6.924092679187002, 33.862003235398745 ] ] ] } },
{ "type": "Feature", "properties": { "fid": 641, "indice": "38", "complement": "", "Consistance": "TN", "num": "T953", "surface": 21020 }, "geometry": { "type": "Polygon", "coordinates": [ [ [ -6.925066381404115, 33.863584186485355 ], [ -6.922900217203336, 33.86157310585024 ], [ -6.922343511489712, 33.862072340502849 ], [ -6.923748853045497, 33.863298997705776 ], [ -6.924570806261085, 33.863993393644279 ], [ -6.925066381404115, 33.863584186485355 ] ] ] } },
{ "type": "Feature", "properties": { "fid": 642, "indice": "38", "complement": "", "Consistance": "TN", "num": "T954", "surface": 3849 }, "geometry": { "type": "Polygon", "coordinates": [ [ [ -6.924570806261085, 33.863993393644279 ], [ -6.923748853045497, 33.863298997705776 ], [ -6.923488893437534, 33.863518629136507 ], [ -6.924290608760282, 33.864230410156736 ], [ -6.924570806261085, 33.863993393644279 ] ] ] } },
{ "type": "Feature", "properties": { "fid": 644, "indice": "38", "complement": "", "Consistance": "TN", "num": "T955", "surface": 9695 }, "geometry": { "type": "Polygon", "coordinates": [ [ [ -6.925521492880263, 33.863210646312723 ], [ -6.924092679187002, 33.862003235398745 ], [ -6.923728104426922, 33.86229900297073 ], [ -6.925090911134322, 33.863564946723507 ], [ -6.925521492880263, 33.863210646312723 ] ] ] } },
{ "type": "Feature", "properties": { "fid": 647, "indice": "03", "complement": "", "Consistance": "TN", "num": "T96518", "surface": 4393 }, "geometry": { "type": "Polygon", "coordinates": [ [ [ -6.916341688013786, 33.901522598504954 ], [ -6.915134953317681, 33.900363813102238 ], [ -6.914936671586804, 33.900530363976948 ], [ -6.91612801479336, 33.901674906931326 ], [ -6.916341688013786, 33.901522598504954 ] ] ] } },
{ "type": "Feature", "properties": { "fid": 648, "indice": "03", "complement": "", "Consistance": "TN", "num": "T97386", "surface": 6226 }, "geometry": { "type": "Polygon", "coordinates": [ [ [ -6.916592691005149, 33.901340073781057 ], [ -6.915694007543316, 33.900479704208728 ], [ -6.9158734667629, 33.900350359020941 ], [ -6.915517660623594, 33.900042603187572 ], [ -6.915134953317681, 33.900363813102238 ], [ -6.916341688013786, 33.901522598504954 ], [ -6.916592691005149, 33.901340073781057 ] ] ] } },
{ "type": "Feature", "properties": { "fid": 649, "indice": "03", "complement": "", "Consistance": "TN", "num": "T97387", "surface": 5888 }, "geometry": { "type": "Polygon", "coordinates": [ [ [ -6.916038678805623, 33.900210363090622 ], [ -6.9158734667629, 33.900350359020941 ], [ -6.915694007543316, 33.900479704208728 ], [ -6.916592691005149, 33.901340073781057 ], [ -6.916663199252663, 33.901289613392613 ], [ -6.916993234209917, 33.901049308688442 ], [ -6.916038678805623, 33.900210363090622 ] ] ] } },
{ "type": "Feature", "properties": { "fid": 650, "indice": "03", "complement": "", "Consistance": "TN", "num": "T97388", "surface": 12234 }, "geometry": { "type": "Polygon", "coordinates": [ [ [ -6.916993234209917, 33.901049308688442 ], [ -6.917630888183761, 33.900586104973328 ], [ -6.917152563025714, 33.900261801148417 ], [ -6.917537075379007, 33.8998584879497 ], [ -6.917255211911108, 33.899635522991886 ], [ -6.917108246633611, 33.899519152844 ], [ -6.916809471259556, 33.899814998434522 ], [ -6.916243336036624, 33.900037419693732 ], [ -6.916038678805623, 33.900210363090622 ], [ -6.916993234209917, 33.901049308688442 ] ] ] } },
{ "type": "Feature", "properties": { "fid": 654, "indice": "38", "complement": "", "Consistance": "TN", "num": "T9927", "surface": 10449 }, "geometry": { "type": "Polygon", "coordinates": [ [ [ -6.926234313280368, 33.900596007768229 ], [ -6.925977423488076, 33.900873326078873 ], [ -6.928010488645734, 33.902513469930661 ], [ -6.928331750539669, 33.902267830677381 ], [ -6.926234313280368, 33.900596007768229 ] ] ] } },
{ "type": "Feature", "properties": { "fid": 655, "indice": "R", "complement": "", "Consistance": "TN", "num": "T9970", "surface": 17164 }, "geometry": { "type": "Polygon", "coordinates": [ [ [ -6.933851936854563, 33.910458306906264 ], [ -6.933330768324423, 33.91083989355289 ], [ -6.935382846528301, 33.912555445091229 ], [ -6.935874193940784, 33.912139041135568 ], [ -6.933851936854563, 33.910458306906264 ] ] ] } },
{ "type": "Feature", "properties": { "fid": 656, "indice": "03", "complement": "", "Consistance": "TN", "num": "T99703", "surface": 13260 }, "geometry": { "type": "Polygon", "coordinates": [ [ [ -6.927485012941585, 33.855886396815869 ], [ -6.926655025337933, 33.855162352902077 ], [ -6.926515365648666, 33.855274094229223 ], [ -6.926369243298952, 33.855140586853786 ], [ -6.925674567581459, 33.855659560731389 ], [ -6.926633382853031, 33.856517329294476 ], [ -6.927485012941585, 33.855886396815869 ] ] ] } },
{ "type": "Feature", "properties": { "fid": 659, "indice": "R", "complement": "P1", "Consistance": "TN", "num": "T67945", "surface": 15123 }, "geometry": { "type": "Polygon", "coordinates": [ [ [ -6.912365952600874, 33.921828738501013 ], [ -6.911794409723672, 33.922371381807459 ], [ -6.912682900614818, 33.922821526294548 ], [ -6.9136823596334, 33.923306399222703 ], [ -6.913798144108618, 33.923183240184358 ], [ -6.914126322299164, 33.922768898501786 ], [ -6.912365952600874, 33.921828738501013 ] ] ] } },
{ "type": "Feature", "properties": { "fid": 664, "indice": "R", "complement": "SOLDE", "Consistance": "TN", "num": "T68041", "surface": 6023 }, "geometry": { "type": "Polygon", "coordinates": [ [ [ -6.926085428507523, 33.884029410627505 ], [ -6.926783033547423, 33.883664636502623 ], [ -6.926494554520794, 33.883247857140844 ], [ -6.926375019278816, 33.883091477767913 ], [ -6.925709046311969, 33.883409865507822 ], [ -6.925345204016636, 33.88288847673055 ], [ -6.925299187631059, 33.88291609569923 ], [ -6.925743489601365, 33.883523990616887 ], [ -6.926040583826414, 33.883938862689853 ], [ -6.925989176975638, 33.883967449581597 ], [ -6.926048984330401, 33.884047893788029 ], [ -6.926085428507523, 33.884029410627505 ] ] ] } },
{ "type": "Feature", "properties": { "fid": 665, "indice": "R", "complement": "", "Consistance": "TN", "num": "T63213", "surface": 17521 }, "geometry": { "type": "Polygon", "coordinates": [ [ [ -6.936938769675963, 33.904736507012146 ], [ -6.936658700966988, 33.9044964267068 ], [ -6.935809778592753, 33.905120157619173 ], [ -6.936243860386772, 33.905444933924812 ], [ -6.937251960519414, 33.906238874899486 ], [ -6.937942624302559, 33.90559633527527 ], [ -6.936938769675963, 33.904736507012146 ] ] ] } },
{ "type": "Feature", "properties": { "fid": 668, "indice": "R", "complement": "", "Consistance": "TN", "num": "T72644", "surface": 8155 }, "geometry": { "type": "Polygon", "coordinates": [ [ [ -6.934328307558177, 33.929310717108898 ], [ -6.933389785627486, 33.928610605008494 ], [ -6.933033108669817, 33.92887743181528 ], [ -6.933058306698491, 33.928895161546492 ], [ -6.932913063470886, 33.929064696934432 ], [ -6.933159142128873, 33.929275437470743 ], [ -6.933757648546791, 33.929775884646318 ], [ -6.934040322143144, 33.929546039522229 ], [ -6.934328307558177, 33.929310717108898 ] ] ] } },
{ "type": "Feature", "properties": { "fid": 670, "indice": "R", "complement": "", "Consistance": "TN", "num": "T65668", "surface": 29119 }, "geometry": { "type": "Polygon", "coordinates": [ [ [ -6.916572480576225, 33.882495462612752 ], [ -6.915387985563386, 33.883344100696931 ], [ -6.914659627936893, 33.88387062838175 ], [ -6.91571430677911, 33.884694844918243 ], [ -6.916640230723598, 33.883962982287834 ], [ -6.916748908996714, 33.883869667972462 ], [ -6.917441142916394, 33.883194747774859 ], [ -6.916572480576225, 33.882495462612752 ] ] ] } },
{ "type": "Feature", "properties": { "fid": 673, "indice": "38", "complement": "P1", "Consistance": "TN", "num": "T9334", "surface": 18616 }, "geometry": { "type": "Polygon", "coordinates": [ [ [ -6.939999875780199, 33.909133637945807 ], [ -6.93918754386044, 33.908586242608315 ], [ -6.939151363386007, 33.908620058808204 ], [ -6.938631737527848, 33.908291834798867 ], [ -6.938509263939224, 33.908400669569588 ], [ -6.938110464650547, 33.908787987710951 ], [ -6.938126862448074, 33.908797707332226 ], [ -6.937950633983349, 33.908986571533291 ], [ -6.937854066722158, 33.909092381461363 ], [ -6.939162156035136, 33.909963793070062 ], [ -6.939999875780199, 33.909133637945807 ] ] ] } },
{ "type": "Feature", "properties": { "fid": 674, "indice": "38", "complement": "", "Consistance": "TN", "num": "T123412", "surface": 6350 }, "geometry": { "type": "Polygon", "coordinates": [ [ [ -6.927220702398004, 33.898497818627831 ], [ -6.926816465100837, 33.898822033604361 ], [ -6.926519940917562, 33.899059250240775 ], [ -6.92728634795495, 33.899464783831135 ], [ -6.927489123992003, 33.899247650301099 ], [ -6.927769039092123, 33.898865424075971 ], [ -6.927220702398004, 33.898497818627831 ] ] ] } },
{ "type": "Feature", "properties": { "fid": 675, "indice": "38", "complement": "P1", "Consistance": "TN", "num": "T52477", "surface": 24412 }, "geometry": { "type": "Polygon", "coordinates": [ [ [ -6.92905217621674, 33.889961255297685 ], [ -6.929042539924169, 33.889966784637906 ], [ -6.928783769668573, 33.889703877825383 ], [ -6.926672809443398, 33.887491066374054 ], [ -6.92630351859549, 33.888201782664929 ], [ -6.928239105446209, 33.890096557479474 ], [ -6.928574751982842, 33.890426170826288 ], [ -6.929149086254816, 33.89006018500362 ], [ -6.92905217621674, 33.889961255297685 ] ] ] } },
{ "type": "Feature", "properties": { "fid": 676, "indice": "38", "complement": "P2", "Consistance": "TN", "num": "T20726", "surface": 28184 }, "geometry": { "type": "Polygon", "coordinates": [ [ [ -6.942146694170168, 33.903678511595281 ], [ -6.941294940769613, 33.904506150632699 ], [ -6.94314367480442, 33.90585609746342 ], [ -6.943650545055895, 33.90540429455119 ], [ -6.944051659108058, 33.90502775235796 ], [ -6.942146694170168, 33.903678511595281 ] ] ] } },
{ "type": "Feature", "properties": { "fid": 679, "indice": "R", "complement": "", "Consistance": "TN", "num": "T57895", "surface": 4531 }, "geometry": { "type": "Polygon", "coordinates": [ [ [ -6.929980145299376, 33.887626540932906 ], [ -6.92959702972162, 33.88779537665566 ], [ -6.930268271508301, 33.888759448359622 ], [ -6.930591633336343, 33.888636438172952 ], [ -6.929980145299376, 33.887626540932906 ] ] ] } },
{ "type": "Feature", "properties": { "fid": 683, "indice": "R", "complement": "", "Consistance": "TN", "num": "T24917", "surface": 19354 }, "geometry": { "type": "Polygon", "coordinates": [ [ [ -6.931743450163367, 33.913767129348884 ], [ -6.931946077376718, 33.91397028734383 ], [ -6.93229549482363, 33.914215842012432 ], [ -6.931875091038885, 33.914546582289766 ], [ -6.931695290980901, 33.914718344203884 ], [ -6.932757681384467, 33.915397111164502 ], [ -6.933839804936811, 33.914678550785261 ], [ -6.932035795178979, 33.913536266594974 ], [ -6.931743450163367, 33.913767129348884 ] ] ] } },
{ "type": "Feature", "properties": { "fid": 686, "indice": "R", "complement": "", "Consistance": "TN", "num": "T72688", "surface": 2498 }, "geometry": { "type": "Polygon", "coordinates": [ [ [ -6.940072917234989, 33.918575871317223 ], [ -6.940327507438846, 33.918290436874024 ], [ -6.9393788359742, 33.917440773766238 ], [ -6.940072917234989, 33.918575871317223 ] ] ] } },
{ "type": "Feature", "properties": { "fid": 687, "indice": "R", "complement": "P2", "Consistance": "TN", "num": "T6130", "surface": 30415 }, "geometry": { "type": "Polygon", "coordinates": [ [ [ -6.913582728413355, 33.897373779563836 ], [ -6.912611492124427, 33.896317645557033 ], [ -6.91212582780843, 33.896004234374949 ], [ -6.911161525905644, 33.897089174552477 ], [ -6.912636386984452, 33.897936299233251 ], [ -6.912577131693782, 33.898011875266604 ], [ -6.913100140565586, 33.898419535099826 ], [ -6.913866831999089, 33.897602137208786 ], [ -6.913582728413355, 33.897373779563836 ] ] ] } },
{ "type": "Feature", "properties": { "fid": 690, "indice": "38", "complement": "P2", "Consistance": "TN", "num": "T52477", "surface": 2070 }, "geometry": { "type": "Polygon", "coordinates": [ [ [ -6.926564649839346, 33.887367017976068 ], [ -6.926133484221101, 33.887632935751242 ], [ -6.925897968716387, 33.887770195849178 ], [ -6.926226424123921, 33.888122451470117 ], [ -6.926597830269343, 33.887409003792378 ], [ -6.926564649839346, 33.887367017976068 ] ] ] } },
{ "type": "Feature", "properties": { "fid": 695, "indice": "38", "complement": "P2", "Consistance": "TN", "num": "T9334", "surface": 5895 }, "geometry": { "type": "Polygon", "coordinates": [ [ [ -6.94022819612487, 33.909321134069849 ], [ -6.939410834004676, 33.910140217166493 ], [ -6.939775701587065, 33.910402697847914 ], [ -6.940666166717667, 33.909680120284662 ], [ -6.94022819612487, 33.909321134069849 ] ] ] } },
{ "type": "Feature", "properties": { "fid": 698, "indice": "R", "complement": "", "Consistance": "TN", "num": "T10404", "surface": 8299 }, "geometry": { "type": "Polygon", "coordinates": [ [ [ -6.932322746765236, 33.913306371079905 ], [ -6.932288724764852, 33.913340158755183 ], [ -6.932037958289264, 33.913536240114908 ], [ -6.933840902405232, 33.914679439256581 ], [ -6.934209781667652, 33.914433202692805 ], [ -6.932322746765236, 33.913306371079905 ] ] ] } },
{ "type": "Feature", "properties": { "fid": 700, "indice": "R", "complement": "", "Consistance": "TN", "num": "T69094", "surface": 7500 }, "geometry": { "type": "Polygon", "coordinates": [ [ [ -6.913212793125167, 33.90259588296091 ], [ -6.912746906023977, 33.902924404355574 ], [ -6.912398561981053, 33.903170330301869 ], [ -6.912907809968444, 33.903717954899037 ], [ -6.912928059320303, 33.903700573549592 ], [ -6.913747712536756, 33.903002493860441 ], [ -6.913212793125167, 33.90259588296091 ] ] ] } },
{ "type": "Feature", "properties": { "fid": 701, "indice": "38", "complement": "", "Consistance": "TN", "num": "T56", "surface": 2538 }, "geometry": { "type": "Polygon", "coordinates": [ [ [ -6.94377878031314, 33.903365261138084 ], [ -6.943552598798945, 33.903175940968218 ], [ -6.943391815089587, 33.903319526641454 ], [ -6.943313914131411, 33.903257352581136 ], [ -6.942954021326651, 33.903579268849541 ], [ -6.943271906611474, 33.903816163158986 ], [ -6.94377878031314, 33.903365261138084 ] ] ] } },
{ "type": "Feature", "properties": { "fid": 705, "indice": "R", "complement": "", "Consistance": "TN", "num": "T52331", "surface": 35187 }, "geometry": { "type": "Polygon", "coordinates": [ [ [ -6.920833512351367, 33.899282722742143 ], [ -6.91920794486077, 33.898296823381393 ], [ -6.918855930351655, 33.898020598124326 ], [ -6.918534362910868, 33.89831131323055 ], [ -6.918141336903202, 33.89872194854015 ], [ -6.919011947908248, 33.899460882093969 ], [ -6.919882368923683, 33.90018808687163 ], [ -6.919871728284421, 33.90019813728729 ], [ -6.920882625985865, 33.900978646144509 ], [ -6.920833512351367, 33.899282722742143 ] ] ] } },
{ "type": "Feature", "properties": { "fid": 707, "indice": "38", "complement": "", "Consistance": "TN", "num": "R465", "surface": 11814 }, "geometry": { "type": "Polygon", "coordinates": [ [ [ -6.93830847300364, 33.891661570209429 ], [ -6.937415726867785, 33.891082681430625 ], [ -6.936458465370334, 33.890463089838917 ], [ -6.936304609592347, 33.890569602985742 ], [ -6.936447483251039, 33.890698628333162 ], [ -6.936370873618324, 33.890769919600608 ], [ -6.936820979338655, 33.89114861365023 ], [ -6.937351024097319, 33.891521814219487 ], [ -6.937822139763895, 33.891803740067715 ], [ -6.938541437170077, 33.892236842489069 ], [ -6.938640823096259, 33.892291539946157 ], [ -6.938985735335076, 33.891919310670758 ], [ -6.938397435458899, 33.891554950628539 ], [ -6.93830847300364, 33.891661570209429 ] ] ] } },
{ "type": "Feature", "properties": { "fid": 709, "indice": "38", "complement": "", "Consistance": "TN", "num": "T54213", "surface": 9019 }, "geometry": { "type": "Polygon", "coordinates": [ [ [ -6.923037465174834, 33.906861841623133 ], [ -6.923198036416264, 33.906703854588713 ], [ -6.92246865543324, 33.906191419049762 ], [ -6.921760177758562, 33.905698567384889 ], [ -6.921369882607501, 33.906018986068609 ], [ -6.92209155917748, 33.906524306273191 ], [ -6.92245454355168, 33.906806702163649 ], [ -6.922823387789363, 33.907052948782948 ], [ -6.923037465174834, 33.906861841623133 ] ] ] } },
{ "type": "Feature", "properties": { "fid": 711, "indice": "38", "complement": "", "Consistance": "TN", "num": "T10543", "surface": 7900 }, "geometry": { "type": "Polygon", "coordinates": [ [ [ -6.932110098875118, 33.893431447142547 ], [ -6.932291303666808, 33.893157747722306 ], [ -6.931410448966946, 33.892454204947313 ], [ -6.930382369189474, 33.891618971444458 ], [ -6.93014996358331, 33.891810316977207 ], [ -6.932110098875118, 33.893431447142547 ] ] ] } },
{ "type": "Feature", "properties": { "fid": 712, "indice": "03", "complement": "", "Consistance": "TN", "num": "T105625", "surface": 7824 }, "geometry": { "type": "Polygon", "coordinates": [ [ [ -6.925156520669599, 33.894706043477903 ], [ -6.925544177446151, 33.894362193012874 ], [ -6.924874920389505, 33.893942837757066 ], [ -6.924141759255896, 33.894752681919805 ], [ -6.924651328053708, 33.895070265392604 ], [ -6.925156520669599, 33.894706043477903 ] ] ] } },
{ "type": "Feature", "properties": { "fid": 718, "indice": "38", "complement": "", "Consistance": "TN", "num": "T18788", "surface": 2366 }, "geometry": { "type": "Polygon", "coordinates": [ [ [ -6.93317845004724, 33.904099878059561 ], [ -6.932833143403291, 33.903778513403175 ], [ -6.932446173723561, 33.904100730562838 ], [ -6.93250657405003, 33.904152302512671 ], [ -6.932568040002902, 33.904202959457365 ], [ -6.932629506027347, 33.904253616370987 ], [ -6.932689890683084, 33.904304286499311 ], [ -6.932751372736234, 33.904355845081611 ], [ -6.932812838975425, 33.904406501902528 ], [ -6.93317845004724, 33.904099878059561 ] ] ] } },
{ "type": "Feature", "properties": { "fid": 721, "indice": "38", "complement": "", "Consistance": "TN", "num": "T124984", "surface": 18995 }, "geometry": { "type": "Polygon", "coordinates": [ [ [ -6.924186938491872, 33.884057064365969 ], [ -6.924336409649629, 33.88394701162872 ], [ -6.924674896542041, 33.883700267686471 ], [ -6.923889373341311, 33.882873749160574 ], [ -6.923297157752238, 33.883143423236973 ], [ -6.923475639595434, 33.883331557152836 ], [ -6.923329561836071, 33.883388353686172 ], [ -6.923525611572839, 33.883591606419053 ], [ -6.92315908194752, 33.883904529539045 ], [ -6.924390698015332, 33.88513238801378 ], [ -6.924874431270457, 33.884781053807039 ], [ -6.924186938491872, 33.884057064365969 ] ] ] } },
{ "type": "Feature", "properties": { "fid": 722, "indice": "38", "complement": "", "Consistance": "TN", "num": "T35138", "surface": 6767 }, "geometry": { "type": "Polygon", "coordinates": [ [ [ -6.941669264634849, 33.904143474897872 ], [ -6.940709023128442, 33.903426545140022 ], [ -6.940277035325253, 33.903831416473359 ], [ -6.941294940769613, 33.904506150632699 ], [ -6.941669264634849, 33.904143474897872 ] ] ] } },
{ "type": "Feature", "properties": { "fid": 725, "indice": "38", "complement": "", "Consistance": "TN", "num": "T28672", "surface": 6816 }, "geometry": { "type": "Polygon", "coordinates": [ [ [ -6.934617160610558, 33.868475822690947 ], [ -6.93443300997424, 33.868701762012911 ], [ -6.936339481206873, 33.869635314375572 ], [ -6.936698514653874, 33.869455026518843 ], [ -6.934617160610558, 33.868475822690947 ] ] ] } },
{ "type": "Feature", "properties": { "fid": 728, "indice": "38", "complement": "", "Consistance": "TN", "num": "R1936", "surface": 7501 }, "geometry": { "type": "Polygon", "coordinates": [ [ [ -6.929240421294272, 33.90553432308338 ], [ -6.929381081102909, 33.90541355009109 ], [ -6.92800385979104, 33.904414807847978 ], [ -6.927506203890154, 33.904040271578708 ], [ -6.927313982867464, 33.904181514179662 ], [ -6.927899590748772, 33.904698383285599 ], [ -6.928467506303425, 33.905192917643681 ], [ -6.928465390925222, 33.905195649253891 ], [ -6.92909422701894, 33.90564794814302 ], [ -6.929240421294272, 33.90553432308338 ] ] ] } },
{ "type": "Feature", "properties": { "fid": 730, "indice": "38", "complement": "", "Consistance": "TN", "num": "T31147", "surface": 20567 }, "geometry": { "type": "Polygon", "coordinates": [ [ [ -6.928249204303865, 33.892087892070144 ], [ -6.928436137431295, 33.891893497934909 ], [ -6.928357988136009, 33.891815984831659 ], [ -6.928046322120645, 33.891620465442038 ], [ -6.927842020163677, 33.891872794507194 ], [ -6.927944020711178, 33.891953624367346 ], [ -6.92747158545856, 33.892457257138666 ], [ -6.928188538659678, 33.893005893793763 ], [ -6.929315180174341, 33.89397252357977 ], [ -6.9299211083033, 33.893433880509846 ], [ -6.928249204303865, 33.892087892070144 ] ] ] } },
{ "type": "Feature", "properties": { "fid": 731, "indice": "R", "complement": "", "Consistance": "TN", "num": "T67270", "surface": 18461 }, "geometry": { "type": "Polygon", "coordinates": [ [ [ -6.929931721529107, 33.892376691032716 ], [ -6.930263698836819, 33.891943313308929 ], [ -6.932093226680101, 33.893456005805355 ], [ -6.932110114752663, 33.893432348876324 ], [ -6.93014996358331, 33.891810316977207 ], [ -6.92912386379868, 33.890901992762259 ], [ -6.928574751982842, 33.890426170826288 ], [ -6.928239105446209, 33.890096557479474 ], [ -6.927973480770459, 33.890305441461102 ], [ -6.927689599884802, 33.890521763190975 ], [ -6.927935430232727, 33.890725302927954 ], [ -6.928771494913363, 33.891405967172112 ], [ -6.929931721529107, 33.892376691032716 ] ] ] } },
{ "type": "Feature", "properties": { "fid": 735, "indice": "38", "complement": "", "Consistance": "TN", "num": "T21958", "surface": 14876 }, "geometry": { "type": "Polygon", "coordinates": [ [ [ -6.916819798861135, 33.866221609555879 ], [ -6.914371486403388, 33.868369016734221 ], [ -6.913541856064259, 33.869096095324473 ], [ -6.913826744368315, 33.869312719498978 ], [ -6.91529511501037, 33.868011488410247 ], [ -6.916950848924839, 33.866544716682611 ], [ -6.916819798861135, 33.866221609555879 ] ] ] } },
{ "type": "Feature", "properties": { "fid": 736, "indice": "38", "complement": "", "Consistance": "TN", "num": "T14821", "surface": 4602 }, "geometry": { "type": "Polygon", "coordinates": [ [ [ -6.908849486065856, 33.873721973403597 ], [ -6.910489456291274, 33.872269011759762 ], [ -6.911836537647317, 33.871075716374342 ], [ -6.913826744368315, 33.869312719498978 ], [ -6.913541856064259, 33.869096095324473 ], [ -6.914371486403388, 33.868369016734221 ], [ -6.916819798861135, 33.866221609555879 ], [ -6.916818639320678, 33.866217113944799 ], [ -6.916805070553215, 33.866183004977955 ], [ -6.914339698213523, 33.868344147448809 ], [ -6.913479173411154, 33.869097755717142 ], [ -6.913760771490219, 33.86931171405103 ], [ -6.912735385691246, 33.87022334617793 ], [ -6.911448022190683, 33.871367225981594 ], [ -6.910139348094407, 33.872531191463118 ], [ -6.908817697498938, 33.873697102759529 ], [ -6.908849486065856, 33.873721973403597 ] ] ] } },
{ "type": "Feature", "properties": { "fid": 738, "indice": "03", "complement": "", "Consistance": "TN", "num": "T100151", "surface": 13094 }, "geometry": { "type": "Polygon", "coordinates": [ [ [ -6.914535979578167, 33.866389084066185 ], [ -6.914180365465488, 33.866146259573554 ], [ -6.916121413770417, 33.864487538970863 ], [ -6.916066107107191, 33.864353821047544 ], [ -6.915124378742741, 33.865159836813916 ], [ -6.914203938532511, 33.865947548664138 ], [ -6.912832842593476, 33.867121320856889 ], [ -6.913279214132436, 33.867484812172009 ], [ -6.914535979578167, 33.866389084066185 ] ] ] } },
{ "type": "Feature", "properties": { "fid": 739, "indice": "R", "complement": "", "Consistance": "TN", "num": "T75152", "surface": 20059 }, "geometry": { "type": "Polygon", "coordinates": [ [ [ -6.919477939681701, 33.86458119606629 ], [ -6.917289083592753, 33.866534300619307 ], [ -6.91751737617771, 33.867101553660916 ], [ -6.919998513461322, 33.865044779191038 ], [ -6.919477939681701, 33.86458119606629 ] ] ] } },
{ "type": "Feature", "properties": { "fid": 741, "indice": "R", "complement": "", "Consistance": "TN", "num": "T46491", "surface": 74493 }, "geometry": { "type": "Polygon", "coordinates": [ [ [ -6.915280873473268, 33.885204273494175 ], [ -6.913812379271988, 33.886204250885783 ], [ -6.91342240977796, 33.886602209489489 ], [ -6.914353755253617, 33.887422517284485 ], [ -6.913978385419504, 33.887727402158085 ], [ -6.915458055695924, 33.889106573721939 ], [ -6.916359181782051, 33.888500383187754 ], [ -6.915793758377452, 33.887890316260489 ], [ -6.91646199929988, 33.88732572879627 ], [ -6.917129059531591, 33.886817973351789 ], [ -6.915280873473268, 33.885204273494175 ] ] ] } },
{ "type": "Feature", "properties": { "fid": 743, "indice": "R", "complement": "", "Consistance": "TN", "num": "T32157", "surface": 9165 }, "geometry": { "type": "Polygon", "coordinates": [ [ [ -6.932322746765236, 33.913306371079905 ], [ -6.934209781667652, 33.914433202692805 ], [ -6.934529861262282, 33.914180347985372 ], [ -6.932638677515197, 33.913002162361622 ], [ -6.932322746765236, 33.913306371079905 ] ] ] } },
{ "type": "Feature", "properties": { "fid": 747, "indice": "38", "complement": "", "Consistance": "TN", "num": "T27037", "surface": 17269 }, "geometry": { "type": "Polygon", "coordinates": [ [ [ -6.923886359732665, 33.861148909379729 ], [ -6.923745574407864, 33.861258857072983 ], [ -6.925132325721559, 33.862473098509881 ], [ -6.925752735566417, 33.863018418974256 ], [ -6.926246201001026, 33.862612840355609 ], [ -6.925383100052054, 33.86185311555181 ], [ -6.92425429816548, 33.860860315671502 ], [ -6.923886359732665, 33.861148909379729 ] ] ] } },
{ "type": "Feature", "properties": { "fid": 750, "indice": "38", "complement": "P1", "Consistance": "TN", "num": "T71055", "surface": 13642 }, "geometry": { "type": "Polygon", "coordinates": [ [ [ -6.930268271508301, 33.888759448359622 ], [ -6.929596982170189, 33.887792671448224 ], [ -6.929099928188567, 33.887078105607117 ], [ -6.928618437325263, 33.887249042608211 ], [ -6.927952011641354, 33.886495954684456 ], [ -6.92776188171966, 33.886630860258407 ], [ -6.928453998701422, 33.887430535627246 ], [ -6.928649551285632, 33.887296464719903 ], [ -6.929256327194554, 33.888100786044951 ], [ -6.929706917129814, 33.88869415875282 ], [ -6.930177089774369, 33.889232272609334 ], [ -6.930472423026958, 33.889052784022923 ], [ -6.930268271508301, 33.888759448359622 ] ] ] } },
{ "type": "Feature", "properties": { "fid": 751, "indice": "38", "complement": "P2", "Consistance": "TN", "num": "R1434", "surface": 5386 }, "geometry": { "type": "Polygon", "coordinates": [ [ [ -6.929612353953204, 33.889590028664394 ], [ -6.929277771158358, 33.889813287489275 ], [ -6.92905217621674, 33.889961255297685 ], [ -6.92914800499101, 33.890060198218855 ], [ -6.929637568544858, 33.890532236105919 ], [ -6.93017090312068, 33.890233489552109 ], [ -6.929612353953204, 33.889590028664394 ] ] ] } },
{ "type": "Feature", "properties": { "fid": 752, "indice": "38", "complement": "", "Consistance": "TN", "num": "R1643", "surface": 4607 }, "geometry": { "type": "Polygon", "coordinates": [ [ [ -6.929637568544858, 33.890532236105919 ], [ -6.929149086254816, 33.89006018500362 ], [ -6.928574751982842, 33.890426170826288 ], [ -6.929115102682189, 33.890895786337346 ], [ -6.929382394096099, 33.890720250950039 ], [ -6.929416661967053, 33.890700891560563 ], [ -6.929637568544858, 33.890532236105919 ] ] ] } },
{ "type": "Feature", "properties": { "fid": 753, "indice": "38", "complement": "", "Consistance": "TN", "num": "T37431", "surface": 5043 }, "geometry": { "type": "Polygon", "coordinates": [ [ [ -6.916801678262733, 33.890867990356178 ], [ -6.916220850102674, 33.890305914519914 ], [ -6.915736205537846, 33.890670753755259 ], [ -6.91629014241352, 33.891241275003949 ], [ -6.916801678262733, 33.890867990356178 ] ] ] } },
{ "type": "Feature", "properties": { "fid": 754, "indice": "38", "complement": "", "Consistance": "TN", "num": "T17357", "surface": 19295 }, "geometry": { "type": "Polygon", "coordinates": [ [ [ -6.917040146824359, 33.875824524922379 ], [ -6.918415672061303, 33.87477602581901 ], [ -6.918008158417736, 33.873916018704215 ], [ -6.916282456926021, 33.875097735069247 ], [ -6.917040146824359, 33.875824524922379 ] ] ] } },
{ "type": "Feature", "properties": { "fid": 755, "indice": "38", "complement": "", "Consistance": "TN", "num": "T17359", "surface": 19313 }, "geometry": { "type": "Polygon", "coordinates": [ [ [ -6.917947426553405, 33.876695607978974 ], [ -6.918964278531099, 33.875975248556578 ], [ -6.918415672061303, 33.87477602581901 ], [ -6.917040146824359, 33.875824524922379 ], [ -6.917947426553405, 33.876695607978974 ] ] ] } },
{ "type": "Feature", "properties": { "fid": 756, "indice": "38", "complement": "", "Consistance": "TN", "num": "T27038", "surface": 10015 }, "geometry": { "type": "Polygon", "coordinates": [ [ [ -6.922354440192744, 33.858802685969295 ], [ -6.922034540698226, 33.858190556119148 ], [ -6.921573842629697, 33.85836752996422 ], [ -6.921790893571873, 33.858786093923158 ], [ -6.922929470379994, 33.859970007709691 ], [ -6.922987641112091, 33.860019807855466 ], [ -6.923408667511999, 33.859737785533582 ], [ -6.922354440192744, 33.858802685969295 ] ] ] } },
{ "type": "Feature", "properties": { "fid": 757, "indice": "38", "complement": "P1", "Consistance": "TN", "num": "T27039", "surface": 7456 }, "geometry": { "type": "Polygon", "coordinates": [ [ [ -6.92447719026847, 33.860685329074464 ], [ -6.92425429816548, 33.860860315671502 ], [ -6.925383100052054, 33.86185311555181 ], [ -6.926246201001026, 33.862612840355609 ], [ -6.926456138347575, 33.862438910360133 ], [ -6.92447719026847, 33.860685329074464 ] ] ] } },
{ "type": "Feature", "properties": { "fid": 758, "indice": "38", "complement": "", "Consistance": "TN", "num": "T108349", "surface": 3059 }, "geometry": { "type": "Polygon", "coordinates": [ [ [ -6.923735917935478, 33.86002783059967 ], [ -6.923452581647927, 33.8597760339348 ], [ -6.922833893371691, 33.860192146076365 ], [ -6.923147249709866, 33.860491381177546 ], [ -6.923735917935478, 33.86002783059967 ] ] ] } },
{ "type": "Feature", "properties": { "fid": 760, "indice": "R", "complement": "P1", "Consistance": "TN", "num": "T1419", "surface": 23948 }, "geometry": { "type": "Polygon", "coordinates": [ [ [ -6.922958297537561, 33.921804020479676 ], [ -6.922438876111563, 33.921364792103837 ], [ -6.921974403121544, 33.920912266541123 ], [ -6.921754067096269, 33.921118779203134 ], [ -6.92179644766264, 33.921191319292667 ], [ -6.921953695579258, 33.921336419928252 ], [ -6.921678635648074, 33.921568851546546 ], [ -6.922484503352627, 33.922240901496842 ], [ -6.921964871025735, 33.922717120453122 ], [ -6.922785895085882, 33.923388984050533 ], [ -6.923945946882407, 33.922723680391123 ], [ -6.922958297537561, 33.921804020479676 ] ] ] } },
{ "type": "Feature", "properties": { "fid": 761, "indice": "38", "complement": "", "Consistance": "TN", "num": "T37210", "surface": 2265 }, "geometry": { "type": "Polygon", "coordinates": [ [ [ -6.933659202525243, 33.890812207795904 ], [ -6.933038257075427, 33.890373362823411 ], [ -6.932830331597946, 33.890603196524538 ], [ -6.933544156074357, 33.891034590615405 ], [ -6.933659202525243, 33.890812207795904 ] ] ] } },
{ "type": "Feature", "properties": { "fid": 762, "indice": "R", "complement": "", "Consistance": "TN", "num": "T50576", "surface": 28116 }, "geometry": { "type": "Polygon", "coordinates": [ [ [ -6.920266578325173, 33.881630771644943 ], [ -6.920243511650105, 33.881610307556755 ], [ -6.920597099732918, 33.881299353910016 ], [ -6.91860952420541, 33.879378934759501 ], [ -6.918045202321912, 33.878891525878686 ], [ -6.917506080646445, 33.879414873168471 ], [ -6.918739618306185, 33.880389321626197 ], [ -6.918501638278713, 33.88057079274467 ], [ -6.920037326140106, 33.88181664919442 ], [ -6.920266578325173, 33.881630771644943 ] ] ] } },
{ "type": "Feature", "properties": { "fid": 765, "indice": "R", "complement": "", "Consistance": "TN", "num": "T1971", "surface": 21838 }, "geometry": { "type": "Polygon", "coordinates": [ [ [ -6.920879084632121, 33.892979510435993 ], [ -6.920882826676069, 33.892946093654025 ], [ -6.920889655006863, 33.892903620086749 ], [ -6.92089347584953, 33.892874711980376 ], [ -6.920901259378759, 33.892825011384645 ], [ -6.920912271034071, 33.892774369620241 ], [ -6.920922453562136, 33.89273816876436 ], [ -6.920932368134853, 33.892686638405323 ], [ -6.92094132749208, 33.892642335072267 ], [ -6.920946229602873, 33.892613413817394 ], [ -6.920954123411065, 33.892570025362048 ], [ -6.920963208840159, 33.892532935909237 ], [ -6.920969018851744, 33.89249408241789 ], [ -6.920968325327428, 33.892454406057468 ], [ -6.920971956980932, 33.892414677118467 ], [ -6.920973299947944, 33.892367760583959 ], [ -6.92097367195396, 33.892327169341755 ], [ -6.919045997675441, 33.890631514792872 ], [ -6.91753328417105, 33.88916078954464 ], [ -6.917196808249708, 33.889401175324075 ], [ -6.918755684577925, 33.890852403675893 ], [ -6.920871253793379, 33.893026505821794 ], [ -6.920879084632121, 33.892979510435993 ] ] ] } },
{ "type": "Feature", "properties": { "fid": 769, "indice": "03", "complement": "", "Consistance": "TN", "num": "T84640", "surface": 16673 }, "geometry": { "type": "Polygon", "coordinates": [ [ [ -6.925534286503804, 33.889849969019998 ], [ -6.92409868388445, 33.888835659150232 ], [ -6.923911421477397, 33.888702650916137 ], [ -6.923584893303885, 33.888892424985755 ], [ -6.925060164116708, 33.890936259173493 ], [ -6.925534286503804, 33.889849969019998 ] ] ] } },
{ "type": "Feature", "properties": { "fid": 771, "indice": "03", "complement": "", "Consistance": "TN", "num": "T84648", "surface": 14182 }, "geometry": { "type": "Polygon", "coordinates": [ [ [ -6.925504640624625, 33.895808463784469 ], [ -6.924651328053708, 33.895070265392604 ], [ -6.923655413841471, 33.895822878607731 ], [ -6.924664549668152, 33.896565498430107 ], [ -6.925504640624625, 33.895808463784469 ] ] ] } },
{ "type": "Feature", "properties": { "fid": 773, "indice": "R", "complement": "P1", "Consistance": "TN", "num": "R39970", "surface": 51406 }, "geometry": { "type": "Polygon", "coordinates": [ [ [ -6.920871253793379, 33.893026505821794 ], [ -6.918755684577925, 33.890852403675893 ], [ -6.917196808249708, 33.889401175324075 ], [ -6.917272634141972, 33.889346140141505 ], [ -6.916359181782051, 33.888500383187754 ], [ -6.915458055695924, 33.889106573721939 ], [ -6.916293947302777, 33.889845947707471 ], [ -6.916873754471498, 33.890411643348024 ], [ -6.917958841631046, 33.891485305472784 ], [ -6.918403966336881, 33.891211130003654 ], [ -6.918773634839242, 33.891571021743999 ], [ -6.919548306761726, 33.892331861431686 ], [ -6.920500649044903, 33.893356605691238 ], [ -6.920831669908245, 33.89367006077017 ], [ -6.920871253793379, 33.893026505821794 ] ] ] } },
{ "type": "Feature", "properties": { "fid": 776, "indice": "38", "complement": "", "Consistance": "TN", "num": "T43027", "surface": 4472 }, "geometry": { "type": "Polygon", "coordinates": [ [ [ -6.930627765002252, 33.891428368467018 ], [ -6.930518719776371, 33.891316059431084 ], [ -6.930497683797521, 33.891288356969667 ], [ -6.93026412343075, 33.891044987280367 ], [ -6.930099953060164, 33.890872922864354 ], [ -6.929933604941015, 33.890699982931956 ], [ -6.929755078171379, 33.890510956964398 ], [ -6.929445250514768, 33.890727599950239 ], [ -6.930382369189474, 33.891618971444458 ], [ -6.930627765002252, 33.891428368467018 ] ] ] } },
{ "type": "Feature", "properties": { "fid": 777, "indice": "R", "complement": "", "Consistance": "TN", "num": "T4120", "surface": 10412 }, "geometry": { "type": "Polygon", "coordinates": [ [ [ -6.924676438701831, 33.922303509339486 ], [ -6.923945946882407, 33.922723680391123 ], [ -6.922785895085882, 33.923388984050533 ], [ -6.922625332185715, 33.923487442590847 ], [ -6.923141537960797, 33.923927611081091 ], [ -6.923503112176205, 33.923630989225806 ], [ -6.92456307499237, 33.922687303534666 ], [ -6.924819853062914, 33.922461401769255 ], [ -6.924676438701831, 33.922303509339486 ] ] ] } },
{ "type": "Feature", "properties": { "fid": 779, "indice": "R", "complement": "", "Consistance": "TN", "num": "T37640", "surface": 12399 }, "geometry": { "type": "Polygon", "coordinates": [ [ [ -6.924579477022402, 33.885290631158135 ], [ -6.924390761199525, 33.885135994962923 ], [ -6.922905942781041, 33.883652365067505 ], [ -6.92260978350209, 33.883846277088054 ], [ -6.922428959253548, 33.883586016087364 ], [ -6.922246561749812, 33.883668507353043 ], [ -6.922265112681544, 33.883925331649074 ], [ -6.924301870174721, 33.885494242196117 ], [ -6.924579477022402, 33.885290631158135 ] ] ] } },
{ "type": "Feature", "properties": { "fid": 780, "indice": "03", "complement": "P2", "Consistance": "TN", "num": "T103464", "surface": 96489 }, "geometry": { "type": "Polygon", "coordinates": [ [ [ -6.937922364645857, 33.868836589699924 ], [ -6.935366529211262, 33.86707042897681 ], [ -6.935175020220322, 33.866940194927238 ], [ -6.935571225165345, 33.866599810995424 ], [ -6.935268646806872, 33.866424941824029 ], [ -6.934878653475605, 33.866075266963755 ], [ -6.933905044550255, 33.864940848790809 ], [ -6.932854168684081, 33.865863786207733 ], [ -6.93210762464948, 33.866325705099769 ], [ -6.930451008800443, 33.864591719698424 ], [ -6.930249816957535, 33.864770960932304 ], [ -6.932386754166668, 33.866950033427074 ], [ -6.933200099350769, 33.867640870796166 ], [ -6.933521027239053, 33.867384394412838 ], [ -6.93495031188966, 33.868176801727458 ], [ -6.934829257071886, 33.868240520798807 ], [ -6.937035084383639, 33.869288542682739 ], [ -6.937922364645857, 33.868836589699924 ] ] ] } },
{ "type": "Feature", "properties": { "fid": 784, "indice": "38", "complement": "", "Consistance": "TN", "num": "T38574", "surface": 2495 }, "geometry": { "type": "Polygon", "coordinates": [ [ [ -6.92776188171966, 33.886630860258407 ], [ -6.927568396734268, 33.886759492987252 ], [ -6.92826049712443, 33.887558267655365 ], [ -6.928453998701422, 33.887430535627246 ], [ -6.92776188171966, 33.886630860258407 ] ] ] } },
{ "type": "Feature", "properties": { "fid": 785, "indice": "38", "complement": "", "Consistance": "TN", "num": "T40775", "surface": 7774 }, "geometry": { "type": "Polygon", "coordinates": [ [ [ -6.918074239112122, 33.892148625509385 ], [ -6.917755407266363, 33.891789017033609 ], [ -6.916801678262733, 33.890867990356178 ], [ -6.91629014241352, 33.891241275003949 ], [ -6.916633741447344, 33.891595175403204 ], [ -6.916685520590756, 33.891649565274093 ], [ -6.916947039972198, 33.89145157862837 ], [ -6.917825349682329, 33.892326618866754 ], [ -6.918074239112122, 33.892148625509385 ] ] ] } },
{ "type": "Feature", "properties": { "fid": 786, "indice": "R", "complement": "", "Consistance": "TN", "num": "T71843", "surface": 36160 }, "geometry": { "type": "Polygon", "coordinates": [ [ [ -6.921193833915172, 33.891124929441425 ], [ -6.920034219916672, 33.890120746771146 ], [ -6.919547980786176, 33.889588202370795 ], [ -6.920099987688491, 33.889242371964393 ], [ -6.919624980294069, 33.888795374458695 ], [ -6.919258165156069, 33.888350669102884 ], [ -6.91911933097086, 33.888203536772714 ], [ -6.918758225868174, 33.88839552186009 ], [ -6.917920734343245, 33.888928803666182 ], [ -6.919383648986225, 33.890396521428372 ], [ -6.921098704211268, 33.891807943127858 ], [ -6.921193833915172, 33.891124929441425 ] ] ] } },
{ "type": "Feature", "properties": { "fid": 789, "indice": "38", "complement": "", "Consistance": "TN", "num": "R516", "surface": 5037 }, "geometry": { "type": "Polygon", "coordinates": [ [ [ -6.932090968579023, 33.907086842129047 ], [ -6.931540243392235, 33.907570701159592 ], [ -6.931930425179758, 33.907921283232362 ], [ -6.932053171256054, 33.908011776773847 ], [ -6.932207636370983, 33.907876400915995 ], [ -6.932594099518608, 33.907524427847015 ], [ -6.932090968579023, 33.907086842129047 ] ] ] } },
{ "type": "Feature", "properties": { "fid": 792, "indice": "38", "complement": "", "Consistance": "TN", "num": "T15877", "surface": 2895 }, "geometry": { "type": "Polygon", "coordinates": [ [ [ -6.933332120324099, 33.915887935229073 ], [ -6.933159895941191, 33.915752953103244 ], [ -6.931996750799822, 33.916847698017754 ], [ -6.93210110650165, 33.916937514578571 ], [ -6.933332120324099, 33.915887935229073 ] ] ] } },
{ "type": "Feature", "properties": { "fid": 793, "indice": "R", "complement": "", "Consistance": "TN", "num": "T17256", "surface": 35929 }, "geometry": { "type": "Polygon", "coordinates": [ [ [ -6.936799971284783, 33.859585680988104 ], [ -6.933679226873903, 33.856849623921612 ], [ -6.932898635457954, 33.85746078740884 ], [ -6.936225092990161, 33.860030183913054 ], [ -6.936799971284783, 33.859585680988104 ] ] ] } },
{ "type": "Feature", "properties": { "fid": 797, "indice": "38", "complement": "", "Consistance": "TN", "num": "T21557", "surface": 10000 }, "geometry": { "type": "Polygon", "coordinates": [ [ [ -6.917947426553405, 33.876695607978974 ], [ -6.91715122311224, 33.875931409623142 ], [ -6.916403431310895, 33.876455479563703 ], [ -6.91684952320211, 33.876861351926493 ], [ -6.917228587038023, 33.877205802407566 ], [ -6.917947426553405, 33.876695607978974 ] ] ] } },
{ "type": "Feature", "properties": { "fid": 798, "indice": "03", "complement": "", "Consistance": "TN", "num": "T84651", "surface": 10147 }, "geometry": { "type": "Polygon", "coordinates": [ [ [ -6.92608443792339, 33.897847864479075 ], [ -6.925993751873032, 33.897795756849654 ], [ -6.925131950677542, 33.89725338344914 ], [ -6.924828641126868, 33.897597106187249 ], [ -6.924574202836631, 33.897890626746914 ], [ -6.925384094809206, 33.898494967677678 ], [ -6.925470534792205, 33.8985516371351 ], [ -6.92608443792339, 33.897847864479075 ] ] ] } },
{ "type": "Feature", "properties": { "fid": 804, "indice": "38", "complement": "", "Consistance": "TN", "num": "T93912", "surface": 5000 }, "geometry": { "type": "Polygon", "coordinates": [ [ [ -6.91230986009431, 33.90808597479819 ], [ -6.912157134773572, 33.908260989209431 ], [ -6.912647852106018, 33.9086122193821 ], [ -6.912736158149704, 33.908527273301459 ], [ -6.914003423647391, 33.909430103649186 ], [ -6.914206836769564, 33.909246356444797 ], [ -6.91230986009431, 33.90808597479819 ] ] ] } },
{ "type": "Feature", "properties": { "fid": 806, "indice": "03", "complement": "", "Consistance": "TN", "num": "T80414", "surface": 8369 }, "geometry": { "type": "Polygon", "coordinates": [ [ [ -6.933679226873903, 33.856849623921612 ], [ -6.933042344591501, 33.856290112477772 ], [ -6.93227151161337, 33.856964288301242 ], [ -6.932898635457954, 33.85746078740884 ], [ -6.933679226873903, 33.856849623921612 ] ] ] } },
{ "type": "Feature", "properties": { "fid": 807, "indice": "38", "complement": "", "Consistance": "TN", "num": "T1661", "surface": 6567 }, "geometry": { "type": "Polygon", "coordinates": [ [ [ -6.937330320659231, 33.859129997425626 ], [ -6.936938876384808, 33.859431546393481 ], [ -6.935440868942899, 33.858106958665601 ], [ -6.935833361492705, 33.857803597492513 ], [ -6.935626882460848, 33.857620333379714 ], [ -6.935079271321134, 33.858078025701914 ], [ -6.936800019044681, 33.859588386218391 ], [ -6.936899203906382, 33.859511404552777 ], [ -6.937359950294636, 33.859154887516894 ], [ -6.937330320659231, 33.859129997425626 ] ] ] } },
{ "type": "Feature", "properties": { "fid": 809, "indice": "38", "complement": "", "Consistance": "TN", "num": "T14842", "surface": 9999 }, "geometry": { "type": "Polygon", "coordinates": [ [ [ -6.935833361492705, 33.857803597492513 ], [ -6.935440868942899, 33.858106958665601 ], [ -6.936938876384808, 33.859431546393481 ], [ -6.937331385612227, 33.859129082396066 ], [ -6.935833361492705, 33.857803597492513 ] ] ] } },
{ "type": "Feature", "properties": { "fid": 810, "indice": "38", "complement": "", "Consistance": "TN", "num": "T1331", "surface": 38988 }, "geometry": { "type": "Polygon", "coordinates": [ [ [ -6.936112340230395, 33.855601241977503 ], [ -6.935230385204058, 33.856286722711616 ], [ -6.937996867847632, 33.858612206740112 ], [ -6.938813848426172, 33.85798162289371 ], [ -6.936112340230395, 33.855601241977503 ] ] ] } },
{ "type": "Feature", "properties": { "fid": 814, "indice": "38", "complement": "", "Consistance": "TN", "num": "T2021", "surface": 13314 }, "geometry": { "type": "Polygon", "coordinates": [ [ [ -6.939062436567604, 33.92224288385728 ], [ -6.938783919258527, 33.922460965310137 ], [ -6.939716096336601, 33.923048376264965 ], [ -6.940069499745375, 33.923271312139562 ], [ -6.940248938254592, 33.923384549865538 ], [ -6.941343221630213, 33.924082693783383 ], [ -6.94216939011728, 33.92460825757022 ], [ -6.942196736166643, 33.92462505711071 ], [ -6.942282658374968, 33.924528394918994 ], [ -6.94238451791335, 33.924415301714973 ], [ -6.94147411261366, 33.923776232946999 ], [ -6.940498105932003, 33.923158709170245 ], [ -6.939793111804528, 33.922692974274113 ], [ -6.939062436567604, 33.92224288385728 ] ] ] } },
{ "type": "Feature", "properties": { "fid": 815, "indice": "38", "complement": "", "Consistance": "TN", "num": "T1696", "surface": 5652 }, "geometry": { "type": "Polygon", "coordinates": [ [ [ -6.918501638278713, 33.88057079274467 ], [ -6.917833547101166, 33.880024213217972 ], [ -6.917319323358042, 33.88042549672722 ], [ -6.917719713055791, 33.880751648254304 ], [ -6.917957378043573, 33.880985972338777 ], [ -6.918501638278713, 33.88057079274467 ] ] ] } },
{ "type": "Feature", "properties": { "fid": 816, "indice": "38", "complement": "", "Consistance": "TN", "num": "T2108", "surface": 4543 }, "geometry": { "type": "Polygon", "coordinates": [ [ [ -6.925634346905468, 33.889573660734833 ], [ -6.924303645853061, 33.888682540094514 ], [ -6.92409868388445, 33.888835659150232 ], [ -6.925534286503804, 33.889849969019998 ], [ -6.925634346905468, 33.889573660734833 ] ] ] } },
{ "type": "Feature", "properties": { "fid": 819, "indice": "R", "complement": "", "Consistance": "TN", "num": "T57597", "surface": 4481 }, "geometry": { "type": "Polygon", "coordinates": [ [ [ -6.934449277855179, 33.887717018864301 ], [ -6.934892826250859, 33.888461082071217 ], [ -6.935070921837998, 33.887460460258374 ], [ -6.935026495519509, 33.887394262498724 ], [ -6.934689883541737, 33.887501212122423 ], [ -6.934516186697913, 33.887279663955105 ], [ -6.934258583806008, 33.887390152977709 ], [ -6.934449277855179, 33.887717018864301 ] ] ] } },
{ "type": "Feature", "properties": { "fid": 820, "indice": "38", "complement": "", "Consistance": "TN", "num": "T2822", "surface": 19280 }, "geometry": { "type": "Polygon", "coordinates": [ [ [ -6.930994250896982, 33.868553590746224 ], [ -6.92994662238806, 33.867635611619214 ], [ -6.929229737803012, 33.868187343454743 ], [ -6.929427437869311, 33.86836260755102 ], [ -6.930133341327748, 33.869031327761306 ], [ -6.930729951893218, 33.869571502822104 ], [ -6.93104062343049, 33.869345824461369 ], [ -6.931247274592989, 33.869230552925167 ], [ -6.931476913952118, 33.869069902802806 ], [ -6.930994250896982, 33.868553590746224 ] ] ] } },
{ "type": "Feature", "properties": { "fid": 822, "indice": "38", "complement": "", "Consistance": "TN", "num": "T3007", "surface": 22499 }, "geometry": { "type": "Polygon", "coordinates": [ [ [ -6.914297954966961, 33.873215992111831 ], [ -6.914999854601059, 33.872603198524011 ], [ -6.914439687282609, 33.87216442708224 ], [ -6.912078762741287, 33.874251196889219 ], [ -6.912634591613453, 33.874689129144052 ], [ -6.914297954966961, 33.873215992111831 ] ] ] } },
{ "type": "Feature", "properties": { "fid": 53, "indice": "R", "complement": "", "Consistance": "TN", "num": "T22570", "surface": 41924 }, "geometry": { "type": "Polygon", "coordinates": [ [ [ -6.924828577915497, 33.897593499253638 ], [ -6.925425509877694, 33.896908876849032 ], [ -6.924664549668152, 33.896565498430107 ], [ -6.923655413841471, 33.895822878607731 ], [ -6.922535687298064, 33.896670790427962 ], [ -6.922262321890866, 33.897180998820396 ], [ -6.924196709687674, 33.898321836538948 ], [ -6.924828577915497, 33.897593499253638 ] ] ] } },
{ "type": "Feature", "properties": { "fid": 55, "indice": "03", "complement": "P2SOLDE", "Consistance": "TN", "num": "T84650", "surface": 10234 }, "geometry": { "type": "Polygon", "coordinates": [ [ [ -6.92608443792339, 33.897847864479075 ], [ -6.925993751873032, 33.897795756849654 ], [ -6.925710641899814, 33.898119392962194 ], [ -6.925384094809206, 33.898494967677678 ], [ -6.925470534792205, 33.8985516371351 ], [ -6.926180726799481, 33.899020997575377 ], [ -6.926599885091335, 33.898683975712125 ], [ -6.926993451310153, 33.898368008981642 ], [ -6.92608443792339, 33.897847864479075 ] ] ] } },
{ "type": "Feature", "properties": { "fid": 62, "indice": "CR", "complement": "D-T P2", "Consistance": "TN", "num": "T168", "surface": 10683 }, "geometry": { "type": "Polygon", "coordinates": [ [ [ -6.933352350491675, 33.839949436135896 ], [ -6.930026509806855, 33.842348758911498 ], [ -6.93002536574904, 33.842345165136898 ], [ -6.932841243522621, 33.839712177743507 ], [ -6.933080286807511, 33.839721874348356 ], [ -6.933352350491675, 33.839949436135896 ] ] ] } },
{ "type": "Feature", "properties": { "fid": 75, "indice": "38", "complement": "", "Consistance": "TN", "num": "T3960", "surface": 5005 }, "geometry": { "type": "Polygon", "coordinates": [ [ [ -6.912634591613453, 33.874689129144052 ], [ -6.912078762741287, 33.874251196889219 ], [ -6.91155371970929, 33.874713919681703 ], [ -6.912110645642652, 33.875152742875116 ], [ -6.912634591613453, 33.874689129144052 ] ] ] } },
{ "type": "Feature", "properties": { "fid": 76, "indice": "38", "complement": "", "Consistance": "TN", "num": "T54815", "surface": 2858 }, "geometry": { "type": "Polygon", "coordinates": [ [ [ -6.919653864328775, 33.89249292624509 ], [ -6.919428041819031, 33.892257560119837 ], [ -6.918682391551553, 33.892725693780307 ], [ -6.918919965907586, 33.892952801199279 ], [ -6.919653864328775, 33.89249292624509 ] ] ] } },
{ "type": "Feature", "properties": { "fid": 77, "indice": "R", "complement": "", "Consistance": "TN", "num": "T91239", "surface": 13860 }, "geometry": { "type": "Polygon", "coordinates": [ [ [ -6.93533560739811, 33.869853281742181 ], [ -6.935755462068293, 33.869381826709102 ], [ -6.934417383195946, 33.868735325343458 ], [ -6.93396210521513, 33.869282972962388 ], [ -6.934016807072439, 33.869319281481907 ], [ -6.935133349839286, 33.870217440385822 ], [ -6.935148786260076, 33.870234387715371 ], [ -6.935708002309953, 33.870001137419536 ], [ -6.93533560739811, 33.869853281742181 ] ] ] } },
{ "type": "Feature", "properties": { "fid": 81, "indice": "R", "complement": "", "Consistance": "TN", "num": "T65614", "surface": 18006 }, "geometry": { "type": "Polygon", "coordinates": [ [ [ -6.921515072251852, 33.880488180160434 ], [ -6.920947457591655, 33.880989340403353 ], [ -6.920619457375994, 33.881279239683259 ], [ -6.920597099732918, 33.881299353910016 ], [ -6.920243511650105, 33.881610307556755 ], [ -6.920266578325173, 33.881630771644943 ], [ -6.921787360876807, 33.883011175415596 ], [ -6.921515072251852, 33.880488180160434 ] ] ] } },
{ "type": "Feature", "properties": { "fid": 82, "indice": "R", "complement": "P1 VECT", "Consistance": "TN", "num": "T382", "surface": 41221 }, "geometry": { "type": "Polygon", "coordinates": [ [ [ -6.923485493217436, 33.874258005520609 ], [ -6.92249248756917, 33.873433101619455 ], [ -6.921227663681928, 33.874191682252182 ], [ -6.920601527380217, 33.874744964279891 ], [ -6.921253489357629, 33.876349692329946 ], [ -6.923485493217436, 33.874258005520609 ] ] ] } },
{ "type": "Feature", "properties": { "fid": 83, "indice": "R", "complement": "P2 VECT", "Consistance": "TN", "num": "T382", "surface": 3046 }, "geometry": { "type": "Polygon", "coordinates": [ [ [ -6.920346962535628, 33.874966326113707 ], [ -6.920030150454888, 33.875214599828603 ], [ -6.920926484966642, 33.876386138107257 ], [ -6.920346962535628, 33.874966326113707 ] ] ] } },
{ "type": "Feature", "properties": { "fid": 85, "indice": "R", "complement": "", "Consistance": "TN", "num": "T39413", "surface": 27947 }, "geometry": { "type": "Polygon", "coordinates": [ [ [ -6.913286570145958, 33.873131724814222 ], [ -6.914866827382641, 33.871731738940845 ], [ -6.916444966009897, 33.870337169114997 ], [ -6.917946417043055, 33.869012055751078 ], [ -6.917934007032786, 33.868982442535035 ], [ -6.916420853627272, 33.870318520835504 ], [ -6.915660515160891, 33.870988853099554 ], [ -6.913801551288992, 33.872651077398814 ], [ -6.912184457108505, 33.871497222929783 ], [ -6.911214304074357, 33.872354057774572 ], [ -6.912814793998288, 33.873547810300209 ], [ -6.913286570145958, 33.873131724814222 ] ] ] } },
{ "type": "Feature", "properties": { "fid": 89, "indice": "R", "complement": "", "Consistance": "TN", "num": "R40225", "surface": 3534 }, "geometry": { "type": "Polygon", "coordinates": [ [ [ -6.935413602046351, 33.907923691161734 ], [ -6.934667789289706, 33.907342981302875 ], [ -6.934390692317112, 33.907578173702206 ], [ -6.935141133512689, 33.908175964945066 ], [ -6.935413602046351, 33.907923691161734 ] ] ] } },
{ "type": "Feature", "properties": { "fid": 91, "indice": "R", "complement": "VECT", "Consistance": "TN", "num": "T6151", "surface": 88974 }, "geometry": { "type": "Polygon", "coordinates": [ [ [ -6.937369316999987, 33.895005740824907 ], [ -6.935870768277265, 33.896442877172909 ], [ -6.935388986336974, 33.896783405169742 ], [ -6.936343628367058, 33.897679928259173 ], [ -6.935903617632841, 33.898058728014703 ], [ -6.937161495493344, 33.89903720528963 ], [ -6.937305585043021, 33.898928105775056 ], [ -6.937409886558161, 33.898832121939023 ], [ -6.937580417885565, 33.898627994842649 ], [ -6.937983163697656, 33.898221687503835 ], [ -6.938849745913204, 33.896888806852402 ], [ -6.939339412381501, 33.896444446645511 ], [ -6.939719531279586, 33.896105154252957 ], [ -6.937369316999987, 33.895005740824907 ] ] ] } },
{ "type": "Feature", "properties": { "fid": 111, "indice": "38", "complement": "", "Consistance": "TN", "num": "T54174", "surface": 2014 }, "geometry": { "type": "Polygon", "coordinates": [ [ [ -6.915235514680464, 33.878624344622018 ], [ -6.915695408120093, 33.878828923189431 ], [ -6.915996968627085, 33.878572728515493 ], [ -6.915670223924915, 33.878314225915076 ], [ -6.915235514680464, 33.878624344622018 ] ] ] } },
{ "type": "Feature", "properties": { "fid": 118, "indice": "38", "complement": "", "Consistance": "TN", "num": "T54697", "surface": 60733 }, "geometry": { "type": "Polygon", "coordinates": [ [ [ -6.926543528321488, 33.86846999171847 ], [ -6.926078056208291, 33.869055615775608 ], [ -6.928169375446792, 33.870915126997069 ], [ -6.929663227738193, 33.86941318473847 ], [ -6.929624885366794, 33.869384791698842 ], [ -6.929084376535068, 33.868960275278688 ], [ -6.927370469783544, 33.867534511095513 ], [ -6.926543528321488, 33.86846999171847 ] ] ] } },
{ "type": "Feature", "properties": { "fid": 119, "indice": "38", "complement": "", "Consistance": "TN", "num": "R2148", "surface": 77666 }, "geometry": { "type": "Polygon", "coordinates": [ [ [ -6.930746257918226, 33.870806052431007 ], [ -6.931066747059045, 33.870462100517209 ], [ -6.93025562786413, 33.869898395435968 ], [ -6.929629221862677, 33.869446972197082 ], [ -6.928169375446792, 33.870915126997069 ], [ -6.928459358662987, 33.87117314497516 ], [ -6.930874144443366, 33.873343433105859 ], [ -6.932444790206985, 33.871965887872761 ], [ -6.930746257918226, 33.870806052431007 ] ] ] } },
{ "type": "Feature", "properties": { "fid": 568, "indice": "38", "complement": "", "Consistance": "TN", "num": "T48801", "surface": 2697 }, "geometry": { "type": "Polygon", "coordinates": [ [ [ -6.910334710685985, 33.912638369688203 ], [ -6.910158875340804, 33.912542182388215 ], [ -6.909739085964388, 33.912289298304295 ], [ -6.909415256825267, 33.912080351446946 ], [ -6.90886526983269, 33.911680217979892 ], [ -6.9085144875461, 33.911413870910664 ], [ -6.908140116988564, 33.911159532080426 ], [ -6.907776879282991, 33.911484992305574 ], [ -6.907769214778658, 33.911479673130913 ], [ -6.908190135952362, 33.911112029467432 ], [ -6.908191248746658, 33.911113819895959 ], [ -6.90832933492675, 33.911216778363581 ], [ -6.908388978139296, 33.911162846236337 ], [ -6.910343269131412, 33.912632854884691 ], [ -6.910334710685985, 33.912638369688203 ] ] ] } },
{ "type": "Feature", "properties": { "fid": 572, "indice": "38", "complement": "", "Consistance": "TN", "num": "T46832", "surface": 4324 }, "geometry": { "type": "Polygon", "coordinates": [ [ [ -6.913587017210785, 33.913661538830667 ], [ -6.912368004149299, 33.913048539919679 ], [ -6.912098729094056, 33.912991365087443 ], [ -6.911920992853095, 33.913408395407806 ], [ -6.912477539799381, 33.913375514900473 ], [ -6.912815770236519, 33.913540987669393 ], [ -6.913139126079713, 33.913659739560799 ], [ -6.913491058350028, 33.913804300704584 ], [ -6.913587017210785, 33.913661538830667 ] ] ] } },
{ "type": "Feature", "properties": { "fid": 574, "indice": "38", "complement": "", "Consistance": "TN", "num": "T46864", "surface": 16666 }, "geometry": { "type": "Polygon", "coordinates": [ [ [ -6.85876112922633, 33.873532337547516 ], [ -6.859311196757896, 33.873127270688741 ], [ -6.857433141369057, 33.871649264259005 ], [ -6.856950805535559, 33.872224900009989 ], [ -6.85876112922633, 33.873532337547516 ] ] ] } },
{ "type": "Feature", "properties": { "fid": 575, "indice": "38", "complement": "", "Consistance": "TN", "num": "T46880", "surface": 2636 }, "geometry": { "type": "Polygon", "coordinates": [ [ [ -6.911507940051628, 33.9184000926519 ], [ -6.911585753920501, 33.918395545205222 ], [ -6.911041814287921, 33.918035032927591 ], [ -6.910800685640202, 33.918478079764917 ], [ -6.911171364984127, 33.918704495584343 ], [ -6.911507940051628, 33.9184000926519 ] ] ] } },
{ "type": "Feature", "properties": { "fid": 576, "indice": "38", "complement": "", "Consistance": "TN", "num": "T46909", "surface": 4295 }, "geometry": { "type": "Polygon", "coordinates": [ [ [ -6.862507044950654, 33.866218166724742 ], [ -6.862311803348744, 33.865987752069053 ], [ -6.862003849957377, 33.865612542275699 ], [ -6.861832312606494, 33.865763365297873 ], [ -6.862673656428298, 33.866932349115636 ], [ -6.862994552358438, 33.866790601273472 ], [ -6.862507044950654, 33.866218166724742 ] ] ] } },
{ "type": "Feature", "properties": { "fid": 585, "indice": "38", "complement": "", "Consistance": "TN", "num": "T47622", "surface": 3093 }, "geometry": { "type": "Polygon", "coordinates": [ [ [ -6.850641590402816, 33.878320370388842 ], [ -6.850012488254743, 33.877815371788145 ], [ -6.849161884524017, 33.877255213105713 ], [ -6.849067692071862, 33.877378063811676 ], [ -6.849588942617832, 33.877705736227519 ], [ -6.84994322236312, 33.877941541900469 ], [ -6.85012862200632, 33.878100837061169 ], [ -6.850530190966581, 33.878448833230053 ], [ -6.850657466009044, 33.878559195806481 ], [ -6.850765652070034, 33.878432573967153 ], [ -6.850641590402816, 33.878320370388842 ] ] ] } },
{ "type": "Feature", "properties": { "fid": 1264, "indice": "38", "complement": "", "Consistance": "TN", "num": "T40452", "surface": 3537 }, "geometry": { "type": "Polygon", "coordinates": [ [ [ -6.897491713835588, 33.941409511121442 ], [ -6.89700557281375, 33.941079815176018 ], [ -6.896589811135823, 33.941506879328074 ], [ -6.897075952968608, 33.941836576837702 ], [ -6.897491713835588, 33.941409511121442 ] ] ] } },
{ "type": "Feature", "properties": { "fid": 1625, "indice": "38", "complement": "", "Consistance": "TN", "num": "T10846", "surface": 19502 }, "geometry": { "type": "Polygon", "coordinates": [ [ [ -6.863052069835297, 33.85934180023331 ], [ -6.86170207008855, 33.858136371920153 ], [ -6.861296849711451, 33.858598385698762 ], [ -6.861175704053582, 33.859496319326446 ], [ -6.86137653542753, 33.859674358814708 ], [ -6.861797833315224, 33.85959006566128 ], [ -6.862363700392724, 33.86000284795152 ], [ -6.863052069835297, 33.85934180023331 ] ] ] } },
{ "type": "Feature", "properties": { "fid": 1629, "indice": "38", "complement": "", "Consistance": "TN", "num": "T45823", "surface": 10493 }, "geometry": { "type": "Polygon", "coordinates": [ [ [ -6.836201734916156, 33.829129855620231 ], [ -6.836983162398752, 33.828151295664007 ], [ -6.83622204177848, 33.827805580582869 ], [ -6.835427319165176, 33.829026909144531 ], [ -6.836201734916156, 33.829129855620231 ] ] ] } },
{ "type": "Feature", "properties": { "fid": 1631, "indice": "38", "complement": "", "Consistance": "TN", "num": "T45825", "surface": 10013 }, "geometry": { "type": "Polygon", "coordinates": [ [ [ -6.839340316146271, 33.827373770030107 ], [ -6.839100326794262, 33.826846194019147 ], [ -6.837616270086403, 33.82709235970141 ], [ -6.837774279728531, 33.82776068133591 ], [ -6.839340316146271, 33.827373770030107 ] ] ] } },
{ "type": "Feature", "properties": { "fid": 1633, "indice": "38", "complement": "", "Consistance": "TN", "num": "T24259", "surface": 27399 }, "geometry": { "type": "Polygon", "coordinates": [ [ [ -6.842569227375524, 33.826054902484508 ], [ -6.843589224079401, 33.825001391090979 ], [ -6.844262725413073, 33.824299120232617 ], [ -6.843399376467143, 33.823653382122679 ], [ -6.841669710365066, 33.825378904196128 ], [ -6.842569227375524, 33.826054902484508 ] ] ] } },
{ "type": "Feature", "properties": { "fid": 1640, "indice": "38", "complement": "", "Consistance": "TN", "num": "T12936", "surface": 10034 }, "geometry": { "type": "Polygon", "coordinates": [ [ [ -6.866438076199588, 33.857223195057863 ], [ -6.86651874837888, 33.857134761821762 ], [ -6.865674085088459, 33.856600799022409 ], [ -6.865006517942886, 33.857339184634881 ], [ -6.865848961816956, 33.857869570137929 ], [ -6.866438076199588, 33.857223195057863 ] ] ] } },
{ "type": "Feature", "properties": { "fid": 1644, "indice": "38", "complement": "", "Consistance": "TN", "num": "T63388", "surface": 6207 }, "geometry": { "type": "Polygon", "coordinates": [ [ [ -6.846715349486685, 33.878781623692653 ], [ -6.845482592008804, 33.878259230323913 ], [ -6.845245896818601, 33.878657006914587 ], [ -6.845776154369813, 33.878876360306428 ], [ -6.846334838939089, 33.879114323171223 ], [ -6.846459063087527, 33.87917151182122 ], [ -6.846715349486685, 33.878781623692653 ] ] ] } },
{ "type": "Feature", "properties": { "fid": 1645, "indice": "38", "complement": "", "Consistance": "TN", "num": "R2184", "surface": 2250 }, "geometry": { "type": "Polygon", "coordinates": [ [ [ -6.983050220728559, 33.905648945676759 ], [ -6.982322890551973, 33.906279575001271 ], [ -6.982520980928347, 33.906465573579162 ], [ -6.982952865843078, 33.906005538014014 ], [ -6.983229628010407, 33.905699889877887 ], [ -6.983050220728559, 33.905648945676759 ] ] ] } },
{ "type": "Feature", "properties": { "fid": 1646, "indice": "38", "complement": "", "Consistance": "TN", "num": "T25290", "surface": 11846 }, "geometry": { "type": "Polygon", "coordinates": [ [ [ -6.907047147621555, 33.867924435585628 ], [ -6.907346808123306, 33.86893279324439 ], [ -6.908260715351004, 33.868137095149777 ], [ -6.907952492878908, 33.867134254138392 ], [ -6.907047147621555, 33.867924435585628 ] ] ] } },
{ "type": "Feature", "properties": { "fid": 1655, "indice": "38", "complement": "BC  P2", "Consistance": "TN", "num": "R957", "surface": 12514 }, "geometry": { "type": "Polygon", "coordinates": [ [ [ -6.805096095610106, 33.805805699783754 ], [ -6.80485609414454, 33.805796672340186 ], [ -6.804523134285456, 33.805785081287141 ], [ -6.804221675801807, 33.805783958710641 ], [ -6.804030604879691, 33.805794222608526 ], [ -6.803840788553438, 33.80581529538474 ], [ -6.803623133020388, 33.805852013456011 ], [ -6.803266620644647, 33.805920956060611 ], [ -6.802947872480049, 33.805986767952966 ], [ -6.80308755838127, 33.806542597847475 ], [ -6.804613724573265, 33.806310795386842 ], [ -6.80531213566842, 33.806204633652548 ], [ -6.805096095610106, 33.805805699783754 ] ] ] } },
{ "type": "Feature", "properties": { "fid": 1684, "indice": "R", "complement": "lot A(P2)", "Consistance": "TN", "num": "R39970", "surface": 40949 }, "geometry": { "type": "Polygon", "coordinates": [ [ [ -6.915436980255021, 33.889138396459529 ], [ -6.913930341586363, 33.887763158707898 ], [ -6.914353755253617, 33.887422517284485 ], [ -6.91342240977796, 33.886602209489489 ], [ -6.912002792603837, 33.88761690613174 ], [ -6.912928666087129, 33.888371449657505 ], [ -6.913091071100036, 33.888257646665281 ], [ -6.914480671253884, 33.889370948284466 ], [ -6.914938826125848, 33.889845226821848 ], [ -6.915436980255021, 33.889138396459529 ] ] ] } },
{ "type": "Feature", "properties": { "fid": 1694, "indice": "38", "complement": "", "Consistance": "TN", "num": "R1747", "surface": 8105 }, "geometry": { "type": "Polygon", "coordinates": [ [ [ -6.916406480113104, 33.880850551027336 ], [ -6.917374920689743, 33.881815598592652 ], [ -6.917795222367642, 33.882228995483814 ], [ -6.917970441994798, 33.88210691286308 ], [ -6.91814443838841, 33.881976727460668 ], [ -6.91765396704434, 33.881508263312718 ], [ -6.916759865325813, 33.880651450076236 ], [ -6.916406480113104, 33.880850551027336 ] ] ] } },
{ "type": "Feature", "properties": { "fid": 1697, "indice": "38", "complement": "", "Consistance": "TN", "num": "T32443", "surface": 7626 }, "geometry": { "type": "Polygon", "coordinates": [ [ [ -6.907358448492986, 33.872601712257165 ], [ -6.906610290559333, 33.873231254233623 ], [ -6.907221781818979, 33.873701009376298 ], [ -6.907980937413597, 33.873082154434947 ], [ -6.907358448492986, 33.872601712257165 ] ] ] } },
{ "type": "Feature", "properties": { "fid": 1709, "indice": "R", "complement": "P1", "Consistance": "TN", "num": "T87097", "surface": 65057 }, "geometry": { "type": "Polygon", "coordinates": [ [ [ -6.81200585936886, 33.806230212508702 ], [ -6.81197466396322, 33.806238682366491 ], [ -6.811953146862461, 33.806244337069181 ], [ -6.812037528726722, 33.806517573376532 ], [ -6.813053567573646, 33.806410485480448 ], [ -6.81531550925798, 33.808108499677338 ], [ -6.814517399955637, 33.80586809725397 ], [ -6.813680106333742, 33.804273019044267 ], [ -6.811510265958529, 33.804716944047065 ], [ -6.81200585936886, 33.806230212508702 ] ] ] } },
{ "type": "Feature", "properties": { "fid": 1727, "indice": "03", "complement": "", "Consistance": "TN", "num": "T97855", "surface": 13452 }, "geometry": { "type": "Polygon", "coordinates": [ [ [ -6.924365127319706, 33.853113119217369 ], [ -6.923452794550658, 33.853672615431897 ], [ -6.92369328048213, 33.853886151059832 ], [ -6.924403873960358, 33.854523279837188 ], [ -6.925320801397093, 33.853979053804231 ], [ -6.924365127319706, 33.853113119217369 ] ] ] } },
{ "type": "Feature", "properties": { "fid": 1742, "indice": "R", "complement": "SOLDE", "Consistance": "TN", "num": "T71170", "surface": 12414 }, "geometry": { "type": "Polygon", "coordinates": [ [ [ -6.836908833674062, 33.839954861706858 ], [ -6.838232657204136, 33.838697680449556 ], [ -6.837726820350601, 33.83830484326149 ], [ -6.836442770042354, 33.839352314039211 ], [ -6.836908833674062, 33.839954861706858 ] ] ] } },
{ "type": "Feature", "properties": { "fid": 1755, "indice": "38", "complement": "IC", "Consistance": "TN", "num": "T16917", "surface": 13035 }, "geometry": { "type": "Polygon", "coordinates": [ [ [ -6.832823600057702, 33.833346376572074 ], [ -6.832105525017784, 33.832991124040937 ], [ -6.832004506240503, 33.833223176160516 ], [ -6.83140619372114, 33.834433206810459 ], [ -6.83219888096218, 33.834724473328507 ], [ -6.832823600057702, 33.833346376572074 ] ] ] } },
{ "type": "Feature", "properties": { "fid": 1764, "indice": "38", "complement": "IC", "Consistance": "TN", "num": "T3045", "surface": 36827 }, "geometry": { "type": "Polygon", "coordinates": [ [ [ -6.829676977322597, 33.816597366696598 ], [ -6.832217075767538, 33.815526550889288 ], [ -6.831896686722867, 33.815099094372393 ], [ -6.829595519038837, 33.816045409975906 ], [ -6.82860723808451, 33.816467090231917 ], [ -6.826913657782571, 33.816908540425594 ], [ -6.826477719750659, 33.816945985503573 ], [ -6.82641784962963, 33.817117134946471 ], [ -6.82634926242667, 33.817283874122168 ], [ -6.826186453465982, 33.817635683539912 ], [ -6.827363505578536, 33.817587975706772 ], [ -6.828304623768019, 33.817188491040639 ], [ -6.829676977322597, 33.816597366696598 ] ] ] } },
{ "type": "Feature", "properties": { "fid": 1765, "indice": "38", "complement": "", "Consistance": "TN", "num": "T3044", "surface": 28306 }, "geometry": { "type": "Polygon", "coordinates": [ [ [ -6.829387793862904, 33.815766380541916 ], [ -6.831628322029698, 33.81474680410156 ], [ -6.831329915993728, 33.814341642808138 ], [ -6.828993184061616, 33.815424547670595 ], [ -6.827594917039483, 33.815950119324889 ], [ -6.826576894270695, 33.816403690931885 ], [ -6.825585447769875, 33.816699111853396 ], [ -6.826205005518215, 33.816591027802453 ], [ -6.826327040378147, 33.816652771110228 ], [ -6.826412401966858, 33.816718540522935 ], [ -6.826882094365374, 33.816762786741627 ], [ -6.82782628202602, 33.816485032126756 ], [ -6.829387793862904, 33.815766380541916 ] ] ] } },
{ "type": "Feature", "properties": { "fid": 1779, "indice": "R", "complement": "", "Consistance": "TN", "num": "T72168", "surface": 42272 }, "geometry": { "type": "Polygon", "coordinates": [ [ [ -6.846090986235739, 33.8448502262045 ], [ -6.845238978416575, 33.844184528909089 ], [ -6.843123027133914, 33.845321950056899 ], [ -6.843292364382841, 33.845625750555648 ], [ -6.842407140703251, 33.846086028245601 ], [ -6.843500893497671, 33.846858989713546 ], [ -6.843521651828814, 33.846872279062737 ], [ -6.846090986235739, 33.8448502262045 ] ] ] } },
{ "type": "Feature", "properties": { "fid": 1780, "indice": "38", "complement": "", "Consistance": "TN", "num": "T30225", "surface": 15815 }, "geometry": { "type": "Polygon", "coordinates": [ [ [ -6.843521651828814, 33.846872279062737 ], [ -6.843895347739377, 33.847114192024492 ], [ -6.845243048254071, 33.846122733752075 ], [ -6.84651919392408, 33.845185302015686 ], [ -6.846090986235739, 33.8448502262045 ], [ -6.843521651828814, 33.846872279062737 ] ] ] } },
{ "type": "Feature", "properties": { "fid": 1786, "indice": "38", "complement": "P2 ANNULEE", "Consistance": "TN", "num": "R2004", "surface": 5137 }, "geometry": { "type": "Polygon", "coordinates": [ [ [ -6.85485156688624, 33.863267949529856 ], [ -6.853918884001076, 33.863094801551391 ], [ -6.853033250710969, 33.863149287762013 ], [ -6.852758920155969, 33.863230942122108 ], [ -6.85326199771117, 33.863316192531492 ], [ -6.853862990291042, 33.863373244987436 ], [ -6.854779541390385, 33.863616029463302 ], [ -6.85485156688624, 33.863267949529856 ] ] ] } },
{ "type": "Feature", "properties": { "fid": 1788, "indice": "R", "complement": "P2", "Consistance": "TN", "num": "T43721", "surface": 20660 }, "geometry": { "type": "Polygon", "coordinates": [ [ [ -6.851268193196208, 33.86376054277563 ], [ -6.852100929859433, 33.864228899153282 ], [ -6.853344031078614, 33.864926983509022 ], [ -6.85439072411289, 33.865516402496773 ], [ -6.854540859694404, 33.864795820707869 ], [ -6.852946769511894, 33.864056729488389 ], [ -6.851990812923094, 33.863460833571409 ], [ -6.851919801476671, 33.863481500315416 ], [ -6.851665901535028, 33.86355660158781 ], [ -6.851268193196208, 33.86376054277563 ] ] ] } },
{ "type": "Feature", "properties": { "fid": 1794, "indice": "38", "complement": "", "Consistance": "TN", "num": "T10619", "surface": 6489 }, "geometry": { "type": "Polygon", "coordinates": [ [ [ -6.910495771041374, 33.885903409020948 ], [ -6.910369443653441, 33.885790389341189 ], [ -6.910199492527105, 33.885656249862123 ], [ -6.908837113613301, 33.88660528093903 ], [ -6.909005920719617, 33.886735828311679 ], [ -6.909151928731874, 33.886861238911472 ], [ -6.910495771041374, 33.885903409020948 ] ] ] } },
{ "type": "Feature", "properties": { "fid": 1795, "indice": "38", "complement": "", "Consistance": "TN", "num": "T20436", "surface": 7493 }, "geometry": { "type": "Polygon", "coordinates": [ [ [ -6.840815752973268, 33.846071002688369 ], [ -6.841896222707596, 33.845585936921324 ], [ -6.842888051270414, 33.845036043410481 ], [ -6.842713034377793, 33.84484595127082 ], [ -6.841732861455115, 33.845316339084945 ], [ -6.840660004011803, 33.845804021606781 ], [ -6.840512102031148, 33.845880585741533 ], [ -6.840662372409631, 33.846143120458088 ], [ -6.840815752973268, 33.846071002688369 ] ] ] } },
{ "type": "Feature", "properties": { "fid": 1801, "indice": "R", "complement": "", "Consistance": "TN", "num": "T32631", "surface": 36986 }, "geometry": { "type": "Polygon", "coordinates": [ [ [ -6.847349915402996, 33.841903477829739 ], [ -6.84725442458506, 33.84194607199872 ], [ -6.845675015222277, 33.842648007143694 ], [ -6.844483856568644, 33.843233597950004 ], [ -6.845561303838053, 33.844067159737648 ], [ -6.847745241976178, 33.843186861845879 ], [ -6.847842940288173, 33.84314694757164 ], [ -6.847349915402996, 33.841903477829739 ] ] ] } },
{ "type": "Feature", "properties": { "fid": 2453, "indice": "38", "complement": "", "Consistance": "TN", "num": "T67790", "surface": 2461 }, "geometry": { "type": "Polygon", "coordinates": [ [ [ -6.858638747655079, 33.843003443642225 ], [ -6.858891733565992, 33.843264759078266 ], [ -6.859719554788773, 33.842224187191526 ], [ -6.858638747655079, 33.843003443642225 ] ] ] } },
{ "type": "Feature", "properties": { "fid": 2454, "indice": "38", "complement": "", "Consistance": "TN", "num": "T112369", "surface": 5107 }, "geometry": { "type": "Polygon", "coordinates": [ [ [ -6.932473477448507, 33.89287772263291 ], [ -6.931937165725214, 33.892454972397225 ], [ -6.931917416692023, 33.892438979489143 ], [ -6.931254604173063, 33.891895112842015 ], [ -6.931001750456814, 33.892092121777253 ], [ -6.931428529415692, 33.89243684700655 ], [ -6.932303961698538, 33.893139554136987 ], [ -6.932473477448507, 33.89287772263291 ] ] ] } },
{ "type": "Feature", "properties": { "fid": 2461, "indice": "R", "complement": "", "Consistance": "TN", "num": "R39650", "surface": 5250 }, "geometry": { "type": "Polygon", "coordinates": [ [ [ -6.942090391569691, 33.922044170058307 ], [ -6.941868299496178, 33.922210153812593 ], [ -6.942224177606815, 33.922511520285298 ], [ -6.941876626944921, 33.922863041557157 ], [ -6.943007248144332, 33.923718559515201 ], [ -6.942090391569691, 33.922044170058307 ] ] ] } },
{ "type": "Feature", "properties": { "fid": 2462, "indice": "38", "complement": "P2", "Consistance": "TN", "num": "T122625", "surface": 8906 }, "geometry": { "type": "Polygon", "coordinates": [ [ [ -6.844339178589364, 33.843504044990851 ], [ -6.844245154162312, 33.843570070106153 ], [ -6.844393902305487, 33.843805560233349 ], [ -6.843967391144272, 33.843962912599331 ], [ -6.843650467487242, 33.844080215283753 ], [ -6.843595123061548, 33.844132264343671 ], [ -6.842702994145391, 33.844827126539052 ], [ -6.842713034377793, 33.84484595127082 ], [ -6.842888051270414, 33.845036043410481 ], [ -6.842936903064301, 33.845113947782409 ], [ -6.843782599335647, 33.844552204115978 ], [ -6.84477049531039, 33.843831875413187 ], [ -6.844339178589364, 33.843504044990851 ] ] ] } },
{ "type": "Feature", "properties": { "fid": 2465, "indice": "R", "complement": "", "Consistance": "TN", "num": "T92965", "surface": 11918 }, "geometry": { "type": "Polygon", "coordinates": [ [ [ -6.84107332946601, 33.81931483422629 ], [ -6.83969665149567, 33.818596518100009 ], [ -6.839450295104924, 33.819382238054693 ], [ -6.840536664863249, 33.81999206204096 ], [ -6.84107332946601, 33.81931483422629 ] ] ] } },
{ "type": "Feature", "properties": { "fid": 2489, "indice": "38", "complement": "", "Consistance": "TN", "num": "T56136", "surface": 11001 }, "geometry": { "type": "Polygon", "coordinates": [ [ [ -6.837245715695549, 33.84124345909904 ], [ -6.837294123193849, 33.841884176425602 ], [ -6.837226775808884, 33.842322387510201 ], [ -6.837629785671976, 33.842508964355709 ], [ -6.838340414012145, 33.841883870802974 ], [ -6.837721040811052, 33.841162232506392 ], [ -6.83741106910112, 33.840718437688722 ], [ -6.837245715695549, 33.84124345909904 ] ] ] } },
{ "type": "Feature", "properties": { "fid": 2491, "indice": "03", "complement": "", "Consistance": "TN", "num": "T95653", "surface": 21870 }, "geometry": { "type": "Polygon", "coordinates": [ [ [ -6.916359181782051, 33.888500383187754 ], [ -6.91660319460294, 33.888725613229461 ], [ -6.917247420757374, 33.888272249981981 ], [ -6.917291201429113, 33.888240151564595 ], [ -6.918047613196842, 33.887708759556688 ], [ -6.917129059531591, 33.886817973351789 ], [ -6.91646199929988, 33.88732572879627 ], [ -6.915793758377452, 33.887890316260489 ], [ -6.916359181782051, 33.888500383187754 ] ] ] } },
{ "type": "Feature", "properties": { "fid": 2495, "indice": "R", "complement": "P2", "Consistance": "TN", "num": "T71220", "surface": 372861 }, "geometry": { "type": "Polygon", "coordinates": [ [ [ -6.789377390497044, 33.846680144140088 ], [ -6.801747440615692, 33.847406141333856 ], [ -6.799126892774042, 33.845098597347523 ], [ -6.798222100148365, 33.844085030710993 ], [ -6.797660828273733, 33.843596147503391 ], [ -6.797443447176635, 33.843386624185179 ], [ -6.789162781156962, 33.845559631578126 ], [ -6.781563497546476, 33.847509900748157 ], [ -6.781925764687522, 33.848472760212388 ], [ -6.789377390497044, 33.846680144140088 ] ] ] } },
{ "type": "Feature", "properties": { "fid": 2497, "indice": "03", "complement": "P2", "Consistance": "TN", "num": "T71219", "surface": 614429 }, "geometry": { "type": "Polygon", "coordinates": [ [ [ -6.792089808893384, 33.848932750743124 ], [ -6.794225405586407, 33.851135811190247 ], [ -6.795061996041347, 33.850657480907934 ], [ -6.797769427648566, 33.849485412284174 ], [ -6.798790738924567, 33.850683474277176 ], [ -6.80004025613766, 33.852424637598119 ], [ -6.801095972156062, 33.853472575753479 ], [ -6.801937081949504, 33.852134614814659 ], [ -6.802467106438274, 33.851752569350083 ], [ -6.803539747568725, 33.850965781925154 ], [ -6.801747440615692, 33.847406141333856 ], [ -6.789377390497044, 33.846680144140088 ], [ -6.781925764687522, 33.848472760212388 ], [ -6.782298032400103, 33.849656479084551 ], [ -6.792089808893384, 33.848932750743124 ] ] ] } },
{ "type": "Feature", "properties": { "fid": 2498, "indice": "R", "complement": "SOLDE", "Consistance": "TN", "num": "T36863", "surface": 19960 }, "geometry": { "type": "Polygon", "coordinates": [ [ [ -6.909463207612377, 33.87201262420654 ], [ -6.909794359323385, 33.871717303669882 ], [ -6.909086548941509, 33.871180176014782 ], [ -6.908843700301615, 33.871392353807913 ], [ -6.907422605285869, 33.872622585486546 ], [ -6.907707552385332, 33.87284283031358 ], [ -6.908144814632036, 33.873179391203855 ], [ -6.909463207612377, 33.87201262420654 ] ] ] } },
{ "type": "Feature", "properties": { "fid": 2516, "indice": "38", "complement": "P1", "Consistance": "TN", "num": "R213", "surface": 25506 }, "geometry": { "type": "Polygon", "coordinates": [ [ [ -6.850482099899726, 33.870632416826858 ], [ -6.850531886579915, 33.870570508596565 ], [ -6.84986479332633, 33.869858506360217 ], [ -6.848024016844483, 33.867747677845387 ], [ -6.847233478004005, 33.867021757682679 ], [ -6.844679594622416, 33.866169197699577 ], [ -6.84477118359506, 33.86634581916671 ], [ -6.847104307717585, 33.867316378002393 ], [ -6.847602742313218, 33.867771494480422 ], [ -6.84767259662837, 33.868071027219933 ], [ -6.849198882134788, 33.86973634593452 ], [ -6.850302905337289, 33.870779704528552 ], [ -6.850482099899726, 33.870632416826858 ] ] ] } },
{ "type": "Feature", "properties": { "fid": 2517, "indice": "R", "complement": "", "Consistance": "TN", "num": "T12987", "surface": 6087 }, "geometry": { "type": "Polygon", "coordinates": [ [ [ -6.92547859022053, 33.906043826593645 ], [ -6.925730099255628, 33.905828808336402 ], [ -6.925109504188946, 33.905352040394774 ], [ -6.92439457709764, 33.904861987775448 ], [ -6.924105959210831, 33.905119845794594 ], [ -6.92547859022053, 33.906043826593645 ] ] ] } },
{ "type": "Feature", "properties": { "fid": 2518, "indice": "38", "complement": "", "Consistance": "TN", "num": "T128156", "surface": 10390 }, "geometry": { "type": "Polygon", "coordinates": [ [ [ -6.93911935330567, 33.900757465179986 ], [ -6.939071405042111, 33.900737310624308 ], [ -6.938610423074132, 33.900297427889605 ], [ -6.938464286283271, 33.900168445322407 ], [ -6.938031986789603, 33.899821106269158 ], [ -6.937283680879178, 33.899218795413056 ], [ -6.937000845393881, 33.899494651869873 ], [ -6.937475900549241, 33.899813509382618 ], [ -6.937705654866867, 33.900022638969055 ], [ -6.937840134093723, 33.900165294586337 ], [ -6.938125968331531, 33.900487376940575 ], [ -6.938652859248775, 33.901106836324246 ], [ -6.93911935330567, 33.900757465179986 ] ] ] } },
{ "type": "Feature", "properties": { "fid": 2520, "indice": "38", "complement": "", "Consistance": "TN", "num": "T96523", "surface": 14462 }, "geometry": { "type": "Polygon", "coordinates": [ [ [ -6.901779087033527, 33.90418571920457 ], [ -6.90265546503901, 33.90344734809608 ], [ -6.903418474849404, 33.902784290175688 ], [ -6.903393181352013, 33.90276024217642 ], [ -6.90343376131317, 33.9027299912144 ], [ -6.903021257050193, 33.902394020216931 ], [ -6.902313547732117, 33.903002296616904 ], [ -6.901584542178783, 33.903630666584753 ], [ -6.901067816281612, 33.904150059152059 ], [ -6.90135143451382, 33.904288258277568 ], [ -6.901523073282243, 33.904393527473118 ], [ -6.901779087033527, 33.90418571920457 ] ] ] } },
{ "type": "Feature", "properties": { "fid": 2521, "indice": "38", "complement": "", "Consistance": "TN", "num": "T67788", "surface": 14601 }, "geometry": { "type": "Polygon", "coordinates": [ [ [ -6.901584542178783, 33.903630666584753 ], [ -6.902313547732117, 33.903002296616904 ], [ -6.903021257050193, 33.902394020216931 ], [ -6.902591126265628, 33.90203931916156 ], [ -6.901948854443241, 33.902616142455578 ], [ -6.901154395579703, 33.903275059007697 ], [ -6.900642904366564, 33.903909832969838 ], [ -6.901067816281612, 33.904150059152059 ], [ -6.901584542178783, 33.903630666584753 ] ] ] } },
{ "type": "Feature", "properties": { "fid": 2522, "indice": "38", "complement": "", "Consistance": "TN", "num": "T109158", "surface": 13706 }, "geometry": { "type": "Polygon", "coordinates": [ [ [ -6.931210373413682, 33.888705531151388 ], [ -6.930329187655089, 33.88705766393354 ], [ -6.930087619916024, 33.886604241965237 ], [ -6.929543463352158, 33.886901317248103 ], [ -6.929980145299376, 33.887626540932906 ], [ -6.930591633336343, 33.888636438172952 ], [ -6.930776576971728, 33.888944439214363 ], [ -6.931224794572967, 33.888726099033839 ], [ -6.931210373413682, 33.888705531151388 ] ] ] } },
{ "type": "Feature", "properties": { "fid": 2523, "indice": "38", "complement": "", "Consistance": "TN", "num": "T60281", "surface": 4693 }, "geometry": { "type": "Polygon", "coordinates": [ [ [ -6.847657597268839, 33.842531269335645 ], [ -6.847966691459052, 33.843373703681074 ], [ -6.848532933561168, 33.843039743961867 ], [ -6.848058293322635, 33.842382320499503 ], [ -6.847657597268839, 33.842531269335645 ] ] ] } },
{ "type": "Feature", "properties": { "fid": 2524, "indice": "38", "complement": "", "Consistance": "TN", "num": "T60170", "surface": 16714 }, "geometry": { "type": "Polygon", "coordinates": [ [ [ -6.939076019114143, 33.86834617738851 ], [ -6.937237965327475, 33.86589927714796 ], [ -6.937160868573258, 33.865941713768514 ], [ -6.935214209727722, 33.863890264559927 ], [ -6.934895508964223, 33.864088092540349 ], [ -6.935579434907099, 33.86473630819853 ], [ -6.936086679504619, 33.865236066538223 ], [ -6.936270190999447, 33.865403376893667 ], [ -6.936381452685219, 33.865520164050281 ], [ -6.937452132978017, 33.866638939071294 ], [ -6.938148089635545, 33.867415067776903 ], [ -6.938220688104839, 33.867729852891038 ], [ -6.938934061502024, 33.868389413116013 ], [ -6.939076019114143, 33.86834617738851 ] ] ] } },
{ "type": "Feature", "properties": { "fid": 2525, "indice": "38", "complement": "P1", "Consistance": "TN", "num": "T59752", "surface": 6419 }, "geometry": { "type": "Polygon", "coordinates": [ [ [ -6.939194146922009, 33.868300528926468 ], [ -6.937625029513592, 33.865899029147457 ], [ -6.93734091569602, 33.866035106283952 ], [ -6.939076019114143, 33.86834617738851 ], [ -6.939194146922009, 33.868300528926468 ] ] ] } },
{ "type": "Feature", "properties": { "fid": 2527, "indice": "38", "complement": "SOLDE", "Consistance": "TN", "num": "T64770", "surface": 6870 }, "geometry": { "type": "Polygon", "coordinates": [ [ [ -6.911801128667216, 33.920268030400486 ], [ -6.911492548843247, 33.920067022137744 ], [ -6.911179910209191, 33.919881394717798 ], [ -6.911018618436879, 33.920062823594918 ], [ -6.910306312758197, 33.919663754495993 ], [ -6.910204687492105, 33.919605454241427 ], [ -6.910050868664364, 33.919905844765111 ], [ -6.91147871796214, 33.920640808493978 ], [ -6.911801128667216, 33.920268030400486 ] ] ] } },
{ "type": "Feature", "properties": { "fid": 2533, "indice": "R", "complement": "SOLDE", "Consistance": "TN", "num": "T72038", "surface": 7021 }, "geometry": { "type": "Polygon", "coordinates": [ [ [ -6.854941601714107, 33.862833074936205 ], [ -6.853923807655008, 33.86280702936179 ], [ -6.852807739311009, 33.86278752862097 ], [ -6.853033250710969, 33.863149287762013 ], [ -6.853918884001076, 33.863094801551391 ], [ -6.85485156688624, 33.863267949529856 ], [ -6.854941601714107, 33.862833074936205 ] ] ] } },
{ "type": "Feature", "properties": { "fid": 2536, "indice": "R", "complement": "enclave=ci", "Consistance": "TN", "num": "T17948", "surface": 9641 }, "geometry": { "type": "Polygon", "coordinates": [ [ [ -6.91649287736366, 33.898902480600981 ], [ -6.915674617512209, 33.899614993901395 ], [ -6.916243336036624, 33.900037419693732 ], [ -6.916809471259556, 33.899814998434522 ], [ -6.917250746101955, 33.899379430604434 ], [ -6.91649287736366, 33.898902480600981 ] ] ] } },
{ "type": "Feature", "properties": { "fid": 2543, "indice": "R", "complement": "", "Consistance": "TN", "num": "T19521", "surface": 3232 }, "geometry": { "type": "Polygon", "coordinates": [ [ [ -6.921203038083882, 33.935822196091181 ], [ -6.920553060236631, 33.935346667224735 ], [ -6.920264613520619, 33.935620744625794 ], [ -6.920914576069673, 33.936095373221868 ], [ -6.921203038083882, 33.935822196091181 ] ] ] } },
{ "type": "Feature", "properties": { "fid": 2545, "indice": "38", "complement": "", "Consistance": "TN", "num": "T9490", "surface": 10077 }, "geometry": { "type": "Polygon", "coordinates": [ [ [ -6.846387506873907, 33.82294419660996 ], [ -6.846859765837745, 33.822359687180118 ], [ -6.845805815011434, 33.821624173312287 ], [ -6.84570735628409, 33.821747073713908 ], [ -6.845318845936697, 33.822234103213177 ], [ -6.846387506873907, 33.82294419660996 ] ] ] } },
{ "type": "Feature", "properties": { "fid": 2547, "indice": "38", "complement": "", "Consistance": "TN", "num": "T100025", "surface": 4729 }, "geometry": { "type": "Polygon", "coordinates": [ [ [ -6.850964913689604, 33.868267380300153 ], [ -6.850670664492042, 33.867933472987964 ], [ -6.850283804769893, 33.86820583102687 ], [ -6.850428316450453, 33.868378227060276 ], [ -6.850954071694429, 33.868914186798257 ], [ -6.851358574454108, 33.868662366342491 ], [ -6.850964913689604, 33.868267380300153 ] ] ] } },
{ "type": "Feature", "properties": { "fid": 2552, "indice": "R", "complement": "", "Consistance": "TN", "num": "T21002", "surface": 3217 }, "geometry": { "type": "Polygon", "coordinates": [ [ [ -6.92769955564362, 33.93513338843912 ], [ -6.926974521915428, 33.934452269932194 ], [ -6.926714980553056, 33.934645739575551 ], [ -6.927446441474959, 33.935323173452694 ], [ -6.92769955564362, 33.93513338843912 ] ] ] } },
{ "type": "Feature", "properties": { "fid": 2555, "indice": "R", "complement": "", "Consistance": "TN", "num": "R40090", "surface": 8628 }, "geometry": { "type": "Polygon", "coordinates": [ [ [ -6.848808961295841, 33.87697068567509 ], [ -6.848789246069281, 33.876955581317205 ], [ -6.847883224124196, 33.876248140408826 ], [ -6.847598438989287, 33.876484132384078 ], [ -6.847238964281309, 33.876780514688086 ], [ -6.848334483862232, 33.877373927918761 ], [ -6.848808961295841, 33.87697068567509 ] ] ] } },
{ "type": "Feature", "properties": { "fid": 2567, "indice": "38", "complement": "", "Consistance": "TN", "num": "T27035", "surface": 10426 }, "geometry": { "type": "Polygon", "coordinates": [ [ [ -6.934086951851202, 33.855324854819628 ], [ -6.933687539733966, 33.854989722204451 ], [ -6.933212208692575, 33.855377071045908 ], [ -6.934454927716808, 33.856452275023798 ], [ -6.934957137015001, 33.856056474258281 ], [ -6.934086951851202, 33.855324854819628 ] ] ] } },
{ "type": "Feature", "properties": { "fid": 2568, "indice": "38", "complement": "", "Consistance": "TN", "num": "T30038", "surface": 5496 }, "geometry": { "type": "Polygon", "coordinates": [ [ [ -6.858409012608026, 33.843871979990084 ], [ -6.857952154096915, 33.843506612585344 ], [ -6.85732514218324, 33.844018102558863 ], [ -6.857911502304959, 33.844500115742527 ], [ -6.858409012608026, 33.843871979990084 ] ] ] } },
{ "type": "Feature", "properties": { "fid": 2569, "indice": "38", "complement": "", "Consistance": "TN", "num": "T49704", "surface": 2449 }, "geometry": { "type": "Polygon", "coordinates": [ [ [ -6.937001859870513, 33.869305185794254 ], [ -6.936178730257855, 33.868920249512243 ], [ -6.935882983804529, 33.869071798827171 ], [ -6.936698514653874, 33.869455026518843 ], [ -6.937001859870513, 33.869305185794254 ] ] ] } },
{ "type": "Feature", "properties": { "fid": 2571, "indice": "38", "complement": "", "Consistance": "TN", "num": "T49705", "surface": 4823 }, "geometry": { "type": "Polygon", "coordinates": [ [ [ -6.937035084383639, 33.869288542682739 ], [ -6.934829257071886, 33.868240520798807 ], [ -6.934617160610558, 33.868475822690947 ], [ -6.935882983804529, 33.869071798827171 ], [ -6.936178730257855, 33.868920249512243 ], [ -6.937001859870513, 33.869305185794254 ], [ -6.937035084383639, 33.869288542682739 ] ] ] } },
{ "type": "Feature", "properties": { "fid": 2574, "indice": "38", "complement": "", "Consistance": "TN", "num": "T59753", "surface": 5870 }, "geometry": { "type": "Polygon", "coordinates": [ [ [ -6.900496626711398, 33.897623387315512 ], [ -6.900281594109827, 33.8973842504315 ], [ -6.898993255032789, 33.898441411868447 ], [ -6.899278778104741, 33.898691431263813 ], [ -6.900496626711398, 33.897623387315512 ] ] ] } },
{ "type": "Feature", "properties": { "fid": 2575, "indice": "38", "complement": "", "Consistance": "TN", "num": "T62659", "surface": 5466 }, "geometry": { "type": "Polygon", "coordinates": [ [ [ -6.907477956698874, 33.898978943295091 ], [ -6.907134341581712, 33.899310480667737 ], [ -6.908076111767598, 33.900041416606925 ], [ -6.908182031297538, 33.899912066921495 ], [ -6.908302595281246, 33.899629213662706 ], [ -6.907477956698874, 33.898978943295091 ] ] ] } },
{ "type": "Feature", "properties": { "fid": 2577, "indice": "38", "complement": "LOTBA", "Consistance": "TN", "num": "T5676", "surface": 2001 }, "geometry": { "type": "Polygon", "coordinates": [ [ [ -6.850257501751972, 33.847484320909864 ], [ -6.84994112438657, 33.847050552606589 ], [ -6.849607956988554, 33.847296132906024 ], [ -6.849964200603951, 33.847657285226823 ], [ -6.850257501751972, 33.847484320909864 ] ] ] } },
{ "type": "Feature", "properties": { "fid": 2578, "indice": "38", "complement": "", "Consistance": "TN", "num": "T113999", "surface": 14741 }, "geometry": { "type": "Polygon", "coordinates": [ [ [ -6.839255497497563, 33.844865951326597 ], [ -6.839993348576086, 33.84464460097243 ], [ -6.840628767185221, 33.844438857238309 ], [ -6.840591336679982, 33.844397799598156 ], [ -6.838822197232247, 33.844940386383307 ], [ -6.83865078917008, 33.844771893485607 ], [ -6.838504640439747, 33.844627461927395 ], [ -6.837576691556178, 33.845250544477665 ], [ -6.837201481916726, 33.845504692236524 ], [ -6.837630609238873, 33.846028291034784 ], [ -6.838330910192431, 33.845757776217248 ], [ -6.83836180433663, 33.845730362937289 ], [ -6.838567933983007, 33.845514234139536 ], [ -6.839068391582362, 33.845186486444064 ], [ -6.83929403086845, 33.845104519624257 ], [ -6.83931339435931, 33.845098885164241 ], [ -6.839255497497563, 33.844865951326597 ] ] ] } },
{ "type": "Feature", "properties": { "fid": 2579, "indice": "38", "complement": "", "Consistance": "TN", "num": "T114000", "surface": 5826 }, "geometry": { "type": "Polygon", "coordinates": [ [ [ -6.840897310765078, 33.844728890952652 ], [ -6.840628767185221, 33.844438857238309 ], [ -6.839993348576086, 33.84464460097243 ], [ -6.839255497497563, 33.844865951326597 ], [ -6.83931339435931, 33.845098885164241 ], [ -6.839544265570499, 33.845071875478389 ], [ -6.839853455377335, 33.845074629270648 ], [ -6.840349138663466, 33.844981433481905 ], [ -6.840570602555045, 33.844908531741808 ], [ -6.840897310765078, 33.844728890952652 ] ] ] } },
{ "type": "Feature", "properties": { "fid": 2583, "indice": "38", "complement": "", "Consistance": "TN", "num": "T54206", "surface": 2870 }, "geometry": { "type": "Polygon", "coordinates": [ [ [ -6.929445250514768, 33.890727599950239 ], [ -6.929409948914584, 33.890749677769641 ], [ -6.929745364616085, 33.891065761880533 ], [ -6.92952486900198, 33.8912578625987 ], [ -6.93014996358331, 33.891810316977207 ], [ -6.930382369189474, 33.891618971444458 ], [ -6.929445250514768, 33.890727599950239 ] ] ] } },
{ "type": "Feature", "properties": { "fid": 2624, "indice": "38", "complement": "", "Consistance": "TN", "num": "T10635", "surface": 9895 }, "geometry": { "type": "Polygon", "coordinates": [ [ [ -6.858376598368526, 33.862005686448086 ], [ -6.858544519561963, 33.861187482857183 ], [ -6.85740619117222, 33.860999622278442 ], [ -6.857293181410475, 33.861546605919223 ], [ -6.85723717871833, 33.861817836985665 ], [ -6.858376598368526, 33.862005686448086 ] ] ] } },
{ "type": "Feature", "properties": { "fid": 2636, "indice": "38", "complement": "", "Consistance": "TN", "num": "T25704", "surface": 11397 }, "geometry": { "type": "Polygon", "coordinates": [ [ [ -6.908246453178572, 33.866877266621955 ], [ -6.907952492878908, 33.867134254138392 ], [ -6.908260715351004, 33.868137095149777 ], [ -6.909013753488612, 33.867480424684622 ], [ -6.909126665124324, 33.867382555584747 ], [ -6.908830075943579, 33.866365145099238 ], [ -6.908246453178572, 33.866877266621955 ] ] ] } },
{ "type": "Feature", "properties": { "fid": 2637, "indice": "R", "complement": "P3", "Consistance": "TN", "num": "T33312", "surface": 17194 }, "geometry": { "type": "Polygon", "coordinates": [ [ [ -6.907047147621555, 33.867924435585628 ], [ -6.906064074220025, 33.868784994780093 ], [ -6.905741319078116, 33.87012824976869 ], [ -6.905754464713036, 33.870325614619574 ], [ -6.907107142078676, 33.869141321767977 ], [ -6.907346808123306, 33.86893279324439 ], [ -6.907047147621555, 33.867924435585628 ] ] ] } },
{ "type": "Feature", "properties": { "fid": 2645, "indice": "R", "complement": "P1 OTannul", "Consistance": "TN", "num": "T50435", "surface": 134184 }, "geometry": { "type": "Polygon", "coordinates": [ [ [ -6.826297942115763, 33.813754272931185 ], [ -6.824582054300304, 33.813688155478161 ], [ -6.822931047846279, 33.8136248837138 ], [ -6.821202927511231, 33.812279008441685 ], [ -6.819701238250794, 33.811165943819788 ], [ -6.818976623990436, 33.81079265155811 ], [ -6.817853848853975, 33.8101866621829 ], [ -6.817046487410193, 33.80957438162519 ], [ -6.816862565110968, 33.809426744687428 ], [ -6.819308873524067, 33.811886538873601 ], [ -6.820252450821353, 33.81448873680224 ], [ -6.820616506115942, 33.814682124412066 ], [ -6.821978171339134, 33.815156394631856 ], [ -6.822273342378248, 33.815167467608866 ], [ -6.822442421853839, 33.815198915458538 ], [ -6.822679917054357, 33.81525123097348 ], [ -6.822899385419261, 33.815324495809953 ], [ -6.823212408205668, 33.815502221908822 ], [ -6.823406941068323, 33.815570358125782 ], [ -6.823619412811562, 33.815612133544995 ], [ -6.824051554783644, 33.815607211371379 ], [ -6.82398982998562, 33.815070359387491 ], [ -6.824013133888476, 33.814909548911977 ], [ -6.824118392466261, 33.814804626890435 ], [ -6.824689820433695, 33.814529337914564 ], [ -6.824939308849948, 33.81445614300393 ], [ -6.825388745215886, 33.814451920935369 ], [ -6.825507021792101, 33.814416298533907 ], [ -6.825663612028855, 33.81441090497146 ], [ -6.825863191758553, 33.814457333297774 ], [ -6.825964209686084, 33.814489552719351 ], [ -6.826088389806692, 33.814484528335797 ], [ -6.826187857361568, 33.814422061706622 ], [ -6.826223882461301, 33.8143125161047 ], [ -6.826220579403092, 33.813978836454623 ], [ -6.826297942115763, 33.813754272931185 ] ] ] } },
{ "type": "Feature", "properties": { "fid": 2646, "indice": "R", "complement": "", "Consistance": "TN", "num": "T14502", "surface": 128658 }, "geometry": { "type": "Polygon", "coordinates": [ [ [ -6.826382967874185, 33.813601777012252 ], [ -6.826429644848293, 33.812691187871984 ], [ -6.826437734956073, 33.812393455606717 ], [ -6.826356083101189, 33.812158079248753 ], [ -6.826185920190851, 33.811928222418288 ], [ -6.826035602329873, 33.811722491317269 ], [ -6.825548375510864, 33.811925573512383 ], [ -6.825246225282331, 33.81201560515089 ], [ -6.825034643527928, 33.812093780309183 ], [ -6.824797329108875, 33.812118132066345 ], [ -6.824566721276887, 33.812090094470229 ], [ -6.824356772224185, 33.812069938500755 ], [ -6.824213002390736, 33.812066165015501 ], [ -6.823956865491575, 33.812062769520104 ], [ -6.823762708557762, 33.812017178362431 ], [ -6.823564382343439, 33.811914812225915 ], [ -6.823339152053927, 33.811819065702217 ], [ -6.82312049187683, 33.811530229007737 ], [ -6.822946960402167, 33.811358130291865 ], [ -6.822675696747964, 33.811222319337439 ], [ -6.822380962947067, 33.810906387032183 ], [ -6.822229152494284, 33.8108070972254 ], [ -6.822077439961122, 33.810779961259385 ], [ -6.821699984252581, 33.810823940236105 ], [ -6.821494257076727, 33.810797417900766 ], [ -6.821331630165412, 33.810697348080538 ], [ -6.82114755961573, 33.810607443182576 ], [ -6.821026449068524, 33.810601604558244 ], [ -6.819579987774306, 33.810289734300454 ], [ -6.818001034808838, 33.810068642437862 ], [ -6.816862565110968, 33.809426744687428 ], [ -6.817046487410193, 33.80957438162519 ], [ -6.817853848853975, 33.8101866621829 ], [ -6.818976623990436, 33.81079265155811 ], [ -6.819701238250794, 33.811165943819788 ], [ -6.821202927511231, 33.812279008441685 ], [ -6.822931047846279, 33.8136248837138 ], [ -6.824582054300304, 33.813688155478161 ], [ -6.826297942115763, 33.813754272931185 ], [ -6.826382967874185, 33.813601777012252 ] ] ] } },
{ "type": "Feature", "properties": { "fid": 2647, "indice": "R", "complement": "P1 VECT", "Consistance": "TN", "num": "T14503", "surface": 658846 }, "geometry": { "type": "Polygon", "coordinates": [ [ [ -6.823619412811562, 33.815612133544995 ], [ -6.823406941068323, 33.815570358125782 ], [ -6.823212408205668, 33.815502221908822 ], [ -6.822899385419261, 33.815324495809953 ], [ -6.822679917054357, 33.81525123097348 ], [ -6.822442421853839, 33.815198915458538 ], [ -6.822273342378248, 33.815167467608866 ], [ -6.82197812716992, 33.815153689320439 ], [ -6.820616461989263, 33.814679419099747 ], [ -6.820252450821353, 33.81448873680224 ], [ -6.819308873524067, 33.811886538873601 ], [ -6.816862565110968, 33.809426744687428 ], [ -6.816858023957614, 33.809413267077481 ], [ -6.815800628369047, 33.809105060062826 ], [ -6.814548245230677, 33.8089650076952 ], [ -6.810214183079959, 33.808480032545987 ], [ -6.810348955279891, 33.808862737728759 ], [ -6.814143085773367, 33.812093906590462 ], [ -6.816092334792008, 33.813755757401225 ], [ -6.815978819020049, 33.814283774853017 ], [ -6.815699411763336, 33.815508162614876 ], [ -6.817074398023599, 33.817134108621254 ], [ -6.817672711156274, 33.817844364523168 ], [ -6.818441908680081, 33.818828671243089 ], [ -6.81878377996811, 33.819251407648764 ], [ -6.819052566412902, 33.820096176963993 ], [ -6.819102712323541, 33.820321993709577 ], [ -6.819064116529827, 33.820672383028601 ], [ -6.819055721262611, 33.820952980417097 ], [ -6.819112548982492, 33.821124605102405 ], [ -6.819234268916534, 33.821233259501014 ], [ -6.81939541395919, 33.821241351275482 ], [ -6.819715212444597, 33.821170976646982 ], [ -6.820176942095713, 33.820990756585644 ], [ -6.820581775320254, 33.820833729743264 ], [ -6.821044596522563, 33.820654395949681 ], [ -6.821439517510228, 33.82041991242356 ], [ -6.82186470262925, 33.820185985330262 ], [ -6.822146852126639, 33.820192697203439 ], [ -6.822571399601379, 33.820316843737295 ], [ -6.822767985687956, 33.820377742104149 ], [ -6.822928687270391, 33.820160350209825 ], [ -6.823080096427606, 33.819903378650288 ], [ -6.823155282217775, 33.819677038555184 ], [ -6.823174404567784, 33.819458552148483 ], [ -6.823158659300312, 33.819222423931372 ], [ -6.822929412716331, 33.81874971274533 ], [ -6.822740736995822, 33.818445201605762 ], [ -6.822523431986482, 33.818240229038992 ], [ -6.82289374453096, 33.817955512107901 ], [ -6.823358484203521, 33.817564192229753 ], [ -6.824451138435644, 33.816650710633326 ], [ -6.824352607520492, 33.816572462822563 ], [ -6.824239397917927, 33.816455598846282 ], [ -6.824154665392403, 33.816296019260641 ], [ -6.824149946752767, 33.816007452881855 ], [ -6.824052576160015, 33.815603591983681 ], [ -6.823619412811562, 33.815612133544995 ] ] ] } },
{ "type": "Feature", "properties": { "fid": 2648, "indice": "R", "complement": "P3 VECT", "Consistance": "TN", "num": "T14503", "surface": 22413 }, "geometry": { "type": "Polygon", "coordinates": [ [ [ -6.814659180567674, 33.808743679127261 ], [ -6.813101456784911, 33.808296800751876 ], [ -6.811651966265077, 33.807927149448567 ], [ -6.809975327370229, 33.807808077091195 ], [ -6.810183614248044, 33.8083937913296 ], [ -6.814590064856975, 33.808878850233199 ], [ -6.815303327251834, 33.808954656452642 ], [ -6.814659180567674, 33.808743679127261 ] ] ] } },
{ "type": "Feature", "properties": { "fid": 2649, "indice": "R", "complement": "P2", "Consistance": "TN", "num": "T71218", "surface": 491351 }, "geometry": { "type": "Polygon", "coordinates": [ [ [ -6.802229065118909, 33.859591152607983 ], [ -6.799988059807144, 33.857581519947125 ], [ -6.797667304504851, 33.855378824715814 ], [ -6.795648817143574, 33.853075305512085 ], [ -6.794225405586407, 33.851135811190247 ], [ -6.792089808893384, 33.848932750743124 ], [ -6.782298032400103, 33.849656479084551 ], [ -6.782693236144201, 33.850854373680626 ], [ -6.784605542433351, 33.850448996532201 ], [ -6.786664110655205, 33.850065418202277 ], [ -6.787058560625514, 33.851144254003025 ], [ -6.787816467461069, 33.853186818860614 ], [ -6.787939451621128, 33.853171023271102 ], [ -6.789375572702897, 33.852865559567029 ], [ -6.792905542665101, 33.851678144359475 ], [ -6.793307976407232, 33.851629467147283 ], [ -6.793892527648539, 33.853773139334372 ], [ -6.795368814840507, 33.856176536536296 ], [ -6.797847221166175, 33.858100621304793 ], [ -6.798801558055386, 33.859430208204294 ], [ -6.798832910127071, 33.859497501726985 ], [ -6.798833852029361, 33.859556116139203 ], [ -6.798707484836649, 33.859698229272382 ], [ -6.798674518646521, 33.859799613222094 ], [ -6.798722953751322, 33.859920831051681 ], [ -6.798922768358342, 33.859976319304501 ], [ -6.798976747365234, 33.860038850087903 ], [ -6.799118497611318, 33.860113927854613 ], [ -6.799298371881948, 33.860072230982482 ], [ -6.799443279945187, 33.860007475118962 ], [ -6.79952628443907, 33.860059759751678 ], [ -6.799649261684625, 33.860043050923657 ], [ -6.799759209966814, 33.860022880101639 ], [ -6.799787219960444, 33.859949510919321 ], [ -6.799897008571747, 33.859919420616038 ], [ -6.800049474635179, 33.859921321693335 ], [ -6.800174105126887, 33.8600074129793 ], [ -6.800299664254705, 33.860151216768458 ], [ -6.800289253844635, 33.860243329389768 ], [ -6.800304168615627, 33.860364019979393 ], [ -6.800356835833041, 33.860412134105047 ], [ -6.800456512065014, 33.860425448806218 ], [ -6.800548919369033, 33.860390141026976 ], [ -6.800608601784042, 33.860403903448535 ], [ -6.800643974558914, 33.860452211123651 ], [ -6.80069794058699, 33.860513839394727 ], [ -6.800747619442678, 33.86064496366243 ], [ -6.802229065118909, 33.859591152607983 ] ] ] } },
{ "type": "Feature", "properties": { "fid": 2650, "indice": "R", "complement": "P1", "Consistance": "TN", "num": "T71218", "surface": 2384 }, "geometry": { "type": "Polygon", "coordinates": [ [ [ -6.781975049990477, 33.849670871797457 ], [ -6.781835671868286, 33.849675117730179 ], [ -6.782166400945917, 33.850965722447988 ], [ -6.782378645441562, 33.850920986129111 ], [ -6.781975049990477, 33.849670871797457 ] ] ] } },
{ "type": "Feature", "properties": { "fid": 2651, "indice": "R", "complement": "P3", "Consistance": "TN", "num": "T1701", "surface": 11598 }, "geometry": { "type": "Polygon", "coordinates": [ [ [ -6.782298032400103, 33.849656479084551 ], [ -6.781925764687522, 33.848472760212388 ], [ -6.781563497546476, 33.847509900748157 ], [ -6.781236392477618, 33.84760460841315 ], [ -6.781605778156355, 33.848539430484472 ], [ -6.781975049990477, 33.849670871797457 ], [ -6.782378645441562, 33.850920986129111 ], [ -6.782693236144201, 33.850854373680626 ], [ -6.782298032400103, 33.849656479084551 ] ] ] } },
{ "type": "Feature", "properties": { "fid": 2656, "indice": "R", "complement": "P2 VECT", "Consistance": "TN", "num": "T15162", "surface": 6759 }, "geometry": { "type": "Polygon", "coordinates": [ [ [ -6.77825156984852, 33.832357116046296 ], [ -6.777403846992063, 33.832877850886142 ], [ -6.777852778587611, 33.833791968646821 ], [ -6.778057623173242, 33.833828493990374 ], [ -6.77825156984852, 33.832357116046296 ] ] ] } },
{ "type": "Feature", "properties": { "fid": 2664, "indice": "38", "complement": "", "Consistance": "TN", "num": "T43167", "surface": 19974 }, "geometry": { "type": "Polygon", "coordinates": [ [ [ -6.810315856170892, 33.811823271569232 ], [ -6.810321183135517, 33.811351498100215 ], [ -6.809046249130897, 33.811355052943114 ], [ -6.809123500277098, 33.811855659339379 ], [ -6.80876128611777, 33.81310982695593 ], [ -6.809538171055197, 33.81324267323955 ], [ -6.810315856170892, 33.811823271569232 ] ] ] } },
{ "type": "Feature", "properties": { "fid": 2666, "indice": "38", "complement": "", "Consistance": "TN", "num": "T49703", "surface": 2975 }, "geometry": { "type": "Polygon", "coordinates": [ [ [ -6.909593051685154, 33.87432451166503 ], [ -6.908936257602856, 33.874860065722807 ], [ -6.909196397911739, 33.875083312151595 ], [ -6.909869236107516, 33.874537641873609 ], [ -6.909593051685154, 33.87432451166503 ] ] ] } },
{ "type": "Feature", "properties": { "fid": 2667, "indice": "38", "complement": "", "Consistance": "TN", "num": "T82406", "surface": 6927 }, "geometry": { "type": "Polygon", "coordinates": [ [ [ -6.901067816281612, 33.904150059152059 ], [ -6.900642904366564, 33.903909832969838 ], [ -6.900173842450505, 33.903680957702242 ], [ -6.899822293000333, 33.903492160645968 ], [ -6.899568119619703, 33.903744136999507 ], [ -6.900340798051798, 33.904204775958625 ], [ -6.900973044261934, 33.904612979442796 ], [ -6.901132095300368, 33.904490214181294 ], [ -6.90135143451382, 33.904288258277568 ], [ -6.901067816281612, 33.904150059152059 ] ] ] } },
{ "type": "Feature", "properties": { "fid": 2670, "indice": "38", "complement": "", "Consistance": "TN", "num": "R194", "surface": 20698 }, "geometry": { "type": "Polygon", "coordinates": [ [ [ -6.943976962612329, 33.895637804167599 ], [ -6.943667350596594, 33.89592663385227 ], [ -6.943651779978394, 33.895902473868894 ], [ -6.943540076202069, 33.895824482174007 ], [ -6.943066671534135, 33.895476765160581 ], [ -6.942921977301846, 33.895612034992382 ], [ -6.942974712682381, 33.895658284988826 ], [ -6.942612687382879, 33.895980227786396 ], [ -6.942611638021227, 33.895982044581217 ], [ -6.943558245043559, 33.896665757591428 ], [ -6.943909727095947, 33.896785887296716 ], [ -6.944246638326827, 33.896999094502135 ], [ -6.94431383496287, 33.896945953303494 ], [ -6.944608815283008, 33.897173205983442 ], [ -6.945240759764201, 33.896580953459136 ], [ -6.943976962612329, 33.895637804167599 ] ] ] } },
{ "type": "Feature", "properties": { "fid": 2678, "indice": "03", "complement": "", "Consistance": "TN", "num": "T100152", "surface": 9992 }, "geometry": { "type": "Polygon", "coordinates": [ [ [ -6.914535979578167, 33.866389084066185 ], [ -6.916272842557509, 33.864863614067495 ], [ -6.916121413770417, 33.864487538970863 ], [ -6.914180365465488, 33.866146259573554 ], [ -6.914535979578167, 33.866389084066185 ] ] ] } },
{ "type": "Feature", "properties": { "fid": 2682, "indice": "38", "complement": "", "Consistance": "TN", "num": "T7049", "surface": 4573 }, "geometry": { "type": "Polygon", "coordinates": [ [ [ -6.989880201986258, 33.879611855706351 ], [ -6.989209419798094, 33.879001648136125 ], [ -6.988812709717198, 33.879306131275648 ], [ -6.989483491470475, 33.879916340910235 ], [ -6.989880201986258, 33.879611855706351 ] ] ] } },
{ "type": "Feature", "properties": { "fid": 2693, "indice": "03", "complement": "", "Consistance": "TN", "num": "T101065", "surface": 10872 }, "geometry": { "type": "Polygon", "coordinates": [ [ [ -6.943329333551791, 33.910651147053343 ], [ -6.942217205678204, 33.909670034766819 ], [ -6.941472153432541, 33.909013594031897 ], [ -6.941139662157869, 33.909296383787542 ], [ -6.942279226566351, 33.910300617473105 ], [ -6.942960560109816, 33.910901017727312 ], [ -6.943329333551791, 33.910651147053343 ] ] ] } },
{ "type": "Feature", "properties": { "fid": 2733, "indice": "38", "complement": "", "Consistance": "TN", "num": "T27905", "surface": 4846 }, "geometry": { "type": "Polygon", "coordinates": [ [ [ -6.851117624627988, 33.869126045872612 ], [ -6.851014730026807, 33.868985637206045 ], [ -6.850954071694429, 33.868914186798257 ], [ -6.850428316450453, 33.868378227060276 ], [ -6.850051828423432, 33.868624308200488 ], [ -6.850719620157123, 33.869378692036207 ], [ -6.851117624627988, 33.869126045872612 ] ] ] } },
{ "type": "Feature", "properties": { "fid": 2736, "indice": "R", "complement": "", "Consistance": "TN", "num": "T72530", "surface": 83085 }, "geometry": { "type": "Polygon", "coordinates": [ [ [ -6.862223471474605, 33.813295900509281 ], [ -6.86130592518248, 33.813027929800178 ], [ -6.859534585845481, 33.814747885035231 ], [ -6.858749069744047, 33.814169889585841 ], [ -6.856326834899522, 33.816646003439139 ], [ -6.858366114996706, 33.817240961278785 ], [ -6.862223471474605, 33.813295900509281 ] ] ] } },
{ "type": "Feature", "properties": { "fid": 2739, "indice": "38", "complement": "", "Consistance": "TN", "num": "R117", "surface": 4884 }, "geometry": { "type": "Polygon", "coordinates": [ [ [ -6.861797702074492, 33.864281901940757 ], [ -6.861076712240912, 33.864226289287224 ], [ -6.860885479518712, 33.864942850073639 ], [ -6.861390994228137, 33.865043372259827 ], [ -6.861797702074492, 33.864281901940757 ] ] ] } },
{ "type": "Feature", "properties": { "fid": 2740, "indice": "38", "complement": "", "Consistance": "TN", "num": "T62897", "surface": 46246 }, "geometry": { "type": "Polygon", "coordinates": [ [ [ -6.828650569679444, 33.846511821025921 ], [ -6.8287827164981, 33.846396668104958 ], [ -6.828825813144496, 33.846322217458088 ], [ -6.828852743099894, 33.846250657307358 ], [ -6.828863299212246, 33.846169363014397 ], [ -6.828890184689916, 33.846095097570043 ], [ -6.828920371517119, 33.846024402113095 ], [ -6.829054175446939, 33.845878564323861 ], [ -6.829127872465026, 33.845824508241975 ], [ -6.829218801833301, 33.845766647444847 ], [ -6.829332396752189, 33.845706723652064 ], [ -6.829509576723475, 33.845635249736411 ], [ -6.829646843587889, 33.845568741532524 ], [ -6.829085444925914, 33.845083606664545 ], [ -6.829010875501785, 33.845018617938926 ], [ -6.828165511380043, 33.844288692875161 ], [ -6.827775408118024, 33.844097428759454 ], [ -6.826424234872604, 33.843435499393387 ], [ -6.825789137723022, 33.844190442453524 ], [ -6.82724543515997, 33.845198421815901 ], [ -6.828650569679444, 33.846511821025921 ] ] ] } },
{ "type": "Feature", "properties": { "fid": 2753, "indice": "38", "complement": "", "Consistance": "TN", "num": "T23206", "surface": 15200 }, "geometry": { "type": "Polygon", "coordinates": [ [ [ -6.909869236107516, 33.874537641873609 ], [ -6.908693083822429, 33.87549074263687 ], [ -6.909795589837965, 33.87596448356517 ], [ -6.910783248895977, 33.875240935791943 ], [ -6.909869236107516, 33.874537641873609 ] ] ] } },
{ "type": "Feature", "properties": { "fid": 2755, "indice": "38", "complement": "", "Consistance": "TN", "num": "T55488", "surface": 7148 }, "geometry": { "type": "Polygon", "coordinates": [ [ [ -6.792947170205879, 33.80610854031562 ], [ -6.791774274093084, 33.806339874664666 ], [ -6.791928091043736, 33.80690548013262 ], [ -6.793116895209853, 33.806655026481373 ], [ -6.792947170205879, 33.80610854031562 ] ] ] } },
{ "type": "Feature", "properties": { "fid": 2758, "indice": "38", "complement": "", "Consistance": "TN", "num": "T82405", "surface": 17424 }, "geometry": { "type": "Polygon", "coordinates": [ [ [ -6.905228245401935, 33.904169531444062 ], [ -6.906559366669344, 33.903083833355417 ], [ -6.905847628769973, 33.902458349184357 ], [ -6.905600083066977, 33.902592106587754 ], [ -6.904493247713649, 33.903387385240528 ], [ -6.905228245401935, 33.904169531444062 ] ] ] } },
{ "type": "Feature", "properties": { "fid": 2790, "indice": "38", "complement": "", "Consistance": "TN", "num": "T60172", "surface": 2500 }, "geometry": { "type": "Polygon", "coordinates": [ [ [ -6.851268580734024, 33.842254909799408 ], [ -6.851227298327802, 33.841983004963424 ], [ -6.850837055698154, 33.84211019636578 ], [ -6.85043929222489, 33.842240179569572 ], [ -6.850592709161208, 33.842560390180466 ], [ -6.851268580734024, 33.842254909799408 ] ] ] } },
{ "type": "Feature", "properties": { "fid": 2798, "indice": "38", "complement": "", "Consistance": "TN", "num": "T95841", "surface": 15590 }, "geometry": { "type": "Polygon", "coordinates": [ [ [ -6.839892989990076, 33.843543596101931 ], [ -6.839177186804399, 33.843986567486411 ], [ -6.838363940443122, 33.844485673317493 ], [ -6.83799584036252, 33.844122820766124 ], [ -6.837149062813567, 33.844882962273594 ], [ -6.837567084186018, 33.84525787037289 ], [ -6.837576691556178, 33.845250544477665 ], [ -6.838504640439747, 33.844627461927395 ], [ -6.83865078917008, 33.844771893485607 ], [ -6.840216407062504, 33.84394934863257 ], [ -6.839892989990076, 33.843543596101931 ] ] ] } },
{ "type": "Feature", "properties": { "fid": 2799, "indice": "38", "complement": "", "Consistance": "TN", "num": "T68741", "surface": 3352 }, "geometry": { "type": "Polygon", "coordinates": [ [ [ -6.853322252864736, 33.848923399771337 ], [ -6.853148180484125, 33.849050791157921 ], [ -6.852588491884294, 33.849390106336095 ], [ -6.852559476595419, 33.849400364610048 ], [ -6.852633277594228, 33.849612363223962 ], [ -6.852640002974213, 33.84962671600762 ], [ -6.853218005751762, 33.849283580092823 ], [ -6.853836591135011, 33.848911107801719 ], [ -6.853651740410873, 33.848716635508389 ], [ -6.853322252864736, 33.848923399771337 ] ] ] } },
{ "type": "Feature", "properties": { "fid": 2800, "indice": "38", "complement": "", "Consistance": "TN", "num": "T95468", "surface": 10041 }, "geometry": { "type": "Polygon", "coordinates": [ [ [ -6.835841974269299, 33.847489223973803 ], [ -6.835853232948253, 33.847385372728205 ], [ -6.834958841017327, 33.847292818910468 ], [ -6.834133986433352, 33.847156168616685 ], [ -6.833359944221722, 33.847019832428998 ], [ -6.833288505350226, 33.847210958478847 ], [ -6.833216962250678, 33.847395772157562 ], [ -6.83382994618371, 33.84753215215639 ], [ -6.834504832022913, 33.847685857693165 ], [ -6.834995166150193, 33.847660389557596 ], [ -6.835436658059141, 33.847622853126552 ], [ -6.835830051229663, 33.847618336886867 ], [ -6.835841974269299, 33.847489223973803 ] ] ] } },
{ "type": "Feature", "properties": { "fid": 2801, "indice": "R", "complement": "P1", "Consistance": "TN", "num": "T39954", "surface": 17135 }, "geometry": { "type": "Polygon", "coordinates": [ [ [ -6.903453471207077, 33.920896204076641 ], [ -6.904351590637004, 33.919967261711761 ], [ -6.904268621956918, 33.919924065022343 ], [ -6.903989623528841, 33.919743427002487 ], [ -6.90356255206517, 33.920196810644157 ], [ -6.902111672214414, 33.919314119523108 ], [ -6.90159098874702, 33.919797481190841 ], [ -6.903145694031176, 33.920678029439863 ], [ -6.903066898573122, 33.920751129010988 ], [ -6.903453471207077, 33.920896204076641 ] ] ] } },
{ "type": "Feature", "properties": { "fid": 2803, "indice": "38", "complement": "", "Consistance": "TN", "num": "T93960", "surface": 8926 }, "geometry": { "type": "Polygon", "coordinates": [ [ [ -6.906193112759492, 33.905732676242806 ], [ -6.905329135117886, 33.904936754828341 ], [ -6.904490342732287, 33.904157661130846 ], [ -6.904187204058541, 33.904392197213888 ], [ -6.905065770745606, 33.905219518243896 ], [ -6.905922151794423, 33.905951496431058 ], [ -6.906193112759492, 33.905732676242806 ] ] ] } },
{ "type": "Feature", "properties": { "fid": 2809, "indice": "38", "complement": "", "Consistance": "TN", "num": "T5151", "surface": 4927 }, "geometry": { "type": "Polygon", "coordinates": [ [ [ -6.925937882024845, 33.882522280608661 ], [ -6.925345204016636, 33.88288847673055 ], [ -6.925709046311969, 33.883409865507822 ], [ -6.926375019278816, 33.883091477767913 ], [ -6.925937882024845, 33.882522280608661 ] ] ] } },
{ "type": "Feature", "properties": { "fid": 2812, "indice": "38", "complement": "IC", "Consistance": "TN", "num": "R1680", "surface": 3351 }, "geometry": { "type": "Polygon", "coordinates": [ [ [ -6.900340798051798, 33.904204775958625 ], [ -6.899568119619703, 33.903744136999507 ], [ -6.8994320110868, 33.903880154201445 ], [ -6.900179739013825, 33.90433658349999 ], [ -6.900814506098055, 33.904765501724924 ], [ -6.900973044261934, 33.904612979442796 ], [ -6.900340798051798, 33.904204775958625 ] ] ] } },
{ "type": "Feature", "properties": { "fid": 2813, "indice": "38", "complement": "", "Consistance": "TN", "num": "R2020", "surface": 4797 }, "geometry": { "type": "Polygon", "coordinates": [ [ [ -6.9162385568103, 33.90342510268858 ], [ -6.915214022165463, 33.902668172264789 ], [ -6.91491610490081, 33.902890044721985 ], [ -6.915732402076683, 33.903490761593751 ], [ -6.916016201312428, 33.903700177493512 ], [ -6.9162385568103, 33.90342510268858 ] ] ] } },
{ "type": "Feature", "properties": { "fid": 2820, "indice": "R", "complement": "", "Consistance": "TN", "num": "T6248", "surface": 18006 }, "geometry": { "type": "Polygon", "coordinates": [ [ [ -6.894981115923527, 33.912009190570032 ], [ -6.893402182776502, 33.910900644992402 ], [ -6.892805855774292, 33.911388481871789 ], [ -6.894418177136473, 33.912803288051514 ], [ -6.894981115923527, 33.912009190570032 ] ] ] } },
{ "type": "Feature", "properties": { "fid": 2832, "indice": "R", "complement": "", "Consistance": "TN", "num": "T78603", "surface": 12389 }, "geometry": { "type": "Polygon", "coordinates": [ [ [ -6.844377847933171, 33.841795337919301 ], [ -6.845215943915003, 33.841103792884155 ], [ -6.845887268176199, 33.840589145539965 ], [ -6.846662282455191, 33.840070589017998 ], [ -6.846437593391973, 33.839688062657302 ], [ -6.844964636564177, 33.840940741472565 ], [ -6.844141067556195, 33.841660978935792 ], [ -6.843344446596144, 33.842312352722615 ], [ -6.84354383711551, 33.842473300878751 ], [ -6.844377847933171, 33.841795337919301 ] ] ] } },
{ "type": "Feature", "properties": { "fid": 2833, "indice": "03", "complement": "", "Consistance": "TN", "num": "T88010", "surface": 13039 }, "geometry": { "type": "Polygon", "coordinates": [ [ [ -6.844141067556195, 33.841660978935792 ], [ -6.844964636564177, 33.840940741472565 ], [ -6.846437593391973, 33.839688062657302 ], [ -6.846087332460527, 33.839554118024033 ], [ -6.845428508987502, 33.839974821130582 ], [ -6.844789573361537, 33.840552227242448 ], [ -6.843846207686539, 33.841674305208791 ], [ -6.843167567268602, 33.842205260401947 ], [ -6.843344446596144, 33.842312352722615 ], [ -6.844141067556195, 33.841660978935792 ] ] ] } },
{ "type": "Feature", "properties": { "fid": 2834, "indice": "03", "complement": "", "Consistance": "TN", "num": "T97401", "surface": 14974 }, "geometry": { "type": "Polygon", "coordinates": [ [ [ -6.919589441557432, 33.882177450806651 ], [ -6.920037326140106, 33.88181664919442 ], [ -6.918501638278713, 33.88057079274467 ], [ -6.917957378043573, 33.880985972338777 ], [ -6.918316158232138, 33.881344194385157 ], [ -6.91942105744133, 33.882319295158155 ], [ -6.919589441557432, 33.882177450806651 ] ] ] } },
{ "type": "Feature", "properties": { "fid": 2837, "indice": "R", "complement": "P1 VECT", "Consistance": "TN", "num": "T7698", "surface": 868842 }, "geometry": { "type": "Polygon", "coordinates": [ [ [ -6.799157268838816, 33.818671695540928 ], [ -6.799212536708242, 33.818614255092477 ], [ -6.79932287566713, 33.818554394313736 ], [ -6.799581220461103, 33.818559619629923 ], [ -6.799734839442207, 33.8185705267394 ], [ -6.79928416750333, 33.818230131221739 ], [ -6.798665526493738, 33.81779240072651 ], [ -6.798202964088166, 33.81745123242095 ], [ -6.797898521877817, 33.817199389724877 ], [ -6.797165568931717, 33.81664026695897 ], [ -6.796309358682116, 33.816008558087447 ], [ -6.795716846933893, 33.81551369927945 ], [ -6.795441177163138, 33.815100984943307 ], [ -6.795398386783002, 33.814925585305168 ], [ -6.795389668328449, 33.814246525566148 ], [ -6.79541921282081, 33.813662643695146 ], [ -6.795392313566977, 33.813534869159696 ], [ -6.795281684902517, 33.813171722165301 ], [ -6.795128967851131, 33.812811750598257 ], [ -6.794922403543461, 33.81266523651118 ], [ -6.794782707041494, 33.812578405660993 ], [ -6.794201557036749, 33.812318817892411 ], [ -6.793245755947128, 33.812009287697116 ], [ -6.792741058046274, 33.811800251355081 ], [ -6.792426094300531, 33.8116314905755 ], [ -6.792198867341682, 33.811476182828279 ], [ -6.792043229650162, 33.81133811615566 ], [ -6.791922176613134, 33.811200566114152 ], [ -6.79178766995515, 33.810964854770312 ], [ -6.791500394428377, 33.810432303289041 ], [ -6.790980123945209, 33.810532797182724 ], [ -6.790465037810082, 33.810619702191104 ], [ -6.790252636582005, 33.810648220859896 ], [ -6.789740227625495, 33.810767562763019 ], [ -6.789661759092367, 33.810522206769988 ], [ -6.789601828636378, 33.810287467854273 ], [ -6.789535445531359, 33.810054604498163 ], [ -6.788929887693432, 33.810227290841439 ], [ -6.788117698787769, 33.810519520638039 ], [ -6.787517326635604, 33.810882450781989 ], [ -6.787099147784838, 33.811219905999096 ], [ -6.786594049153436, 33.811866785660861 ], [ -6.78582672789421, 33.81273934828063 ], [ -6.785291696184833, 33.813339653433417 ], [ -6.787056437351832, 33.814576478318678 ], [ -6.784407243944923, 33.817653478441947 ], [ -6.784897825087293, 33.817653456157672 ], [ -6.785069745037913, 33.817728215743557 ], [ -6.785117019146885, 33.817779102125556 ], [ -6.785178610860701, 33.817846966567593 ], [ -6.785271605665565, 33.817918992659052 ], [ -6.785380677369834, 33.817982723119137 ], [ -6.785508029796254, 33.818040839279526 ], [ -6.785688551122378, 33.818112796889814 ], [ -6.785886244222048, 33.81817734840925 ], [ -6.786064146101947, 33.818220472668116 ], [ -6.786227023128943, 33.818270076815914 ], [ -6.786371203484126, 33.818299143645199 ], [ -6.786534687458365, 33.818318976877407 ], [ -6.786661294533245, 33.818330199625969 ], [ -6.786764290922477, 33.818351605429768 ], [ -6.786858759087467, 33.818380321224801 ], [ -6.787004709583215, 33.818452660469752 ], [ -6.787108510506953, 33.818524565309232 ], [ -6.787184494182688, 33.81861391546655 ], [ -6.78726687421904, 33.818697782998015 ], [ -6.787399225731368, 33.818798232613815 ], [ -6.787492108455325, 33.818863042844335 ], [ -6.787592654699216, 33.818934081472996 ], [ -6.787683362539354, 33.818998013769665 ], [ -6.787737035065107, 33.819043416542222 ], [ -6.787808453934573, 33.819117484133074 ], [ -6.787854707475412, 33.819171988544525 ], [ -6.787925074887696, 33.819247871606706 ], [ -6.787981210311718, 33.819312187518591 ], [ -6.788030676539039, 33.819364852328427 ], [ -6.788086625269018, 33.819417445139173 ], [ -6.78812708902497, 33.819447661551223 ], [ -6.788177190236929, 33.819472359336011 ], [ -6.788272884239773, 33.81951007978649 ], [ -6.78837719284342, 33.819545900625421 ], [ -6.78849210434464, 33.819568976554251 ], [ -6.788610314647767, 33.819595623466689 ], [ -6.788740165074196, 33.819606808102399 ], [ -6.788872320163463, 33.819626986327037 ], [ -6.788990429985752, 33.819647320468363 ], [ -6.789124774782015, 33.819669277963349 ], [ -6.789253660054134, 33.819687688254824 ], [ -6.789343564285459, 33.819701120045679 ], [ -6.78941285442239, 33.819709369286642 ], [ -6.789488612649017, 33.819716644664851 ], [ -6.789561215985263, 33.819729366662351 ], [ -6.789619702056298, 33.819737735880253 ], [ -6.789719603502181, 33.819768192997891 ], [ -6.789845621981918, 33.819810084805361 ], [ -6.78991193007068, 33.819834601715975 ], [ -6.789968370561216, 33.819850208977762 ], [ -6.789999760087301, 33.81985346769595 ], [ -6.790030141168778, 33.819861247283619 ], [ -6.790063605165457, 33.819859071322192 ], [ -6.790104574471276, 33.819853204163294 ], [ -6.790136785320662, 33.819840218922202 ], [ -6.790168967371436, 33.819825430127089 ], [ -6.790207588696918, 33.819807863916459 ], [ -6.790244236322502, 33.81980204477086 ], [ -6.790287323225222, 33.819793448203257 ], [ -6.790320758397286, 33.819789468627256 ], [ -6.790371638511088, 33.81979521628503 ], [ -6.790418182588223, 33.819800110215766 ], [ -6.790481926870001, 33.819799401218845 ], [ -6.790558765675897, 33.819806663931175 ], [ -6.790713005332997, 33.819788713375132 ], [ -6.790857478021395, 33.819768165494523 ], [ -6.790979348431367, 33.819753280536368 ], [ -6.791063375617338, 33.819737012696415 ], [ -6.791136598667111, 33.819720865028749 ], [ -6.791206479622327, 33.819698440979195 ], [ -6.791278535767342, 33.8196768946151 ], [ -6.791369635856746, 33.819629882126705 ], [ -6.791475472554149, 33.819558353347183 ], [ -6.791570807590747, 33.819505881970677 ], [ -6.791680115754195, 33.819448745299695 ], [ -6.791725334333145, 33.819438320634895 ], [ -6.791785606540002, 33.819423218692648 ], [ -6.791953890549144, 33.819405110232921 ], [ -6.79206932106856, 33.819393001707887 ], [ -6.792213850443014, 33.819376059348208 ], [ -6.792263448208491, 33.81936919345079 ], [ -6.792320493473608, 33.819355029120736 ], [ -6.792398959404381, 33.819328901046255 ], [ -6.792464575772216, 33.819310131516488 ], [ -6.792580985564068, 33.819291698075311 ], [ -6.79267266136082, 33.819280755540134 ], [ -6.792764380398397, 33.819272518255779 ], [ -6.792850812773155, 33.819271555273914 ], [ -6.793008753785594, 33.819282422495199 ], [ -6.793083402687226, 33.819287904189729 ], [ -6.793164620580258, 33.819298724233448 ], [ -6.793287052580401, 33.819319006156149 ], [ -6.79336726226011, 33.819334346972646 ], [ -6.793440931821498, 33.819346152903911 ], [ -6.793505770580929, 33.819346332094888 ], [ -6.793534840524655, 33.819339694514127 ], [ -6.793580893924546, 33.819313927000316 ], [ -6.7936226256781, 33.819288207646558 ], [ -6.793666590369031, 33.819266973052301 ], [ -6.793691396379875, 33.819263990704023 ], [ -6.793830508771273, 33.819246204926486 ], [ -6.794044298890768, 33.81923570366002 ], [ -6.794157481473083, 33.819218206666861 ], [ -6.794208116090532, 33.819208622630988 ], [ -6.794248983754679, 33.819196441704911 ], [ -6.794322018073208, 33.81916856912558 ], [ -6.794368229966312, 33.819152720818288 ], [ -6.794418777892132, 33.819137726061648 ], [ -6.794475880411076, 33.819127167837138 ], [ -6.794537391163956, 33.81912197201293 ], [ -6.794576256776756, 33.819119734581832 ], [ -6.794641210895534, 33.819127127364126 ], [ -6.79472239994913, 33.819136142851349 ], [ -6.794770974745765, 33.819132895102463 ], [ -6.79482472047045, 33.819115158701287 ], [ -6.794887253823473, 33.819106343560229 ], [ -6.794941259496411, 33.819104839013697 ], [ -6.795001863136616, 33.819110476286461 ], [ -6.795049545290145, 33.819118963527714 ], [ -6.795112511990309, 33.819137201448051 ], [ -6.795167973681073, 33.819159130830251 ], [ -6.795230047840303, 33.819189103790499 ], [ -6.795297552955691, 33.819220819970653 ], [ -6.795356241510089, 33.819241811319941 ], [ -6.795406142372711, 33.819253881395788 ], [ -6.795454832802641, 33.81925784756038 ], [ -6.795509832265587, 33.819250920073891 ], [ -6.795560466753257, 33.819241335490403 ], [ -6.795605482450346, 33.819218284608098 ], [ -6.795645182813515, 33.819200704652793 ], [ -6.795697862450494, 33.819183881710842 ], [ -6.795742144529014, 33.819182485378278 ], [ -6.795785389560623, 33.819183806410173 ], [ -6.795861393569214, 33.819206408057973 ], [ -6.795933090456463, 33.81922995968894 ], [ -6.795977791736613, 33.819254714670606 ], [ -6.796023544536443, 33.819277654026443 ], [ -6.796058421037485, 33.819296205157954 ], [ -6.796110714132994, 33.819322679178384 ], [ -6.796180452766464, 33.819358879610185 ], [ -6.79649709008327, 33.81922546440498 ], [ -6.797460298687767, 33.819115487983851 ], [ -6.797934516452272, 33.818835998000104 ], [ -6.798693749767614, 33.81800223567177 ], [ -6.798854171915344, 33.818234943595279 ], [ -6.798988897237483, 33.818482369830313 ], [ -6.798960123705597, 33.818574689129413 ], [ -6.798964254505461, 33.81869730596194 ], [ -6.799157268838816, 33.818671695540928 ] ] ] } },
{ "type": "Feature", "properties": { "fid": 2841, "indice": "R", "complement": "", "Consistance": "TN", "num": "T24081", "surface": 150037 }, "geometry": { "type": "Polygon", "coordinates": [ [ [ -6.781553193540142, 33.802787798254712 ], [ -6.781637087487098, 33.80044814796868 ], [ -6.78171659866711, 33.798241129215555 ], [ -6.78119751275128, 33.798344276178099 ], [ -6.77737962649348, 33.799097137148493 ], [ -6.777313163475442, 33.800974800624623 ], [ -6.777300204268757, 33.801316777460315 ], [ -6.779864245004438, 33.801609585685789 ], [ -6.779804882359193, 33.803113769511334 ], [ -6.780305792050673, 33.803020750853165 ], [ -6.781553193540142, 33.802787798254712 ] ] ] } },
{ "type": "Feature", "properties": { "fid": 2842, "indice": "38", "complement": "", "Consistance": "TN", "num": "T55399", "surface": 49997 }, "geometry": { "type": "Polygon", "coordinates": [ [ [ -6.779804882359193, 33.803113769511334 ], [ -6.779864245004438, 33.801609585685789 ], [ -6.777300204268757, 33.801316777460315 ], [ -6.777218506886538, 33.803597772853998 ], [ -6.779804882359193, 33.803113769511334 ] ] ] } },
{ "type": "Feature", "properties": { "fid": 2844, "indice": "38", "complement": "", "Consistance": "TN", "num": "R2007", "surface": 43413 }, "geometry": { "type": "Polygon", "coordinates": [ [ [ -6.843818507704759, 33.855907994343568 ], [ -6.843836861286764, 33.855515443470118 ], [ -6.843698586373226, 33.855065173405308 ], [ -6.843530703185574, 33.854719868654065 ], [ -6.843236592531706, 33.85432461044001 ], [ -6.843182205564005, 33.854108775081876 ], [ -6.843296865874566, 33.853852205930949 ], [ -6.843410630432393, 33.853737249878627 ], [ -6.843570515430382, 33.853535176146963 ], [ -6.842466183145264, 33.853955590420874 ], [ -6.842152633152056, 33.854017831899768 ], [ -6.842012678059616, 33.854052817084025 ], [ -6.840500153680413, 33.85430474936436 ], [ -6.840401836103959, 33.854373526423082 ], [ -6.840213407831975, 33.854549768720204 ], [ -6.840128925021354, 33.854670698090338 ], [ -6.840414694052144, 33.854889281502686 ], [ -6.84082824030614, 33.85499004345705 ], [ -6.841271755626639, 33.855203199754193 ], [ -6.841791163535865, 33.855168351158063 ], [ -6.842167043020364, 33.855148684502659 ], [ -6.842888280786039, 33.85555074306869 ], [ -6.843524244787276, 33.856155813773704 ], [ -6.843685298964651, 33.856284734394883 ], [ -6.843818507704759, 33.855907994343568 ] ] ] } },
{ "type": "Feature", "properties": { "fid": 2845, "indice": "38", "complement": "", "Consistance": "TN", "num": "T62497", "surface": 19030 }, "geometry": { "type": "Polygon", "coordinates": [ [ [ -6.914045957171888, 33.901804739413052 ], [ -6.914190439801475, 33.901654173797439 ], [ -6.913895117025368, 33.901465637399269 ], [ -6.914030306064343, 33.90134043824181 ], [ -6.913104850231486, 33.900680601349514 ], [ -6.911500644940395, 33.899426473430701 ], [ -6.911253115210473, 33.899684707634876 ], [ -6.911309315329913, 33.899744457744355 ], [ -6.911243365716547, 33.899808388917599 ], [ -6.911887760616412, 33.900478851118187 ], [ -6.91269321555015, 33.90101838799643 ], [ -6.912897523724568, 33.9011981064968 ], [ -6.913891960980974, 33.901968046871886 ], [ -6.914045957171888, 33.901804739413052 ] ] ] } },
{ "type": "Feature", "properties": { "fid": 2846, "indice": "R", "complement": "", "Consistance": "TN", "num": "T2015", "surface": 109912 }, "geometry": { "type": "Polygon", "coordinates": [ [ [ -6.896036146901388, 33.909322395224258 ], [ -6.894476617394846, 33.908081950466872 ], [ -6.893024692088739, 33.906805929585566 ], [ -6.892099120940206, 33.906133314319483 ], [ -6.891581889962285, 33.906564284371925 ], [ -6.89047220283373, 33.907582243667569 ], [ -6.892600434110989, 33.909062179763957 ], [ -6.893561402989253, 33.909652294037215 ], [ -6.895430798577396, 33.911045981097864 ], [ -6.896036146901388, 33.909322395224258 ] ] ] } },
{ "type": "Feature", "properties": { "fid": 2847, "indice": "38", "complement": "", "Consistance": "TN", "num": "T114001", "surface": 29809 }, "geometry": { "type": "Polygon", "coordinates": [ [ [ -6.896132667055327, 33.908644802202957 ], [ -6.892560991038082, 33.905691277369563 ], [ -6.89241596928876, 33.905812962281779 ], [ -6.892099120940206, 33.906133314319483 ], [ -6.893024692088739, 33.906805929585566 ], [ -6.894476617394846, 33.908081950466872 ], [ -6.896036146901388, 33.909322395224258 ], [ -6.896132667055327, 33.908644802202957 ] ] ] } },
{ "type": "Feature", "properties": { "fid": 2852, "indice": "03", "complement": "", "Consistance": "TN", "num": "T80773", "surface": 10314 }, "geometry": { "type": "Polygon", "coordinates": [ [ [ -6.822538330156229, 33.831192751884267 ], [ -6.823137548835637, 33.829899775331022 ], [ -6.82279726470776, 33.829776475541252 ], [ -6.822356983664765, 33.829618235129267 ], [ -6.821987090382866, 33.830990675905049 ], [ -6.822538330156229, 33.831192751884267 ] ] ] } },
{ "type": "Feature", "properties": { "fid": 2872, "indice": "R", "complement": "", "Consistance": "TN", "num": "T41562", "surface": 65630 }, "geometry": { "type": "Polygon", "coordinates": [ [ [ -6.843633325297668, 33.853737385216732 ], [ -6.843523420804827, 33.853824337114304 ], [ -6.843368375509043, 33.853927142694602 ], [ -6.843301270097569, 33.853987444479884 ], [ -6.843286193896451, 33.854056165083563 ], [ -6.843301376521598, 33.854189475376238 ], [ -6.843393896365417, 33.854357970270762 ], [ -6.843519294435502, 33.854488204584953 ], [ -6.843678946528116, 33.854663139812232 ], [ -6.843842750120203, 33.854957983455087 ], [ -6.843954161848012, 33.855287705076933 ], [ -6.843987656381795, 33.855482134980008 ], [ -6.844014205639533, 33.8558444037958 ], [ -6.843915750550552, 33.855970006686569 ], [ -6.843852694158179, 33.856078966110793 ], [ -6.843774542414897, 33.856320683256897 ], [ -6.843739696671891, 33.856370691584118 ], [ -6.84365895719997, 33.856456404879765 ], [ -6.843661821786287, 33.856498762450826 ], [ -6.843682189504596, 33.856553544975554 ], [ -6.843711282999343, 33.856547797564488 ], [ -6.843720722509792, 33.856595490805447 ], [ -6.843869319946171, 33.856690281699628 ], [ -6.843990716632636, 33.856774563334625 ], [ -6.844053417807607, 33.856839680157023 ], [ -6.844110984022513, 33.856921090950827 ], [ -6.844131890667962, 33.857008336597254 ], [ -6.844155374208823, 33.857185745314666 ], [ -6.844224632114089, 33.857320234814203 ], [ -6.844328163919344, 33.857435387974135 ], [ -6.844461601313296, 33.857528549379403 ], [ -6.844633950433252, 33.857621261185869 ], [ -6.8446914828812, 33.857505149807629 ], [ -6.845063866744675, 33.856688210203309 ], [ -6.845315221083965, 33.855809532908403 ], [ -6.845904680934527, 33.85485028230822 ], [ -6.846222407521374, 33.854258550618169 ], [ -6.845819973876238, 33.853980899804128 ], [ -6.845249119687489, 33.853586139436665 ], [ -6.84514066313385, 33.853564844509322 ], [ -6.844641143347449, 33.853559792530213 ], [ -6.843633325297668, 33.853737385216732 ], [ -6.843633325297668, 33.853737385216732 ] ] ] } },
{ "type": "Feature", "properties": { "fid": 2875, "indice": "R", "complement": "", "Consistance": "TN", "num": "T77943", "surface": 12515 }, "geometry": { "type": "Polygon", "coordinates": [ [ [ -6.93186985399423, 33.886542747611401 ], [ -6.932012818791731, 33.886923415451314 ], [ -6.93275844061891, 33.888241021965399 ], [ -6.933422424356812, 33.889036505141291 ], [ -6.934232501652581, 33.88983650682308 ], [ -6.934433457017649, 33.889518367039528 ], [ -6.933677346218017, 33.888896287157479 ], [ -6.933298453948066, 33.888445456632645 ], [ -6.933032234750385, 33.888128533862513 ], [ -6.932307057707298, 33.886805266908958 ], [ -6.932176112232325, 33.886431667622652 ], [ -6.93186985399423, 33.886542747611401 ] ] ] } },
{ "type": "Feature", "properties": { "fid": 2876, "indice": "38", "complement": "", "Consistance": "TN", "num": "T7216", "surface": 9924 }, "geometry": { "type": "Polygon", "coordinates": [ [ [ -6.855708488773154, 33.860720854874202 ], [ -6.855594523500652, 33.86127596538784 ], [ -6.857293181410475, 33.861546605919223 ], [ -6.85740619117222, 33.860999622278442 ], [ -6.855708488773154, 33.860720854874202 ] ] ] } },
{ "type": "Feature", "properties": { "fid": 2877, "indice": "38", "complement": "", "Consistance": "TN", "num": "T128116", "surface": 4992 }, "geometry": { "type": "Polygon", "coordinates": [ [ [ -6.915214022165463, 33.902668172264789 ], [ -6.914651889835714, 33.902251975770064 ], [ -6.914045957171888, 33.901804739413052 ], [ -6.913891960980974, 33.901968046871886 ], [ -6.913992941752338, 33.902052507841177 ], [ -6.913900270771197, 33.902134802132345 ], [ -6.91491610490081, 33.902890044721985 ], [ -6.915214022165463, 33.902668172264789 ] ] ] } },
{ "type": "Feature", "properties": { "fid": 2878, "indice": "38", "complement": "", "Consistance": "TN", "num": "T63022", "surface": 2537 }, "geometry": { "type": "Polygon", "coordinates": [ [ [ -6.852212005285855, 33.870497800691275 ], [ -6.85211932018434, 33.870451074660032 ], [ -6.852123554042437, 33.870445613957706 ], [ -6.851687456565125, 33.870229704146674 ], [ -6.851381127543252, 33.870533599972291 ], [ -6.851831519910245, 33.870763775726672 ], [ -6.851925271183585, 33.870809587667743 ], [ -6.852212005285855, 33.870497800691275 ] ] ] } },
{ "type": "Feature", "properties": { "fid": 2879, "indice": "38", "complement": "", "Consistance": "TN", "num": "T63543", "surface": 4574 }, "geometry": { "type": "Polygon", "coordinates": [ [ [ -6.907131713089984, 33.902468143802118 ], [ -6.906575092908217, 33.902742717489744 ], [ -6.907131306768687, 33.903256428625774 ], [ -6.907706690992027, 33.902941039952466 ], [ -6.907131713089984, 33.902468143802118 ] ] ] } },
{ "type": "Feature", "properties": { "fid": 2881, "indice": "38", "complement": "", "Consistance": "TN", "num": "T82404", "surface": 2367 }, "geometry": { "type": "Polygon", "coordinates": [ [ [ -6.918593765580796, 33.88262787894282 ], [ -6.917970441994798, 33.88210691286308 ], [ -6.917795222367642, 33.882228995483814 ], [ -6.918553454488525, 33.882920593495733 ], [ -6.918723095462854, 33.882788656341617 ], [ -6.918593765580796, 33.88262787894282 ] ] ] } },
{ "type": "Feature", "properties": { "fid": 2897, "indice": "R", "complement": "", "Consistance": "TN", "num": "T44247", "surface": 8295 }, "geometry": { "type": "Polygon", "coordinates": [ [ [ -6.941912004456174, 33.90752541085984 ], [ -6.941054110247485, 33.908436099399111 ], [ -6.941639466680921, 33.90881040381386 ], [ -6.94170714829396, 33.908722985252012 ], [ -6.942225640350342, 33.908132149245596 ], [ -6.942424467408599, 33.907876257844933 ], [ -6.941912004456174, 33.90752541085984 ] ] ] } },
{ "type": "Feature", "properties": { "fid": 2900, "indice": "38", "complement": "", "Consistance": "TN", "num": "T116967", "surface": 268342 }, "geometry": { "type": "Polygon", "coordinates": [ [ [ -6.787484082876439, 33.79177075649109 ], [ -6.785032507834671, 33.792216451228491 ], [ -6.782521703879381, 33.792675379933264 ], [ -6.779350996080855, 33.793281343650179 ], [ -6.776790917672327, 33.793770464218056 ], [ -6.777115217026241, 33.7961759687553 ], [ -6.781581602269726, 33.795314929316191 ], [ -6.785908232508191, 33.794502179807019 ], [ -6.787685438754385, 33.79417128958675 ], [ -6.787484082876439, 33.79177075649109 ] ] ] } },
{ "type": "Feature", "properties": { "fid": 2907, "indice": "R", "complement": "", "Consistance": "TN", "num": "T95579", "surface": 47791 }, "geometry": { "type": "Polygon", "coordinates": [ [ [ -6.824202255761326, 33.828919876292701 ], [ -6.824178753691356, 33.828870537626138 ], [ -6.824165256529493, 33.828838221739943 ], [ -6.8241702461783, 33.828812910743018 ], [ -6.824179321927064, 33.828773122251711 ], [ -6.824189743653926, 33.828749553244137 ], [ -6.824193888745806, 33.828738682814738 ], [ -6.824198450678488, 33.828687220592911 ], [ -6.824207024954787, 33.828616772042835 ], [ -6.824227082807204, 33.828587681655264 ], [ -6.82424764210649, 33.828589251319784 ], [ -6.824292046502954, 33.8285950590097 ], [ -6.824292994275151, 33.828586930803418 ], [ -6.824288318229534, 33.82856533764862 ], [ -6.824292227311659, 33.828540038953882 ], [ -6.824304736262959, 33.828511936484553 ], [ -6.824303984043203, 33.828465946400321 ], [ -6.82430321707486, 33.828419054549073 ], [ -6.824285191394598, 33.828374163179269 ], [ -6.824284734169883, 33.828346208420967 ], [ -6.824290922262241, 33.828328099237176 ], [ -6.824306746467403, 33.828304468669813 ], [ -6.82431608759163, 33.82828091195762 ], [ -6.824325207467051, 33.828243828748207 ], [ -6.824315025628908, 33.828215984774957 ], [ -6.824288385397364, 33.828172995411528 ], [ -6.824282392878699, 33.82813698629959 ], [ -6.824292593263207, 33.82809989078163 ], [ -6.824311658955003, 33.828076223283851 ], [ -6.824363213662704, 33.828056695321365 ], [ -6.824406419282862, 33.828055301149767 ], [ -6.824451918677836, 33.828061998240081 ], [ -6.824496588342956, 33.828084037654591 ], [ -6.824470095572619, 33.828050065992649 ], [ -6.824435877004083, 33.828006261067664 ], [ -6.824414845824022, 33.827975834906191 ], [ -6.82440445748362, 33.827935366206766 ], [ -6.824407968243407, 33.82788571980732 ], [ -6.824416984785053, 33.827842324220789 ], [ -6.824440401913278, 33.827820410992778 ], [ -6.824462915534853, 33.82780933126952 ], [ -6.824485384897205, 33.827795546242577 ], [ -6.824503119191412, 33.827756560992995 ], [ -6.824542773357129, 33.827736266610032 ], [ -6.822302034733715, 33.827114189012221 ], [ -6.822345199480871, 33.82816896119467 ], [ -6.822359376473899, 33.828573768359576 ], [ -6.822534738994916, 33.828657456946715 ], [ -6.82248431012864, 33.829407537881117 ], [ -6.822344716024225, 33.829396498961927 ], [ -6.822309160541847, 33.829601642435399 ], [ -6.822356983664765, 33.829618235129267 ], [ -6.82279726470776, 33.829776475541252 ], [ -6.823137548835637, 33.829899775331022 ], [ -6.823983334600471, 33.83020401816588 ], [ -6.824207212025708, 33.828958603006697 ], [ -6.824202255761326, 33.828919876292701 ] ] ] } },
{ "type": "Feature", "properties": { "fid": 2908, "indice": "03", "complement": "", "Consistance": "TN", "num": "T97385", "surface": 4668 }, "geometry": { "type": "Polygon", "coordinates": [ [ [ -6.91580820427883, 33.898777291839174 ], [ -6.916251922072617, 33.898978456521803 ], [ -6.916888564332809, 33.898271748706243 ], [ -6.916481989215388, 33.898029549494623 ], [ -6.91580820427883, 33.898777291839174 ] ] ] } },
{ "type": "Feature", "properties": { "fid": 2910, "indice": "R", "complement": "P1 LN VECT", "Consistance": "TN", "num": "T9308", "surface": 450480 }, "geometry": { "type": "Polygon", "coordinates": [ [ [ -6.797516670273907, 33.78942936639951 ], [ -6.800647397009073, 33.788838719261037 ], [ -6.804022533375968, 33.788201052103716 ], [ -6.804254524161228, 33.785906606161888 ], [ -6.804705722553531, 33.783809925769383 ], [ -6.804658818897655, 33.783781590788323 ], [ -6.804589279670569, 33.783756216059601 ], [ -6.804502402938612, 33.783727428383521 ], [ -6.804321922781695, 33.783654595386913 ], [ -6.804218585211837, 33.783609757499683 ], [ -6.80416089674993, 33.783582445471353 ], [ -6.804131301823294, 33.783555719683456 ], [ -6.804106699796652, 33.783503683331475 ], [ -6.804066072803105, 33.783462650373721 ], [ -6.804000737585051, 33.783430012523944 ], [ -6.803901003586898, 33.783407682506756 ], [ -6.803723120373362, 33.78336187781828 ], [ -6.803621212081368, 33.783338670059265 ], [ -6.803571432340033, 33.783332915598443 ], [ -6.803532713662618, 33.783343271886082 ], [ -6.803474700997171, 33.783362864312103 ], [ -6.803379693747591, 33.783365735244814 ], [ -6.803229652202381, 33.783371929964296 ], [ -6.803097882791096, 33.783372507667117 ], [ -6.80300057038925, 33.783366384747779 ], [ -6.802852296698567, 33.783348206658445 ], [ -6.802733152888921, 33.783327897506673 ], [ -6.802675581222692, 33.783307799043918 ], [ -6.802658989882698, 33.783283632777142 ], [ -6.802654394218023, 33.783266547414605 ], [ -6.802650167146711, 33.783205262624321 ], [ -6.802640932278246, 33.78316838655229 ], [ -6.802631082020417, 33.783160379617748 ], [ -6.802540177038715, 33.783149674696695 ], [ -6.802450395581371, 33.783141662934042 ], [ -6.802398412574289, 33.783133226901761 ], [ -6.802350604252523, 33.783115724550342 ], [ -6.802299454487491, 33.783091946066271 ], [ -6.802172946156198, 33.783016700403905 ], [ -6.802133821109434, 33.783001806367274 ], [ -6.802073401750997, 33.783006092089323 ], [ -6.801979590883481, 33.783016164095251 ], [ -6.801855671867005, 33.783034691308622 ], [ -6.801752489555319, 33.783066514949176 ], [ -6.801634434420402, 33.783113838389028 ], [ -6.801565650940106, 33.783135354630538 ], [ -6.801517168994683, 33.783143113966226 ], [ -6.801365830179761, 33.783135791832677 ], [ -6.801229567256355, 33.783125594628018 ], [ -6.801127058511564, 33.783132155747197 ], [ -6.801064783628089, 33.783155402620672 ], [ -6.800941342717675, 33.783203687730172 ], [ -6.800810385467735, 33.78325476280915 ], [ -6.80073300550818, 33.783279080789583 ], [ -6.800700621287024, 33.783280345744771 ], [ -6.800669070570591, 33.783266268293069 ], [ -6.800575063553868, 33.783196970325811 ], [ -6.800440750460697, 33.783106477349826 ], [ -6.80037554731457, 33.783081953639488 ], [ -6.800316106314773, 33.783079913934699 ], [ -6.800220178732124, 33.783092714170273 ], [ -6.800139428460878, 33.78310895205037 ], [ -6.800077167821517, 33.783133100213867 ], [ -6.800046211377145, 33.783155995668622 ], [ -6.799993329325051, 33.783226037873995 ], [ -6.799955378227324, 33.783284187501231 ], [ -6.799913839459995, 33.783320730643929 ], [ -6.79986558908593, 33.783342917850788 ], [ -6.799799928958056, 33.7833571825674 ], [ -6.799726738073549, 33.783373335494296 ], [ -6.799671188673853, 33.783411839382424 ], [ -6.799635064010629, 33.783449223729257 ], [ -6.799615283579405, 33.783495444442565 ], [ -6.799549108273827, 33.783544890621073 ], [ -6.799506141606532, 33.78355980295305 ], [ -6.799493138620221, 33.783557242750085 ], [ -6.799390457239737, 33.783418591347143 ], [ -6.799384492572257, 33.783383482318122 ], [ -6.799410473078246, 33.783118019736911 ], [ -6.799399813815447, 33.782925123014238 ], [ -6.799336952991401, 33.782844651980426 ], [ -6.799099403114921, 33.782647982243056 ], [ -6.79899999826949, 33.782578743536668 ], [ -6.798973992620188, 33.782573623022536 ], [ -6.798931706849271, 33.782630918931055 ], [ -6.798885935035842, 33.782672920794631 ], [ -6.798813491516307, 33.782668320106694 ], [ -6.798720696861588, 33.782607124683594 ], [ -6.798668636376597, 33.782526532420029 ], [ -6.797469050318141, 33.783632208211216 ], [ -6.795638907233286, 33.785160711744446 ], [ -6.797253277300733, 33.787016007233788 ], [ -6.795787129472737, 33.787468030400554 ], [ -6.797516670273907, 33.78942936639951 ] ] ] } },
{ "type": "Feature", "properties": { "fid": 2914, "indice": "R", "complement": "", "Consistance": "TN", "num": "T12334", "surface": 19290 }, "geometry": { "type": "Polygon", "coordinates": [ [ [ -6.900512758529748, 33.893729590043691 ], [ -6.899350179467404, 33.892855131693544 ], [ -6.899128021291173, 33.89320593642973 ], [ -6.900223802852965, 33.894032493806804 ], [ -6.901740710385408, 33.895257147835622 ], [ -6.902908022531015, 33.896214504057696 ], [ -6.903149452976487, 33.895978005676568 ], [ -6.900512758529748, 33.893729590043691 ] ] ] } },
{ "type": "Feature", "properties": { "fid": 2915, "indice": "38", "complement": "", "Consistance": "TN", "num": "T112160", "surface": 14806 }, "geometry": { "type": "Polygon", "coordinates": [ [ [ -6.849351598977401, 33.841117257093885 ], [ -6.848949665213079, 33.8412563033014 ], [ -6.84855967756115, 33.841398817541197 ], [ -6.848573200726288, 33.841432032421693 ], [ -6.847431447269802, 33.84186645676629 ], [ -6.847657597268839, 33.842531269335645 ], [ -6.848058293322635, 33.842382320499503 ], [ -6.84836310734481, 33.842252519637071 ], [ -6.848667965470312, 33.842125423304552 ], [ -6.849609206079738, 33.841723076149307 ], [ -6.849351598977401, 33.841117257093885 ] ] ] } },
{ "type": "Feature", "properties": { "fid": 2921, "indice": "R", "complement": "P2", "Consistance": "TN", "num": "T14503", "surface": 224717 }, "geometry": { "type": "Polygon", "coordinates": [ [ [ -6.824335491280551, 33.808984645767275 ], [ -6.824367751993422, 33.808975258749982 ], [ -6.824440591131498, 33.808936547222039 ], [ -6.824573394453497, 33.808864682411887 ], [ -6.824702941995376, 33.808791952625945 ], [ -6.824776920104831, 33.808756835674714 ], [ -6.824850868651184, 33.808719915135391 ], [ -6.824917166738348, 33.808677670123885 ], [ -6.824992003635122, 33.80862901414941 ], [ -6.825056037772548, 33.80858048128993 ], [ -6.825101884351685, 33.808542979041171 ], [ -6.825148781648431, 33.808503660914397 ], [ -6.825206614362273, 33.808472335544835 ], [ -6.825244054785691, 33.808449360133068 ], [ -6.825267274664253, 33.808415723578506 ], [ -6.825278360755348, 33.808366892392762 ], [ -6.825289063172952, 33.808294615132183 ], [ -6.825309414158733, 33.808217718145279 ], [ -6.825358029005223, 33.808151322137149 ], [ -6.825383869745717, 33.808079774173976 ], [ -6.82540729904767, 33.807992920716075 ], [ -6.825435152642993, 33.807912330379231 ], [ -6.825441176709678, 33.80788430152699 ], [ -6.825446462885181, 33.807811184066402 ], [ -6.825466975956364, 33.807744206536128 ], [ -6.82551328232176, 33.807668817374783 ], [ -6.825559278670735, 33.80757449097797 ], [ -6.825587117232492, 33.807492998824408 ], [ -6.825597686453357, 33.807412605567144 ], [ -6.825623630094285, 33.807347369943663 ], [ -6.82565266685268, 33.807273079627116 ], [ -6.825652640120306, 33.807205434383299 ], [ -6.825648737971264, 33.807099049891072 ], [ -6.825656925194448, 33.807005154675629 ], [ -6.825490407577002, 33.806931290830349 ], [ -6.825336274668652, 33.806887951522377 ], [ -6.82522847445017, 33.806836868199717 ], [ -6.825065762121191, 33.806731392477573 ], [ -6.824910051314331, 33.806591562979456 ], [ -6.824799991403799, 33.806468349789405 ], [ -6.824669584239735, 33.806356191712361 ], [ -6.824520234543415, 33.806274915374019 ], [ -6.824345003650171, 33.806196639613184 ], [ -6.824111392081422, 33.80618216464606 ], [ -6.82256783283504, 33.805279762368656 ], [ -6.82051048232956, 33.804338986373658 ], [ -6.818755394497212, 33.803778070944126 ], [ -6.817714119803588, 33.803328092572826 ], [ -6.816686519684254, 33.803651815726269 ], [ -6.817585227579133, 33.804702308122536 ], [ -6.817313509944083, 33.80699361148011 ], [ -6.817095580861794, 33.80794311897332 ], [ -6.81652766719093, 33.80830041067513 ], [ -6.816713783645262, 33.809114556291647 ], [ -6.817612173322019, 33.809212603350048 ], [ -6.817733598554665, 33.808839627224977 ], [ -6.818807411475981, 33.805578655796609 ], [ -6.819463118298705, 33.806035710222211 ], [ -6.820377400184086, 33.806580017132156 ], [ -6.820381677042495, 33.806577262710434 ], [ -6.820506168393403, 33.806459497667092 ], [ -6.820551942280749, 33.806417488196395 ], [ -6.822225318530614, 33.8071975780001 ], [ -6.823612136769305, 33.808556347403176 ], [ -6.82429654247939, 33.808981481825569 ], [ -6.824335491280551, 33.808984645767275 ] ] ] } },
{ "type": "Feature", "properties": { "fid": 2926, "indice": "38", "complement": "", "Consistance": "TN", "num": "T64779", "surface": 10046 }, "geometry": { "type": "Polygon", "coordinates": [ [ [ -6.903595463138974, 33.899819349331828 ], [ -6.903889957911998, 33.899523587282893 ], [ -6.902963220977078, 33.898846555001469 ], [ -6.902357185270466, 33.898388440697296 ], [ -6.901786989213418, 33.898001145229649 ], [ -6.90156076643426, 33.898241967824603 ], [ -6.903345525465382, 33.899626635208072 ], [ -6.903595463138974, 33.899819349331828 ] ] ] } },
{ "type": "Feature", "properties": { "fid": 2927, "indice": "38", "complement": "", "Consistance": "TN", "num": "T22715", "surface": 84485 }, "geometry": { "type": "Polygon", "coordinates": [ [ [ -6.820267620205243, 33.806672360552149 ], [ -6.820328370690745, 33.806621161589213 ], [ -6.820377400184086, 33.806580017132156 ], [ -6.819463118298705, 33.806035710222211 ], [ -6.818807411475981, 33.805578655796609 ], [ -6.817733598554665, 33.808839627224977 ], [ -6.817612173322019, 33.809212603350048 ], [ -6.820567151085167, 33.809536223306289 ], [ -6.820563616095402, 33.809518224692923 ], [ -6.820777099626239, 33.809490544004994 ], [ -6.820785411780622, 33.809536448435118 ], [ -6.821388331730609, 33.809470967768632 ], [ -6.820636930342347, 33.808448593089381 ], [ -6.820334995409902, 33.807955055580486 ], [ -6.820483390908494, 33.807514124514526 ], [ -6.820267620205243, 33.806672360552149 ] ] ] } },
{ "type": "Feature", "properties": { "fid": 2931, "indice": "R", "complement": "", "Consistance": "TN", "num": "T72204", "surface": 100791 }, "geometry": { "type": "Polygon", "coordinates": [ [ [ -6.871084772502956, 33.822306967143874 ], [ -6.872815639762903, 33.823565541079802 ], [ -6.875606614166159, 33.821757607230118 ], [ -6.874028632806488, 33.820593776423252 ], [ -6.872298582573148, 33.819317170097428 ], [ -6.871735252674466, 33.819809048547228 ], [ -6.872077379156126, 33.819975487436793 ], [ -6.871152090946441, 33.822133904081035 ], [ -6.871084772502956, 33.822306967143874 ] ] ] } },
{ "type": "Feature", "properties": { "fid": 2940, "indice": "R", "complement": "", "Consistance": "TN", "num": "T82796", "surface": 12989 }, "geometry": { "type": "Polygon", "coordinates": [ [ [ -6.826411781091103, 33.898952545340379 ], [ -6.824258634121648, 33.897649455084306 ], [ -6.823998146419561, 33.898056477083841 ], [ -6.826136736472019, 33.899394912240403 ], [ -6.826411781091103, 33.898952545340379 ] ] ] } },
{ "type": "Feature", "properties": { "fid": 2952, "indice": "38", "complement": "", "Consistance": "TN", "num": "T55386", "surface": 3000 }, "geometry": { "type": "Polygon", "coordinates": [ [ [ -6.90969590931175, 33.865605190675844 ], [ -6.90946481195387, 33.865808209100678 ], [ -6.909778514609602, 33.866814588568694 ], [ -6.910003253204513, 33.866618861889435 ], [ -6.90969590931175, 33.865605190675844 ] ] ] } },
{ "type": "Feature", "properties": { "fid": 2954, "indice": "38", "complement": "", "Consistance": "TN", "num": "R2471", "surface": 10521 }, "geometry": { "type": "Polygon", "coordinates": [ [ [ -6.917136388128942, 33.916516429195198 ], [ -6.917138362599121, 33.916505582231117 ], [ -6.917497141081264, 33.916545426577954 ], [ -6.917466463178977, 33.916523250566513 ], [ -6.917679195134674, 33.916315033475556 ], [ -6.917322007140053, 33.916118236429909 ], [ -6.917031851170639, 33.915981054457113 ], [ -6.916608359161446, 33.915766118763635 ], [ -6.91655706876533, 33.915740584633852 ], [ -6.916457701377517, 33.915687673536766 ], [ -6.916357252526979, 33.915634775464383 ], [ -6.916265519331625, 33.915585379396255 ], [ -6.916156323759975, 33.915527175617058 ], [ -6.916004679503824, 33.915454153314712 ], [ -6.915455632866888, 33.915173090613493 ], [ -6.915217741475893, 33.915427606464647 ], [ -6.915176517876691, 33.915483122621936 ], [ -6.917136388128942, 33.916516429195198 ] ] ] } },
{ "type": "Feature", "properties": { "fid": 2966, "indice": "R", "complement": "", "Consistance": "TN", "num": "T43543", "surface": 30632 }, "geometry": { "type": "Polygon", "coordinates": [ [ [ -6.854567816195694, 33.874884448828084 ], [ -6.853933588929928, 33.87452564071603 ], [ -6.852710577387246, 33.873614475353143 ], [ -6.852224782311819, 33.87307805947728 ], [ -6.852028697144972, 33.872861168100087 ], [ -6.851242570125381, 33.873507049484751 ], [ -6.851493353353245, 33.873697151563178 ], [ -6.853415507951515, 33.875099873429761 ], [ -6.854387000968378, 33.875581934688697 ], [ -6.854989678931748, 33.875087887245037 ], [ -6.854567816195694, 33.874884448828084 ] ] ] } },
{ "type": "Feature", "properties": { "fid": 2973, "indice": "R", "complement": "", "Consistance": "TN", "num": "T14478", "surface": 8115 }, "geometry": { "type": "Polygon", "coordinates": [ [ [ -6.904933555963408, 33.892385840738712 ], [ -6.903397268379651, 33.891165966775255 ], [ -6.903096505929265, 33.891410394395308 ], [ -6.904582409118469, 33.892656131744772 ], [ -6.904933555963408, 33.892385840738712 ] ] ] } },
{ "type": "Feature", "properties": { "fid": 2976, "indice": "R", "complement": "P1", "Consistance": "TN", "num": "T53053", "surface": 3309 }, "geometry": { "type": "Polygon", "coordinates": [ [ [ -6.941156876850026, 33.903001634423887 ], [ -6.941806400875568, 33.903397696166174 ], [ -6.94214664621989, 33.903675806407328 ], [ -6.9423403175319, 33.903495739979135 ], [ -6.941396298944194, 33.902778615396755 ], [ -6.941156876850026, 33.903001634423887 ] ] ] } },
{ "type": "Feature", "properties": { "fid": 2980, "indice": "R", "complement": "P1", "Consistance": "TN", "num": "T26153", "surface": 180797 }, "geometry": { "type": "Polygon", "coordinates": [ [ [ -6.770548873942638, 33.805156573052699 ], [ -6.770300163837242, 33.803769418111514 ], [ -6.769559806698575, 33.803339192245069 ], [ -6.768421813929052, 33.802355018191307 ], [ -6.767318533975904, 33.801034032030408 ], [ -6.766521021231211, 33.801778733508108 ], [ -6.765642124826922, 33.803879926883155 ], [ -6.765933818039764, 33.805394695176759 ], [ -6.765756246464472, 33.805577022436687 ], [ -6.768070937053523, 33.805879111025895 ], [ -6.770928925168872, 33.807268343674806 ], [ -6.770548873942638, 33.805156573052699 ] ] ] } },
{ "type": "Feature", "properties": { "fid": 2987, "indice": "38", "complement": "", "Consistance": "TN", "num": "R2031", "surface": 22107 }, "geometry": { "type": "Polygon", "coordinates": [ [ [ -6.844243407479757, 33.852913193228972 ], [ -6.844370105226615, 33.852600564284323 ], [ -6.844748462082253, 33.851753791414559 ], [ -6.844780847779257, 33.851620833560204 ], [ -6.843758551854259, 33.851315160446937 ], [ -6.843221401067625, 33.851256421579698 ], [ -6.842633249650759, 33.85131642156702 ], [ -6.843067577803267, 33.851758767743888 ], [ -6.843266482844683, 33.852084774833656 ], [ -6.843414700329348, 33.852352741198011 ], [ -6.843443181508755, 33.852505740508931 ], [ -6.843446156903751, 33.852685190154936 ], [ -6.843539102538186, 33.852749056269403 ], [ -6.843699330607773, 33.853024099061322 ], [ -6.843825789073758, 33.853218357858836 ], [ -6.843880394393018, 33.853316939668396 ], [ -6.844243407479757, 33.852913193228972 ] ] ] } },
{ "type": "Feature", "properties": { "fid": 2997, "indice": "38", "complement": "SOLDE", "Consistance": "TN", "num": "T16911", "surface": 4599 }, "geometry": { "type": "Polygon", "coordinates": [ [ [ -6.83638435249474, 33.829062818341328 ], [ -6.837246273630238, 33.827985020850896 ], [ -6.83830752721745, 33.827722980058915 ], [ -6.839378454200064, 33.82745811298517 ], [ -6.839340316146271, 33.827373770030107 ], [ -6.837774279728531, 33.82776068133591 ], [ -6.837177987434543, 33.82790733739774 ], [ -6.836983162398752, 33.828151295664007 ], [ -6.836201734916156, 33.829129855620231 ], [ -6.837283779836206, 33.829275259935883 ], [ -6.837388405818295, 33.829197392584206 ], [ -6.83638435249474, 33.829062818341328 ] ] ] } },
{ "type": "Feature", "properties": { "fid": 3004, "indice": "03", "complement": "", "Consistance": "TN", "num": "T90890", "surface": 10153 }, "geometry": { "type": "Polygon", "coordinates": [ [ [ -6.908093907299233, 33.906871457830398 ], [ -6.908531024103594, 33.907314443974826 ], [ -6.909196355561765, 33.906820286373396 ], [ -6.909814832027116, 33.906306848108116 ], [ -6.909364405641932, 33.905907319040715 ], [ -6.908896886356895, 33.90626831418917 ], [ -6.908093907299233, 33.906871457830398 ] ] ] } },
{ "type": "Feature", "properties": { "fid": 3012, "indice": "R", "complement": "P2", "Consistance": "TN", "num": "T4196", "surface": 50846 }, "geometry": { "type": "Polygon", "coordinates": [ [ [ -6.822081884483467, 33.807346226227025 ], [ -6.820381677042495, 33.806577262710434 ], [ -6.820267620205243, 33.806672360552149 ], [ -6.820483390908494, 33.807514124514526 ], [ -6.820334995409902, 33.807955055580486 ], [ -6.820636930342347, 33.808448593089381 ], [ -6.821388331730609, 33.809470967768632 ], [ -6.822520872056195, 33.809350753220457 ], [ -6.822870994783411, 33.809022971781438 ], [ -6.823346190329016, 33.808679334092517 ], [ -6.822081884483467, 33.807346226227025 ] ] ] } },
{ "type": "Feature", "properties": { "fid": 3015, "indice": "38", "complement": "", "Consistance": "TN", "num": "T71056", "surface": 7873 }, "geometry": { "type": "Polygon", "coordinates": [ [ [ -6.919097582312635, 33.882497295931522 ], [ -6.918920759412911, 33.882341605188515 ], [ -6.918997580534552, 33.882282047007443 ], [ -6.919199198092031, 33.882123564922153 ], [ -6.918316158232138, 33.881344194385157 ], [ -6.918137880384706, 33.881166873854475 ], [ -6.917957378043573, 33.880985972338777 ], [ -6.917719713055791, 33.880751648254304 ], [ -6.917319323358042, 33.88042549672722 ], [ -6.917253542771777, 33.880373982593113 ], [ -6.916759865325813, 33.880651450076236 ], [ -6.91765396704434, 33.881508263312718 ], [ -6.918105823260341, 33.881188909195764 ], [ -6.919094666277629, 33.882082443560456 ], [ -6.919100108530593, 33.882146414507012 ], [ -6.918860292614297, 33.882346848971565 ], [ -6.919063425559408, 33.88252296472001 ], [ -6.919097582312635, 33.882497295931522 ] ] ] } },
{ "type": "Feature", "properties": { "fid": 3016, "indice": "38", "complement": "", "Consistance": "TN", "num": "R2490", "surface": 4067 }, "geometry": { "type": "Polygon", "coordinates": [ [ [ -6.904895082494616, 33.905857425356018 ], [ -6.904344870605339, 33.905315672996814 ], [ -6.903876569903625, 33.905632464523606 ], [ -6.904493021012743, 33.90612652264177 ], [ -6.904895082494616, 33.905857425356018 ] ] ] } },
{ "type": "Feature", "properties": { "fid": 3023, "indice": "R", "complement": "", "Consistance": "TN", "num": "T10254", "surface": 8549 }, "geometry": { "type": "Polygon", "coordinates": [ [ [ -6.810183614248044, 33.8083937913296 ], [ -6.800595845014606, 33.807335386684009 ], [ -6.800377553501961, 33.807400066221383 ], [ -6.810214183079959, 33.808480032545987 ], [ -6.810183614248044, 33.8083937913296 ] ] ] } },
{ "type": "Feature", "properties": { "fid": 3028, "indice": "38", "complement": "", "Consistance": "TN", "num": "R1337", "surface": 20651 }, "geometry": { "type": "Polygon", "coordinates": [ [ [ -6.851681879614622, 33.866848449010021 ], [ -6.851352830508632, 33.866502320080784 ], [ -6.85114730411656, 33.866301771267956 ], [ -6.850873030740699, 33.866063236731421 ], [ -6.85052526664409, 33.865761517090952 ], [ -6.850272946631107, 33.865542569027248 ], [ -6.849903327017763, 33.865226670238478 ], [ -6.849549218998308, 33.864933138756378 ], [ -6.849469483187628, 33.86501433426902 ], [ -6.84941710171116, 33.865115055130794 ], [ -6.849552583372088, 33.865265008750548 ], [ -6.849746273048884, 33.865469305083451 ], [ -6.849905447084562, 33.865613572145918 ], [ -6.850053781866989, 33.865756160812666 ], [ -6.850131418063414, 33.865873413111586 ], [ -6.85020798851662, 33.865991579643008 ], [ -6.850411996182614, 33.866230930430639 ], [ -6.850729296555651, 33.866391401256507 ], [ -6.850906790494261, 33.866531846851608 ], [ -6.851037398150096, 33.866713422804963 ], [ -6.851342920641649, 33.867075158265784 ], [ -6.851689630593966, 33.867507667119625 ], [ -6.85173965907313, 33.867590063686734 ], [ -6.851845344946954, 33.86770338163592 ], [ -6.851901844635134, 33.867784801097578 ], [ -6.851962382617804, 33.86784903706122 ], [ -6.852075590969442, 33.867959561713775 ], [ -6.852138456693605, 33.868033691755024 ], [ -6.852281845620159, 33.868203392952921 ], [ -6.852460278724187, 33.868399744835855 ], [ -6.852499917258173, 33.868442576994674 ], [ -6.852548354375731, 33.868494326225687 ], [ -6.852645243833418, 33.868598726379886 ], [ -6.852693635973362, 33.868647770298622 ], [ -6.852741127767752, 33.868707647765859 ], [ -6.852807327940269, 33.868787150293748 ], [ -6.852883287444492, 33.86886834328088 ], [ -6.853258416503072, 33.86860603467921 ], [ -6.851681879614622, 33.866848449010021 ] ] ] } },
{ "type": "Feature", "properties": { "fid": 3030, "indice": "R", "complement": "P1", "Consistance": "TN", "num": "T15547", "surface": 9955 }, "geometry": { "type": "Polygon", "coordinates": [ [ [ -6.839273677067273, 33.889512818757964 ], [ -6.838730218388346, 33.889021210611652 ], [ -6.837596500180971, 33.88991721996517 ], [ -6.838062039574611, 33.890340280840512 ], [ -6.839273677067273, 33.889512818757964 ] ] ] } },
{ "type": "Feature", "properties": { "fid": 3037, "indice": "38", "complement": "", "Consistance": "TN", "num": "T109159", "surface": 6477 }, "geometry": { "type": "Polygon", "coordinates": [ [ [ -6.884712835666909, 33.910540450423852 ], [ -6.883332099608139, 33.909436642874816 ], [ -6.882211188841992, 33.908660746568046 ], [ -6.882040016402425, 33.908835941941724 ], [ -6.883016123663883, 33.909493600849927 ], [ -6.8846135926314, 33.910620094564635 ], [ -6.884712835666909, 33.910540450423852 ] ] ] } },
{ "type": "Feature", "properties": { "fid": 3038, "indice": "38", "complement": "IC", "Consistance": "TN", "num": "R1526", "surface": 18445 }, "geometry": { "type": "Polygon", "coordinates": [ [ [ -6.884020478125672, 33.909269744189011 ], [ -6.883541758972338, 33.908854224825383 ], [ -6.882737449441251, 33.908121479180188 ], [ -6.882211188841992, 33.908660746568046 ], [ -6.883332099608139, 33.909436642874816 ], [ -6.884712835666909, 33.910540450423852 ], [ -6.885043613687416, 33.910273165901394 ], [ -6.884020478125672, 33.909269744189011 ] ] ] } },
{ "type": "Feature", "properties": { "fid": 3045, "indice": "38", "complement": "", "Consistance": "TN", "num": "R2171", "surface": 11180 }, "geometry": { "type": "Polygon", "coordinates": [ [ [ -6.945240759764201, 33.896580953459136 ], [ -6.944608815283008, 33.897173205983442 ], [ -6.94431383496287, 33.896945953303494 ], [ -6.944246638326827, 33.896999094502135 ], [ -6.9438894269015, 33.897287610069306 ], [ -6.943718826458714, 33.897425906150119 ], [ -6.943490440167515, 33.89759918809586 ], [ -6.944112274029716, 33.898082164923245 ], [ -6.944901682471175, 33.89740318984569 ], [ -6.945030092291737, 33.897264511171066 ], [ -6.945532128835662, 33.89678750423932 ], [ -6.945240759764201, 33.896580953459136 ] ] ] } },
{ "type": "Feature", "properties": { "fid": 3056, "indice": "38", "complement": "", "Consistance": "TN", "num": "T68096", "surface": 2498 }, "geometry": { "type": "Polygon", "coordinates": [ [ [ -6.915973084150087, 33.904764066834225 ], [ -6.915725877903176, 33.904544286492104 ], [ -6.915214934486419, 33.905018572101746 ], [ -6.915302597127964, 33.905083350951259 ], [ -6.915402312952421, 33.90515700300115 ], [ -6.915285787389419, 33.90529821203662 ], [ -6.915354782903305, 33.905346982283042 ], [ -6.915973084150087, 33.904764066834225 ] ] ] } },
{ "type": "Feature", "properties": { "fid": 3057, "indice": "38", "complement": "", "Consistance": "TN", "num": "T58678", "surface": 5032 }, "geometry": { "type": "Polygon", "coordinates": [ [ [ -6.909196397911739, 33.875083312151595 ], [ -6.908756256432141, 33.874706202821208 ], [ -6.909405639363327, 33.87417975841867 ], [ -6.909373850470298, 33.874154887919744 ], [ -6.908061225792812, 33.875219665020154 ], [ -6.908693083822429, 33.87549074263687 ], [ -6.909196397911739, 33.875083312151595 ] ] ] } },
{ "type": "Feature", "properties": { "fid": 3070, "indice": "38", "complement": "", "Consistance": "TN", "num": "T66914", "surface": 15498 }, "geometry": { "type": "Polygon", "coordinates": [ [ [ -6.838662750178164, 33.848635627253294 ], [ -6.837589271213914, 33.848958236201838 ], [ -6.8368773159377, 33.849179274028131 ], [ -6.836580496630628, 33.849271975163198 ], [ -6.835915837424756, 33.849477131306365 ], [ -6.835593136966048, 33.849573734953935 ], [ -6.835655965284193, 33.849712812769731 ], [ -6.835710569208723, 33.849746459219936 ], [ -6.835785147683137, 33.849811443850079 ], [ -6.835788573354877, 33.849888068525836 ], [ -6.835828790154176, 33.849966976577441 ], [ -6.836166667333145, 33.849872903845444 ], [ -6.836470658227307, 33.849821610123179 ], [ -6.836759250009295, 33.849754257844005 ], [ -6.837494361951707, 33.849495073557918 ], [ -6.83801054146733, 33.849332203287965 ], [ -6.83879545086937, 33.849077850182042 ], [ -6.838662750178164, 33.848635627253294 ] ] ] } },
{ "type": "Feature", "properties": { "fid": 3081, "indice": "38", "complement": "IC", "Consistance": "TN", "num": "T55614", "surface": 16847 }, "geometry": { "type": "Polygon", "coordinates": [ [ [ -6.837865555419886, 33.835121226231472 ], [ -6.837265455731654, 33.834647394945691 ], [ -6.835608410862447, 33.836340420674667 ], [ -6.836146228749168, 33.836707644982404 ], [ -6.837865555419886, 33.835121226231472 ] ] ] } },
{ "type": "Feature", "properties": { "fid": 3084, "indice": "38", "complement": "", "Consistance": "TN", "num": "T14815", "surface": 2490 }, "geometry": { "type": "Polygon", "coordinates": [ [ [ -6.927998834698607, 33.906777007890327 ], [ -6.927582259510635, 33.906400580083563 ], [ -6.927247997537266, 33.906707706304047 ], [ -6.927417905246998, 33.906835509546582 ], [ -6.92771173014549, 33.907059207561261 ], [ -6.92772555180539, 33.907045509973962 ], [ -6.927998834698607, 33.906777007890327 ] ] ] } },
{ "type": "Feature", "properties": { "fid": 3098, "indice": "38", "complement": "", "Consistance": "TN", "num": "R2460", "surface": 4918 }, "geometry": { "type": "Polygon", "coordinates": [ [ [ -6.937895537470824, 33.863830266282342 ], [ -6.938435957947584, 33.863820914432047 ], [ -6.938679727647621, 33.864522329332466 ], [ -6.93870831345819, 33.864610367574642 ], [ -6.938222849112852, 33.864793118664878 ], [ -6.937895537470824, 33.863830266282342 ] ] ] } },
{ "type": "Feature", "properties": { "fid": 3100, "indice": "38", "complement": "", "Consistance": "TN", "num": "T75480", "surface": 2516 }, "geometry": { "type": "Polygon", "coordinates": [ [ [ -6.919850051993963, 33.892703397992904 ], [ -6.919653864328775, 33.89249292624509 ], [ -6.918919965907586, 33.892952801199279 ], [ -6.919112956151203, 33.893166018656601 ], [ -6.919850051993963, 33.892703397992904 ] ] ] } },
{ "type": "Feature", "properties": { "fid": 3101, "indice": "38", "complement": "", "Consistance": "TN", "num": "R2495", "surface": 9377 }, "geometry": { "type": "Polygon", "coordinates": [ [ [ -6.83743841233258, 33.848528847790902 ], [ -6.837289999308669, 33.848116567716986 ], [ -6.837546340818019, 33.848060407335602 ], [ -6.83736111088183, 33.847513260958102 ], [ -6.837300207894075, 33.847556351691907 ], [ -6.83696531527376, 33.847634158635358 ], [ -6.83677735994372, 33.848231592177612 ], [ -6.836829876922925, 33.848793793108378 ], [ -6.8368773159377, 33.849179274028131 ], [ -6.837589271213914, 33.848958236201838 ], [ -6.83743841233258, 33.848528847790902 ] ] ] } },
{ "type": "Feature", "properties": { "fid": 3102, "indice": "38", "complement": "", "Consistance": "TN", "num": "T84384", "surface": 13879 }, "geometry": { "type": "Polygon", "coordinates": [ [ [ -6.903998340165901, 33.906919845686311 ], [ -6.903521408570995, 33.906612610402249 ], [ -6.903560581546498, 33.906563436034233 ], [ -6.903487973264745, 33.906493056687211 ], [ -6.903707078276542, 33.906277570793954 ], [ -6.903029242970165, 33.905736444371698 ], [ -6.903325324179103, 33.905468625010094 ], [ -6.903098751367101, 33.905314412483634 ], [ -6.903056349897847, 33.90536452743099 ], [ -6.903072645670863, 33.905556440828171 ], [ -6.90230410107148, 33.906276383115951 ], [ -6.902989546558123, 33.906882360225069 ], [ -6.903302055185335, 33.907252001471853 ], [ -6.903451131272834, 33.907365656337731 ], [ -6.903998340165901, 33.906919845686311 ] ] ] } },
{ "type": "Feature", "properties": { "fid": 3117, "indice": "38", "complement": "", "Consistance": "TN", "num": "T24960", "surface": 3286 }, "geometry": { "type": "Polygon", "coordinates": [ [ [ -6.910320757028445, 33.932459051539475 ], [ -6.910084685111266, 33.932697298947353 ], [ -6.910915199030617, 33.933230228987149 ], [ -6.91113374197395, 33.932979564872191 ], [ -6.910320757028445, 33.932459051539475 ] ] ] } },
{ "type": "Feature", "properties": { "fid": 3118, "indice": "38", "complement": "", "Consistance": "TN", "num": "T24959", "surface": 4999 }, "geometry": { "type": "Polygon", "coordinates": [ [ [ -6.910084685111266, 33.932697298947353 ], [ -6.909734831577872, 33.93305055923927 ], [ -6.910593786961539, 33.933601186593492 ], [ -6.910915199030617, 33.933230228987149 ], [ -6.910084685111266, 33.932697298947353 ] ] ] } },
{ "type": "Feature", "properties": { "fid": 3119, "indice": "38", "complement": "", "Consistance": "TN", "num": "T24945", "surface": 8350 }, "geometry": { "type": "Polygon", "coordinates": [ [ [ -6.904913389035516, 33.909041886171309 ], [ -6.903204783203657, 33.907569743948493 ], [ -6.902930502226452, 33.907784989560739 ], [ -6.903332662316372, 33.90820947295979 ], [ -6.904430034972216, 33.90905220743489 ], [ -6.904720189405305, 33.909254356680087 ], [ -6.904913389035516, 33.909041886171309 ] ] ] } },
{ "type": "Feature", "properties": { "fid": 3141, "indice": "38", "complement": "", "Consistance": "TN", "num": "T22200", "surface": 14906 }, "geometry": { "type": "Polygon", "coordinates": [ [ [ -6.822077173706644, 33.83988179988534 ], [ -6.821854591351245, 33.840018718762991 ], [ -6.821403900177136, 33.84048382739001 ], [ -6.821061363533056, 33.840754692079891 ], [ -6.821323516252462, 33.841452512426713 ], [ -6.822738833563569, 33.84101701939128 ], [ -6.822779707471285, 33.841004829224964 ], [ -6.822077173706644, 33.83988179988534 ] ] ] } },
{ "type": "Feature", "properties": { "fid": 3142, "indice": "38", "complement": "", "Consistance": "TN", "num": "T22199", "surface": 24962 }, "geometry": { "type": "Polygon", "coordinates": [ [ [ -6.821323516252462, 33.841452512426713 ], [ -6.821061363533056, 33.840754692079891 ], [ -6.820104743430139, 33.841811799000226 ], [ -6.819434146664178, 33.842447156196883 ], [ -6.818774857255794, 33.842782038734143 ], [ -6.820252729866005, 33.842733694456953 ], [ -6.821695771016263, 33.842471971312172 ], [ -6.821323516252462, 33.841452512426713 ] ] ] } },
{ "type": "Feature", "properties": { "fid": 3158, "indice": "38", "complement": "P1", "Consistance": "TN", "num": "T98955", "surface": 3122 }, "geometry": { "type": "Polygon", "coordinates": [ [ [ -6.937840134093723, 33.900165294586337 ], [ -6.937705654866867, 33.900022638969055 ], [ -6.937475900549241, 33.899813509382618 ], [ -6.937000845393881, 33.899494651869873 ], [ -6.936872355773649, 33.899629715272866 ], [ -6.937220727810275, 33.899879779345085 ], [ -6.937575688007566, 33.900196504079609 ], [ -6.937946111549385, 33.900592407300969 ], [ -6.938125968331531, 33.900487376940575 ], [ -6.937840134093723, 33.900165294586337 ] ] ] } },
{ "type": "Feature", "properties": { "fid": 3332, "indice": "38", "complement": "", "Consistance": "TN", "num": "T39130", "surface": 3815 }, "geometry": { "type": "Polygon", "coordinates": [ [ [ -6.912589725771263, 33.865885905812334 ], [ -6.912201846989048, 33.866212586302879 ], [ -6.912600961469018, 33.866532456622252 ], [ -6.912785182402748, 33.866680851650784 ], [ -6.913171917405017, 33.866350575502068 ], [ -6.912589725771263, 33.865885905812334 ] ] ] } },
{ "type": "Feature", "properties": { "fid": 3371, "indice": "38", "complement": "", "Consistance": "TN", "num": "T28046", "surface": 27651 }, "geometry": { "type": "Polygon", "coordinates": [ [ [ -6.836574078831791, 33.82726488402708 ], [ -6.834851811308839, 33.825910111146769 ], [ -6.834741149827099, 33.826015103831494 ], [ -6.834201683898714, 33.827183889230099 ], [ -6.835973288165476, 33.82818725100649 ], [ -6.836574078831791, 33.82726488402708 ] ] ] } },
{ "type": "Feature", "properties": { "fid": 3454, "indice": "38", "complement": "", "Consistance": "TN", "num": "T102653", "surface": 2138 }, "geometry": { "type": "Polygon", "coordinates": [ [ [ -6.935640410244532, 33.906678056403457 ], [ -6.93528780105509, 33.906434353695175 ], [ -6.935087283339025, 33.906288897995694 ], [ -6.934956921181917, 33.906625111087784 ], [ -6.935376486652715, 33.906923912534083 ], [ -6.935640410244532, 33.906678056403457 ] ] ] } },
{ "type": "Feature", "properties": { "fid": 3482, "indice": "38", "complement": "", "Consistance": "TN", "num": "T9341", "surface": 2974 }, "geometry": { "type": "Polygon", "coordinates": [ [ [ -6.910538282591837, 33.86860296856775 ], [ -6.910312427779962, 33.868796905643023 ], [ -6.911046811599982, 33.869432918250368 ], [ -6.911277946206651, 33.869231700636099 ], [ -6.910538282591837, 33.86860296856775 ] ] ] } },
{ "type": "Feature", "properties": { "fid": 3505, "indice": "38", "complement": "", "Consistance": "TN", "num": "T5413", "surface": 39856 }, "geometry": { "type": "Polygon", "coordinates": [ [ [ -6.843608945430153, 33.838772819488327 ], [ -6.842251135752061, 33.838234701088595 ], [ -6.840723491588256, 33.840299700601477 ], [ -6.841831364216016, 33.841147374852589 ], [ -6.843608945430153, 33.838772819488327 ] ] ] } },
{ "type": "Feature", "properties": { "fid": 3511, "indice": "38", "complement": "", "Consistance": "TN", "num": "T1229", "surface": 25265 }, "geometry": { "type": "Polygon", "coordinates": [ [ [ -6.933773657621715, 33.856932346249671 ], [ -6.934346350389182, 33.85648697891213 ], [ -6.934378346623184, 33.856462233993369 ], [ -6.931942642701353, 33.854310301041266 ], [ -6.931334919231633, 33.854792164250661 ], [ -6.933773657621715, 33.856932346249671 ] ] ] } },
{ "type": "Feature", "properties": { "fid": 3553, "indice": "38", "complement": "", "Consistance": "TN", "num": "T69965", "surface": 7086 }, "geometry": { "type": "Polygon", "coordinates": [ [ [ -6.835485447011373, 33.849401800673448 ], [ -6.835458437939095, 33.849337171771651 ], [ -6.835409942709319, 33.849215065991757 ], [ -6.835364293055442, 33.849134416292742 ], [ -6.834907350555497, 33.849153189124003 ], [ -6.834526032032872, 33.849169288952986 ], [ -6.83377751883447, 33.849205832833704 ], [ -6.833735720320418, 33.849424578968332 ], [ -6.833680373132386, 33.849608305155222 ], [ -6.83465582282525, 33.849567354801849 ], [ -6.835158160080797, 33.849548061968669 ], [ -6.835482258587026, 33.849536224777623 ], [ -6.835485447011373, 33.849401800673448 ] ] ] } },
{ "type": "Feature", "properties": { "fid": 3554, "indice": "38", "complement": "", "Consistance": "TN", "num": "T70081", "surface": 7979 }, "geometry": { "type": "Polygon", "coordinates": [ [ [ -6.837937791748858, 33.845909312007457 ], [ -6.837630609238873, 33.846028291034784 ], [ -6.83736026616458, 33.846218098387574 ], [ -6.837768885110164, 33.847266855954018 ], [ -6.838391099078707, 33.846980102108482 ], [ -6.837937791748858, 33.845909312007457 ] ] ] } },
{ "type": "Feature", "properties": { "fid": 3624, "indice": "38", "complement": "", "Consistance": "TN", "num": "T46435", "surface": 6650 }, "geometry": { "type": "Polygon", "coordinates": [ [ [ -6.908662640481554, 33.874732585970825 ], [ -6.908062613824931, 33.87436371591064 ], [ -6.907973922064524, 33.874299846087958 ], [ -6.907260492592714, 33.874874856976248 ], [ -6.908061225792812, 33.875219665020154 ], [ -6.908662640481554, 33.874732585970825 ] ] ] } },
{ "type": "Feature", "properties": { "fid": 3628, "indice": "38", "complement": "", "Consistance": "TN", "num": "T32719", "surface": 10079 }, "geometry": { "type": "Polygon", "coordinates": [ [ [ -6.90803791792692, 33.873125662146684 ], [ -6.907244574321819, 33.873768379576298 ], [ -6.908062613824931, 33.87436371591064 ], [ -6.908830277040112, 33.873736636002803 ], [ -6.90803791792692, 33.873125662146684 ] ] ] } },
{ "type": "Feature", "properties": { "fid": 3629, "indice": "38", "complement": "", "Consistance": "TN", "num": "T26937", "surface": 9999 }, "geometry": { "type": "Polygon", "coordinates": [ [ [ -6.907260492592714, 33.874874856976248 ], [ -6.907973922064524, 33.874299846087958 ], [ -6.907187640631594, 33.873727576741352 ], [ -6.907178051594595, 33.873735809656672 ], [ -6.906285482897243, 33.874456380325412 ], [ -6.907260492592714, 33.874874856976248 ] ] ] } },
{ "type": "Feature", "properties": { "fid": 3647, "indice": "R", "complement": "", "Consistance": "TN", "num": "T78866", "surface": 12891 }, "geometry": { "type": "Polygon", "coordinates": [ [ [ -6.918933490661937, 33.918448188137312 ], [ -6.919141130688564, 33.91825806888918 ], [ -6.919020609803249, 33.91817114366242 ], [ -6.917573615686727, 33.919502792577937 ], [ -6.918274467284741, 33.919739614400562 ], [ -6.918394863675958, 33.919819326480059 ], [ -6.919459267010576, 33.918819710030043 ], [ -6.918933490661937, 33.918448188137312 ] ] ] } },
{ "type": "Feature", "properties": { "fid": 3650, "indice": "03", "complement": "", "Consistance": "TN", "num": "T105192", "surface": 31308 }, "geometry": { "type": "Polygon", "coordinates": [ [ [ -6.822356983664765, 33.829618235129267 ], [ -6.822309160541847, 33.829601642435399 ], [ -6.822344716024225, 33.829396498961927 ], [ -6.82248431012864, 33.829407537881117 ], [ -6.822534738994916, 33.828657456946715 ], [ -6.822359376473899, 33.828573768359576 ], [ -6.822345199480871, 33.82816896119467 ], [ -6.821501541143298, 33.828192085291668 ], [ -6.820127546877626, 33.83028755884132 ], [ -6.820360208665718, 33.830372403465333 ], [ -6.820831217660839, 33.829631975900952 ], [ -6.821341382519049, 33.830032949290491 ], [ -6.821853698429251, 33.830432994204209 ], [ -6.82196970255564, 33.830587709412974 ], [ -6.82179237694641, 33.830913520154525 ], [ -6.82194027349582, 33.830969561958504 ], [ -6.821987090382866, 33.830990675905049 ], [ -6.822356983664765, 33.829618235129267 ] ] ] } },
{ "type": "Feature", "properties": { "fid": 3654, "indice": "R", "complement": "P2", "Consistance": "TN", "num": "T21298", "surface": 15024 }, "geometry": { "type": "Polygon", "coordinates": [ [ [ -6.932068680089583, 33.888560636154097 ], [ -6.931304517604151, 33.88747955834674 ], [ -6.930958008580436, 33.886839821001615 ], [ -6.930329187655089, 33.88705766393354 ], [ -6.931210373413682, 33.888705531151388 ], [ -6.931339019368782, 33.888887048321486 ], [ -6.932068680089583, 33.888560636154097 ] ] ] } },
{ "type": "Feature", "properties": { "fid": 3660, "indice": "03", "complement": "", "Consistance": "TN", "num": "T91072", "surface": 20029 }, "geometry": { "type": "Polygon", "coordinates": [ [ [ -6.80728574677269, 33.809526815573768 ], [ -6.808745136252583, 33.809372379883769 ], [ -6.80858086397031, 33.808300924729188 ], [ -6.806891261302782, 33.808115213649181 ], [ -6.80728574677269, 33.809526815573768 ] ] ] } },
{ "type": "Feature", "properties": { "fid": 3670, "indice": "R", "complement": "P1", "Consistance": "TN", "num": "T17257", "surface": 21337 }, "geometry": { "type": "Polygon", "coordinates": [ [ [ -6.937971867527391, 33.856340527722438 ], [ -6.935538557935268, 33.854206673027576 ], [ -6.935023439783298, 33.854605340799544 ], [ -6.937451423279231, 33.856743780392151 ], [ -6.937971867527391, 33.856340527722438 ] ] ] } },
{ "type": "Feature", "properties": { "fid": 3671, "indice": "03", "complement": "", "Consistance": "TN", "num": "T91345", "surface": 9937 }, "geometry": { "type": "Polygon", "coordinates": [ [ [ -6.808921984307381, 33.812556932240099 ], [ -6.807953950101937, 33.812363099744204 ], [ -6.807995163623343, 33.813575740708274 ], [ -6.80798720613171, 33.813618221366539 ], [ -6.808581211707601, 33.8137341926926 ], [ -6.808921984307381, 33.812556932240099 ] ] ] } },
{ "type": "Feature", "properties": { "fid": 3676, "indice": "R", "complement": "P1", "Consistance": "TN", "num": "T12860", "surface": 3903 }, "geometry": { "type": "Polygon", "coordinates": [ [ [ -6.943423009235118, 33.928003864403742 ], [ -6.942829658922585, 33.928467550172833 ], [ -6.943532062873373, 33.928661822249545 ], [ -6.943953741650978, 33.92827961965245 ], [ -6.943423009235118, 33.928003864403742 ] ] ] } },
{ "type": "Feature", "properties": { "fid": 3677, "indice": "R", "complement": "P2", "Consistance": "TN", "num": "T37385", "surface": 5532 }, "geometry": { "type": "Polygon", "coordinates": [ [ [ -6.938860319047242, 33.928063649353362 ], [ -6.93845789380839, 33.927639283080694 ], [ -6.938359541708021, 33.927767662354931 ], [ -6.938377926330147, 33.928011856236822 ], [ -6.938177646035689, 33.928005298386907 ], [ -6.938074011994683, 33.92814095766235 ], [ -6.939580438067176, 33.928892676058737 ], [ -6.939616626807625, 33.928858859974639 ], [ -6.938860319047242, 33.928063649353362 ] ] ] } },
{ "type": "Feature", "properties": { "fid": 3678, "indice": "R", "complement": "", "Consistance": "TN", "num": "T72241", "surface": 40000 }, "geometry": { "type": "Polygon", "coordinates": [ [ [ -6.862683580595546, 33.815986425040762 ], [ -6.860388038095666, 33.815316964425286 ], [ -6.85909837326928, 33.816638036740976 ], [ -6.861392860302961, 33.817307533387364 ], [ -6.862683580595546, 33.815986425040762 ] ] ] } },
{ "type": "Feature", "properties": { "fid": 3679, "indice": "R", "complement": "", "Consistance": "TN", "num": "T72234", "surface": 106158 }, "geometry": { "type": "Polygon", "coordinates": [ [ [ -6.869424917085833, 33.818849501337041 ], [ -6.872021396158804, 33.816151907763178 ], [ -6.869114393527249, 33.815303103098422 ], [ -6.866927159815328, 33.817537647754733 ], [ -6.866876599303088, 33.818385165097538 ], [ -6.869424917085833, 33.818849501337041 ] ] ] } },
{ "type": "Feature", "properties": { "fid": 3682, "indice": "R", "complement": "", "Consistance": "TN", "num": "T70615", "surface": 100598 }, "geometry": { "type": "Polygon", "coordinates": [ [ [ -6.878109233912496, 33.817929056937217 ], [ -6.874942576553154, 33.817004987707151 ], [ -6.872298582573148, 33.819317170097428 ], [ -6.874028632806488, 33.820593776423252 ], [ -6.878109233912496, 33.817929056937217 ] ] ] } },
{ "type": "Feature", "properties": { "fid": 3689, "indice": "R", "complement": "", "Consistance": "TN", "num": "T47093", "surface": 55256 }, "geometry": { "type": "Polygon", "coordinates": [ [ [ -6.791142201769342, 33.806000567343176 ], [ -6.791265911072252, 33.806440237565361 ], [ -6.792947170205879, 33.80610854031562 ], [ -6.792810461217327, 33.805667212607098 ], [ -6.792985041217765, 33.805639110912935 ], [ -6.79246504714974, 33.80379503121803 ], [ -6.790099907670996, 33.804260601768746 ], [ -6.790616599325258, 33.806103825309613 ], [ -6.791142201769342, 33.806000567343176 ] ] ] } },
{ "type": "Feature", "properties": { "fid": 3693, "indice": "R", "complement": "", "Consistance": "TN", "num": "T38742", "surface": 14766 }, "geometry": { "type": "Polygon", "coordinates": [ [ [ -6.920749765269372, 33.865715706589583 ], [ -6.921406323099109, 33.865174678407207 ], [ -6.92010286608104, 33.864024323940733 ], [ -6.919477939681701, 33.86458119606629 ], [ -6.919998513461322, 33.865044779191038 ], [ -6.920432342306172, 33.865431848205247 ], [ -6.920749765269372, 33.865715706589583 ] ] ] } },
{ "type": "Feature", "properties": { "fid": 3714, "indice": "03", "complement": "", "Consistance": "TN", "num": "T85725", "surface": 22612 }, "geometry": { "type": "Polygon", "coordinates": [ [ [ -6.909093916495641, 33.890001545933046 ], [ -6.911724923918579, 33.891791675198093 ], [ -6.912284607424468, 33.891324929199548 ], [ -6.910669409337557, 33.89029910911006 ], [ -6.909644500661139, 33.889446532441063 ], [ -6.909093916495641, 33.890001545933046 ] ] ] } },
{ "type": "Feature", "properties": { "fid": 3718, "indice": "03", "complement": "P1", "Consistance": "TN", "num": "T105007", "surface": 9109 }, "geometry": { "type": "Polygon", "coordinates": [ [ [ -6.855523651880953, 33.880313733571384 ], [ -6.855649402967969, 33.880203137769456 ], [ -6.854892674413196, 33.879569771624865 ], [ -6.854377287995582, 33.879141939533007 ], [ -6.853980377093966, 33.879462226293576 ], [ -6.853957974391101, 33.879480525123981 ], [ -6.855133157623358, 33.880500464651163 ], [ -6.85515996035415, 33.880486624049439 ], [ -6.855523651880953, 33.880313733571384 ] ] ] } },
{ "type": "Feature", "properties": { "fid": 3721, "indice": "03", "complement": "", "Consistance": "TN", "num": "T83588", "surface": 10721 }, "geometry": { "type": "Polygon", "coordinates": [ [ [ -6.846699054877087, 33.801236264924192 ], [ -6.84554622122274, 33.800971804751214 ], [ -6.845448862115033, 33.801875777360095 ], [ -6.846548583710627, 33.802129127928424 ], [ -6.846699054877087, 33.801236264924192 ] ] ] } },
{ "type": "Feature", "properties": { "fid": 3739, "indice": "R", "complement": "LOT1", "Consistance": "TN", "num": "R21148", "surface": 11673 }, "geometry": { "type": "Polygon", "coordinates": [ [ [ -6.906264374891737, 33.897977992305407 ], [ -6.906648962082789, 33.898263781457622 ], [ -6.906765991944578, 33.898151435658626 ], [ -6.907574453754955, 33.897431883632066 ], [ -6.907029520800909, 33.896755691671245 ], [ -6.905948848008734, 33.897807718959648 ], [ -6.906264374891737, 33.897977992305407 ] ] ] } },
{ "type": "Feature", "properties": { "fid": 3740, "indice": "R", "complement": "", "Consistance": "TN", "num": "R37768", "surface": 11572 }, "geometry": { "type": "Polygon", "coordinates": [ [ [ -6.939716096336601, 33.923048376264965 ], [ -6.940069547641833, 33.923274017309872 ], [ -6.940247904480316, 33.923387268346623 ], [ -6.941342155924184, 33.924083608826827 ], [ -6.94216939011728, 33.92460825757022 ], [ -6.942196768142214, 33.924626860556181 ], [ -6.942282690352284, 33.924530198364522 ], [ -6.942377105987679, 33.92442441224842 ], [ -6.939035825783075, 33.922267562917092 ], [ -6.938783919258527, 33.922460965310137 ], [ -6.939716096336601, 33.923048376264965 ] ] ] } },
{ "type": "Feature", "properties": { "fid": 3753, "indice": "R", "complement": "", "Consistance": "TN", "num": "T14603", "surface": 7969 }, "geometry": { "type": "Polygon", "coordinates": [ [ [ -6.91986668281713, 33.920466175884258 ], [ -6.920501209623454, 33.921054636879532 ], [ -6.920555569888836, 33.921007978653996 ], [ -6.920635681066025, 33.921072845393311 ], [ -6.920860614242544, 33.920881611475785 ], [ -6.920452393514046, 33.920551959568833 ], [ -6.921092508757179, 33.92009863406998 ], [ -6.921082474417981, 33.920081619568499 ], [ -6.921781315488809, 33.919584284568515 ], [ -6.921609464501964, 33.919470026444145 ], [ -6.91986668281713, 33.920466175884258 ] ] ] } },
{ "type": "Feature", "properties": { "fid": 3759, "indice": "R", "complement": "", "Consistance": "TN", "num": "T57440", "surface": 4013 }, "geometry": { "type": "Polygon", "coordinates": [ [ [ -6.925084889819472, 33.888274366860152 ], [ -6.924624955035616, 33.8885036508509 ], [ -6.925770463936796, 33.889194994687095 ], [ -6.925841591832207, 33.888995702934466 ], [ -6.925084889819472, 33.888274366860152 ] ] ] } },
{ "type": "Feature", "properties": { "fid": 3761, "indice": "R", "complement": "P3", "Consistance": "TN", "num": "T31666", "surface": 9979 }, "geometry": { "type": "Polygon", "coordinates": [ [ [ -6.813391242013092, 33.804048996994297 ], [ -6.814374844056326, 33.80394226472653 ], [ -6.813627505768998, 33.803428496007861 ], [ -6.811813717814879, 33.802441529784751 ], [ -6.813391242013092, 33.804048996994297 ] ] ] } },
{ "type": "Feature", "properties": { "fid": 3767, "indice": "R", "complement": "P2", "Consistance": "TN", "num": "T32544", "surface": 11453 }, "geometry": { "type": "Polygon", "coordinates": [ [ [ -6.916116836770991, 33.917234084754966 ], [ -6.916604143219534, 33.917634044055767 ], [ -6.91762754861461, 33.918377446370876 ], [ -6.917998809152051, 33.917892221313686 ], [ -6.917311877893071, 33.917398182363648 ], [ -6.916721496538124, 33.916856971756602 ], [ -6.916116836770991, 33.917234084754966 ] ] ] } },
{ "type": "Feature", "properties": { "fid": 3813, "indice": "R", "complement": "", "Consistance": "TN", "num": "T11012", "surface": 9838 }, "geometry": { "type": "Polygon", "coordinates": [ [ [ -6.920898199411115, 33.921917458587039 ], [ -6.921964871025735, 33.922717120453122 ], [ -6.922484503352627, 33.922240901496842 ], [ -6.921621537712501, 33.921520842138378 ], [ -6.921573557223718, 33.921561109836915 ], [ -6.921413427321321, 33.92143678788652 ], [ -6.920898199411115, 33.921917458587039 ] ] ] } },
{ "type": "Feature", "properties": { "fid": 3815, "indice": "R", "complement": "", "Consistance": "TN", "num": "T15349", "surface": 9129 }, "geometry": { "type": "Polygon", "coordinates": [ [ [ -6.920957403562493, 33.878774077130821 ], [ -6.92137752759921, 33.879115310103884 ], [ -6.921373543318412, 33.87907296779121 ], [ -6.920266144688532, 33.878139402646433 ], [ -6.91991397212106, 33.877849652374053 ], [ -6.919646307500759, 33.878002624798789 ], [ -6.919397178365501, 33.878164390817943 ], [ -6.92039667564844, 33.879111902009683 ], [ -6.920957403562493, 33.878774077130821 ] ] ] } },
{ "type": "Feature", "properties": { "fid": 3837, "indice": "03", "complement": "", "Consistance": "TN", "num": "R40275", "surface": 20653 }, "geometry": { "type": "Polygon", "coordinates": [ [ [ -6.857911502304959, 33.844500115742527 ], [ -6.85732514218324, 33.844018102558863 ], [ -6.856947682177012, 33.843746509244355 ], [ -6.856820965048899, 33.843860727314187 ], [ -6.856466531972604, 33.844125514864004 ], [ -6.856747141466565, 33.844487529325541 ], [ -6.856612556292071, 33.844583800128603 ], [ -6.855967055986933, 33.844960208288036 ], [ -6.855218881765733, 33.845337807880504 ], [ -6.854426718875134, 33.845670817857432 ], [ -6.853417131077626, 33.846059563987986 ], [ -6.853110959617754, 33.846173157926664 ], [ -6.853281940946511, 33.846508493773641 ], [ -6.853751673626607, 33.846285668110745 ], [ -6.854515342998928, 33.845993580976305 ], [ -6.855992918013196, 33.845343228821449 ], [ -6.856525464411193, 33.845063741249973 ], [ -6.857219468330943, 33.844614610297853 ], [ -6.857617591102669, 33.844312332108366 ], [ -6.857889260423922, 33.844527433066332 ], [ -6.857911502304959, 33.844500115742527 ] ] ] } },
{ "type": "Feature", "properties": { "fid": 3845, "indice": "38", "complement": "", "Consistance": "TN", "num": "T74503", "surface": 19524 }, "geometry": { "type": "Polygon", "coordinates": [ [ [ -6.914548600080877, 33.900854342706801 ], [ -6.914570979844125, 33.900835131428934 ], [ -6.91412537337241, 33.900525752855927 ], [ -6.913432630478497, 33.900061525380082 ], [ -6.912602370693721, 33.899525900683372 ], [ -6.911809216993566, 33.899008762591201 ], [ -6.911500644940395, 33.899426473430701 ], [ -6.91278246643491, 33.9004283529829 ], [ -6.912874165017785, 33.900352384684005 ], [ -6.913342037169852, 33.900698477251055 ], [ -6.914127144771314, 33.901249074154485 ], [ -6.914548600080877, 33.900854342706801 ] ] ] } },
{ "type": "Feature", "properties": { "fid": 3851, "indice": "38", "complement": "", "Consistance": "TN", "num": "R1416", "surface": 34878 }, "geometry": { "type": "Polygon", "coordinates": [ [ [ -6.93806928747752, 33.911047812998142 ], [ -6.936445255161813, 33.909805069366378 ], [ -6.935048860940888, 33.908709231945885 ], [ -6.93438393219679, 33.909341517646247 ], [ -6.935731308848252, 33.910356790699126 ], [ -6.937388060163561, 33.911675804891452 ], [ -6.93806928747752, 33.911047812998142 ] ] ] } },
{ "type": "Feature", "properties": { "fid": 3852, "indice": "38", "complement": "P1", "Consistance": "TN", "num": "R1291", "surface": 10305 }, "geometry": { "type": "Polygon", "coordinates": [ [ [ -6.938973690587629, 33.901817216706817 ], [ -6.938555199935977, 33.901456180800309 ], [ -6.938627842399786, 33.901404779715392 ], [ -6.93789811827924, 33.9006308780883 ], [ -6.937946111549385, 33.900592407300969 ], [ -6.937575688007566, 33.900196504079609 ], [ -6.937220727810275, 33.899879779345085 ], [ -6.936872355773649, 33.899629715272866 ], [ -6.936713078990588, 33.899797626000407 ], [ -6.937759338004148, 33.900734501388825 ], [ -6.937688890251894, 33.900787678865079 ], [ -6.938453550797949, 33.9015187615909 ], [ -6.938257139090061, 33.901666386418491 ], [ -6.938439538568875, 33.901827392710558 ], [ -6.939281240197682, 33.902387960961384 ], [ -6.939373520488814, 33.90228490809114 ], [ -6.939454415587754, 33.902210856859774 ], [ -6.939481036074686, 33.902187079268856 ], [ -6.938973690587629, 33.901817216706817 ] ] ] } },
{ "type": "Feature", "properties": { "fid": 3853, "indice": "38", "complement": "", "Consistance": "TN", "num": "R1270", "surface": 6496 }, "geometry": { "type": "Polygon", "coordinates": [ [ [ -6.922660627468681, 33.879520901091247 ], [ -6.922002695154834, 33.878628780042739 ], [ -6.921680714318515, 33.878829318051594 ], [ -6.921748839425984, 33.879385882884186 ], [ -6.922290039699594, 33.879848302558962 ], [ -6.922660627468681, 33.879520901091247 ] ] ] } },
{ "type": "Feature", "properties": { "fid": 3885, "indice": "R", "complement": "", "Consistance": "TN", "num": "T9672", "surface": 17882 }, "geometry": { "type": "Polygon", "coordinates": [ [ [ -6.813797929035595, 33.819253777813699 ], [ -6.814180646459156, 33.819398268343903 ], [ -6.814314240773157, 33.819772864217569 ], [ -6.814236985027277, 33.819939694389774 ], [ -6.814789015840286, 33.820195911443271 ], [ -6.815009496562189, 33.819998597913241 ], [ -6.814454827763485, 33.819247248904723 ], [ -6.814037382127012, 33.818893902903163 ], [ -6.813515861620643, 33.818652670471636 ], [ -6.813042922335189, 33.818541667465354 ], [ -6.81240103914824, 33.818607547132707 ], [ -6.8120492301892, 33.818836103482859 ], [ -6.812380838612902, 33.819360891694338 ], [ -6.813797929035595, 33.819253777813699 ] ] ] } },
{ "type": "Feature", "properties": { "fid": 3888, "indice": "R", "complement": "", "Consistance": "TN", "num": "T24916", "surface": 3219 }, "geometry": { "type": "Polygon", "coordinates": [ [ [ -6.929184882768808, 33.935668126546709 ], [ -6.928899691838506, 33.935941282445683 ], [ -6.929550801604192, 33.936416754657692 ], [ -6.929837073885393, 33.936143584100599 ], [ -6.929184882768808, 33.935668126546709 ] ] ] } },
{ "type": "Feature", "properties": { "fid": 3903, "indice": "R", "complement": "", "Consistance": "TN", "num": "T19714", "surface": 3156 }, "geometry": { "type": "Polygon", "coordinates": [ [ [ -6.926605973511849, 33.939223379694667 ], [ -6.925955956526971, 33.938748781173793 ], [ -6.925673896057926, 33.939016479541152 ], [ -6.926324995383032, 33.939491066290742 ], [ -6.926605973511849, 33.939223379694667 ] ] ] } },
{ "type": "Feature", "properties": { "fid": 3904, "indice": "R", "complement": "", "Consistance": "TN", "num": "T20681", "surface": 3217 }, "geometry": { "type": "Polygon", "coordinates": [ [ [ -6.928327125075347, 33.936486716910004 ], [ -6.928040846922332, 33.936759883980805 ], [ -6.928366401631639, 33.936997622684423 ], [ -6.928693024121016, 33.937234445590036 ], [ -6.928978235793922, 33.936962192007861 ], [ -6.928327125075347, 33.936486716910004 ] ] ] } },
{ "type": "Feature", "properties": { "fid": 3908, "indice": "R", "complement": "", "Consistance": "TN", "num": "T24615", "surface": 3163 }, "geometry": { "type": "Polygon", "coordinates": [ [ [ -6.927687413184671, 33.937645367473245 ], [ -6.927361857906901, 33.937407627058619 ], [ -6.926798850276291, 33.937943918248841 ], [ -6.92712440602239, 33.938181660082236 ], [ -6.927687413184671, 33.937645367473245 ] ] ] } },
{ "type": "Feature", "properties": { "fid": 3909, "indice": "R", "complement": "P2", "Consistance": "TN", "num": "T4477", "surface": 456510 }, "geometry": { "type": "Polygon", "coordinates": [ [ [ -6.776300146771604, 33.790536104421761 ], [ -6.774271371029331, 33.786901064857609 ], [ -6.772415106092038, 33.787692623847263 ], [ -6.771393491291461, 33.787983440795671 ], [ -6.769419522793611, 33.789536580877325 ], [ -6.768811126346668, 33.790003235197183 ], [ -6.76792576937972, 33.790581151004183 ], [ -6.768417911922976, 33.791515582989639 ], [ -6.768496063146007, 33.792295805821738 ], [ -6.768644593853262, 33.792742442536642 ], [ -6.769165991344711, 33.794299789825047 ], [ -6.771777343201483, 33.794113314592948 ], [ -6.774403790953453, 33.793925716710127 ], [ -6.776630197916923, 33.793785763786232 ], [ -6.776300146771604, 33.790536104421761 ] ] ] } },
{ "type": "Feature", "properties": { "fid": 3911, "indice": "38", "complement": "", "Consistance": "TN", "num": "T68340", "surface": 14162 }, "geometry": { "type": "Polygon", "coordinates": [ [ [ -6.831671245750068, 33.848713158385976 ], [ -6.831167700756226, 33.84813266806475 ], [ -6.830583519218141, 33.847446670489468 ], [ -6.830429431401821, 33.847476392952977 ], [ -6.830262700397904, 33.847526102278913 ], [ -6.830069202245847, 33.847591450285265 ], [ -6.829947699458192, 33.847630720735367 ], [ -6.830465490707377, 33.848223679989083 ], [ -6.830830261473943, 33.848647923339982 ], [ -6.831179252767671, 33.84903266131257 ], [ -6.831496771271402, 33.849409641205732 ], [ -6.83159654176007, 33.849363402647583 ], [ -6.831766013610022, 33.84928299463305 ], [ -6.831914359181266, 33.849232591950319 ], [ -6.83203250234235, 33.849186142663541 ], [ -6.832074976655841, 33.849139657882468 ], [ -6.831671245750068, 33.848713158385976 ] ] ] } },
{ "type": "Feature", "properties": { "fid": 3913, "indice": "38", "complement": "", "Consistance": "TN", "num": "R2513", "surface": 4681 }, "geometry": { "type": "Polygon", "coordinates": [ [ [ -6.836829876922925, 33.848793793108378 ], [ -6.83677735994372, 33.848231592177612 ], [ -6.83696531527376, 33.847634158635358 ], [ -6.836655413263647, 33.847719794945988 ], [ -6.836475774360093, 33.848297289989198 ], [ -6.836533806857314, 33.84880080221243 ], [ -6.836580496630628, 33.849271975163198 ], [ -6.8368773159377, 33.849179274028131 ], [ -6.836829876922925, 33.848793793108378 ] ] ] } },
{ "type": "Feature", "properties": { "fid": 3915, "indice": "38", "complement": "", "Consistance": "TN", "num": "T104153", "surface": 2631 }, "geometry": { "type": "Polygon", "coordinates": [ [ [ -6.929998026768558, 33.885568117955337 ], [ -6.929775548829165, 33.885339042439156 ], [ -6.929476060401518, 33.885527599845112 ], [ -6.929941635995474, 33.886051340255307 ], [ -6.930271161281699, 33.885848885429461 ], [ -6.929998026768558, 33.885568117955337 ] ] ] } },
{ "type": "Feature", "properties": { "fid": 3916, "indice": "38", "complement": "", "Consistance": "TN", "num": "T93974", "surface": 2668 }, "geometry": { "type": "Polygon", "coordinates": [ [ [ -6.929449299640526, 33.885543259814341 ], [ -6.929147631537731, 33.885730941120194 ], [ -6.929589894984564, 33.886282025625718 ], [ -6.929915988078214, 33.886068790572175 ], [ -6.929449299640526, 33.885543259814341 ] ] ] } },
{ "type": "Feature", "properties": { "fid": 3917, "indice": "38", "complement": "", "Consistance": "TN", "num": "T20396", "surface": 14966 }, "geometry": { "type": "Polygon", "coordinates": [ [ [ -6.812335937542497, 33.804264764520461 ], [ -6.811409434326199, 33.802494800594602 ], [ -6.811781116640035, 33.80216319844704 ], [ -6.811813717814879, 33.802441529784751 ], [ -6.813391242013092, 33.804048996994297 ], [ -6.812335937542497, 33.804264764520461 ] ] ] } },
{ "type": "Feature", "properties": { "fid": 3919, "indice": "R", "complement": "P2", "Consistance": "TN", "num": "T20881", "surface": 75550 }, "geometry": { "type": "Polygon", "coordinates": [ [ [ -6.817109988130212, 33.79913279896914 ], [ -6.816919060046925, 33.799084454928511 ], [ -6.816360035575187, 33.798855384535344 ], [ -6.816134353214122, 33.798795707910706 ], [ -6.816042496699398, 33.798794042860393 ], [ -6.815927184754768, 33.798811584254793 ], [ -6.815708647532174, 33.798859156998503 ], [ -6.815571527306482, 33.798864317906236 ], [ -6.815451088677456, 33.79883231012505 ], [ -6.815335508767817, 33.798766875358837 ], [ -6.814944219251893, 33.800084532842924 ], [ -6.815688776922816, 33.802156879768411 ], [ -6.8181226023361, 33.801807295584005 ], [ -6.817109988130212, 33.79913279896914 ] ] ] } },
{ "type": "Feature", "properties": { "fid": 3920, "indice": "R", "complement": "vect P2", "Consistance": "TN", "num": "T12602", "surface": 66349 }, "geometry": { "type": "Polygon", "coordinates": [ [ [ -6.827077697431489, 33.802058026729625 ], [ -6.826994559713254, 33.801797412692842 ], [ -6.826967794648565, 33.801152829431054 ], [ -6.826931434140845, 33.80077984033295 ], [ -6.826875525695696, 33.800466602575455 ], [ -6.82679086297338, 33.800310631068264 ], [ -6.826703063451814, 33.800161008906265 ], [ -6.826642567712178, 33.799897430219758 ], [ -6.826549121238404, 33.799600855704149 ], [ -6.826374307350858, 33.799349404951712 ], [ -6.826121782737194, 33.79910244847634 ], [ -6.826055854269241, 33.798968811238687 ], [ -6.825412637849256, 33.798547725867415 ], [ -6.828065349190233, 33.798576069598255 ], [ -6.829102281034999, 33.800539472665825 ], [ -6.82786006608146, 33.801870506639503 ], [ -6.827077697431489, 33.802058026729625 ] ] ] } },
{ "type": "Feature", "properties": { "fid": 3921, "indice": "R", "complement": "P3", "Consistance": "TN", "num": "T13491", "surface": 228659 }, "geometry": { "type": "Polygon", "coordinates": [ [ [ -6.825060301017144, 33.79801057793712 ], [ -6.824982614823393, 33.797818447871329 ], [ -6.824899299019688, 33.797480267118857 ], [ -6.824805082787087, 33.797070055079175 ], [ -6.824707653077959, 33.7967275253229 ], [ -6.824597285063756, 33.796518630594612 ], [ -6.824413827329586, 33.796266373579456 ], [ -6.824235830190022, 33.796017661833005 ], [ -6.824079440219198, 33.795702861726518 ], [ -6.824075415789469, 33.795456676937917 ], [ -6.824171122388508, 33.795099318519767 ], [ -6.824197130173869, 33.794906006139861 ], [ -6.824192928537788, 33.79464899998154 ], [ -6.824116331294221, 33.794391014904022 ], [ -6.824070886956157, 33.794254437241882 ], [ -6.823999609081866, 33.794123565583973 ], [ -6.823877799038416, 33.794073542658474 ], [ -6.823708284190467, 33.794079081673296 ], [ -6.823533520624827, 33.794027857764661 ], [ -6.823279277414878, 33.793938755206369 ], [ -6.823156849312619, 33.793850856968348 ], [ -6.823032256092164, 33.793630397472228 ], [ -6.823025151739325, 33.793460010912327 ], [ -6.823008846669098, 33.793057027476593 ], [ -6.822782786899324, 33.793039758549128 ], [ -6.822640747113921, 33.793073845556584 ], [ -6.822381076728506, 33.793181426816481 ], [ -6.821894142052994, 33.793330377063434 ], [ -6.821762710916605, 33.793352617085283 ], [ -6.821636268066586, 33.793349545788914 ], [ -6.82150071372956, 33.793317715792817 ], [ -6.821409913539781, 33.793314238845717 ], [ -6.821249702676859, 33.793360256202988 ], [ -6.821119498515725, 33.793391501032318 ], [ -6.820988897113671, 33.793398397753322 ], [ -6.820701154665099, 33.79337461084603 ], [ -6.820491457464866, 33.793367073142853 ], [ -6.820348100928928, 33.793386741388709 ], [ -6.820221210151751, 33.793422457339886 ], [ -6.819989514971251, 33.793523402046532 ], [ -6.819635358449613, 33.793733068785457 ], [ -6.819425990926673, 33.793812112138696 ], [ -6.819174205850449, 33.793873597954146 ], [ -6.8188752050325, 33.793954560140989 ], [ -6.819449065335979, 33.795957573428765 ], [ -6.818912715814641, 33.79738512590415 ], [ -6.820279236428353, 33.797710538360434 ], [ -6.821435440737342, 33.797990525168181 ], [ -6.822330502956391, 33.79762678048386 ], [ -6.823487708890405, 33.797835483476909 ], [ -6.825119377585854, 33.798121745266123 ], [ -6.825060301017144, 33.79801057793712 ] ] ] } },
{ "type": "Feature", "properties": { "fid": 3928, "indice": "R", "complement": "LN", "Consistance": "TN", "num": "T8724", "surface": 36792 }, "geometry": { "type": "Polygon", "coordinates": [ [ [ -6.850310923365477, 33.869638676261253 ], [ -6.848428777759929, 33.867511196549984 ], [ -6.847882252744856, 33.866960133909814 ], [ -6.847360786704324, 33.86668025858782 ], [ -6.845188262707671, 33.865353392106122 ], [ -6.844679594622416, 33.866169197699577 ], [ -6.847233492997462, 33.86702265943493 ], [ -6.848024016844483, 33.867747677845387 ], [ -6.84986479332633, 33.869858506360217 ], [ -6.850310923365477, 33.869638676261253 ] ] ] } },
{ "type": "Feature", "properties": { "fid": 3932, "indice": "R", "complement": "", "Consistance": "TN", "num": "T6115", "surface": 49215 }, "geometry": { "type": "Polygon", "coordinates": [ [ [ -6.82814962521696, 33.810833395752127 ], [ -6.829331763757521, 33.811496338803721 ], [ -6.829865507092475, 33.81142890254835 ], [ -6.829002395776088, 33.809927121137058 ], [ -6.827885874000935, 33.808849434720337 ], [ -6.827661797254898, 33.808955717406974 ], [ -6.825338694824842, 33.809610881764833 ], [ -6.82814962521696, 33.810833395752127 ] ] ] } },
{ "type": "Feature", "properties": { "fid": 3940, "indice": "R", "complement": "", "Consistance": "TN", "num": "T16426", "surface": 13349 }, "geometry": { "type": "Polygon", "coordinates": [ [ [ -6.917984307945368, 33.927290375379755 ], [ -6.918541282918556, 33.926781252302341 ], [ -6.918712075428731, 33.926648402315102 ], [ -6.917516717282425, 33.925729417080873 ], [ -6.917037304814624, 33.926653379019811 ], [ -6.917984307945368, 33.927290375379755 ] ] ] } },
{ "type": "Feature", "properties": { "fid": 3978, "indice": "38", "complement": "", "Consistance": "TN", "num": "T9485", "surface": 27415 }, "geometry": { "type": "Polygon", "coordinates": [ [ [ -6.843998038494929, 33.820849557370749 ], [ -6.844003625676272, 33.821773078173479 ], [ -6.843796880893117, 33.822143456995754 ], [ -6.843875753778678, 33.82285958713581 ], [ -6.843773567159491, 33.823018606505173 ], [ -6.844346973442443, 33.823449423174324 ], [ -6.844833986041308, 33.822841300827676 ], [ -6.845318845936697, 33.822234103213177 ], [ -6.84570735628409, 33.821747073713908 ], [ -6.843998038494929, 33.820849557370749 ] ] ] } },
{ "type": "Feature", "properties": { "fid": 3988, "indice": "38", "complement": "", "Consistance": "TN", "num": "T23441", "surface": 10000 }, "geometry": { "type": "Polygon", "coordinates": [ [ [ -6.943743900974484, 33.902740656239885 ], [ -6.943179420912496, 33.902321909407959 ], [ -6.943032448413213, 33.902207373275978 ], [ -6.943003819939059, 33.902178864636426 ], [ -6.943435527610547, 33.901881316174126 ], [ -6.943739685647237, 33.902137319157191 ], [ -6.943808985381787, 33.902080544722672 ], [ -6.944861877465222, 33.902958654193618 ], [ -6.944346714482754, 33.903307745351583 ], [ -6.943743900974484, 33.902740656239885 ] ] ] } },
{ "type": "Feature", "properties": { "fid": 3992, "indice": "R", "complement": "P6", "Consistance": "TN", "num": "T15889", "surface": 2076 }, "geometry": { "type": "Polygon", "coordinates": [ [ [ -6.92899442795247, 33.865440217536154 ], [ -6.928476488349815, 33.865006403007584 ], [ -6.928424250039939, 33.86504853043445 ], [ -6.928420249194278, 33.865436411931832 ], [ -6.928710979118764, 33.86567638173571 ], [ -6.92899442795247, 33.865440217536154 ] ] ] } },
{ "type": "Feature", "properties": { "fid": 3993, "indice": "R", "complement": "P7", "Consistance": "TN", "num": "T15889", "surface": 2104 }, "geometry": { "type": "Polygon", "coordinates": [ [ [ -6.928595929792357, 33.865774294989343 ], [ -6.928305168191937, 33.865532521440443 ], [ -6.927849973517463, 33.865531768992568 ], [ -6.927792440584083, 33.865580274368 ], [ -6.928307168962626, 33.86601593475536 ], [ -6.928595929792357, 33.865774294989343 ] ] ] } },
{ "type": "Feature", "properties": { "fid": 3994, "indice": "R", "complement": "P1", "Consistance": "TN", "num": "T39952", "surface": 13606 }, "geometry": { "type": "Polygon", "coordinates": [ [ [ -6.903376011516053, 33.911656990224387 ], [ -6.90373906377466, 33.911319820279395 ], [ -6.903317026824785, 33.911060628416607 ], [ -6.902943031285997, 33.910827013845363 ], [ -6.902580816786898, 33.910523808936667 ], [ -6.901873021882797, 33.911005812683939 ], [ -6.903036837259088, 33.912061516173033 ], [ -6.903387652784368, 33.911704652080111 ], [ -6.903414332782084, 33.911683587436499 ], [ -6.903376011516053, 33.911656990224387 ] ] ] } },
{ "type": "Feature", "properties": { "fid": 3999, "indice": "R", "complement": "", "Consistance": "TN", "num": "T79253", "surface": 11366 }, "geometry": { "type": "Polygon", "coordinates": [ [ [ -6.829753254690131, 33.829208274431799 ], [ -6.831347375500599, 33.829605826419225 ], [ -6.831189914058025, 33.830283178148264 ], [ -6.829475709167062, 33.829747197264631 ], [ -6.829753254690131, 33.829208274431799 ] ] ] } },
{ "type": "Feature", "properties": { "fid": 4002, "indice": "38", "complement": "", "Consistance": "TN", "num": "T63286", "surface": 2230 }, "geometry": { "type": "Polygon", "coordinates": [ [ [ -6.851700132775567, 33.848494882596377 ], [ -6.851522067724044, 33.848123549777782 ], [ -6.850983720724192, 33.848316497213297 ], [ -6.851226118487021, 33.848656418525088 ], [ -6.851700132775567, 33.848494882596377 ] ] ] } },
{ "type": "Feature", "properties": { "fid": 4003, "indice": "R", "complement": "", "Consistance": "TN", "num": "T10147", "surface": 93912 }, "geometry": { "type": "Polygon", "coordinates": [ [ [ -6.844920279166391, 33.847776998196572 ], [ -6.845865649033827, 33.84703280112975 ], [ -6.847367949161779, 33.845849224380544 ], [ -6.845238978416575, 33.844184528909089 ], [ -6.843123027133914, 33.845321950056899 ], [ -6.843292364382841, 33.845625750555648 ], [ -6.842407140703251, 33.846086028245601 ], [ -6.843500893497671, 33.846858989713546 ], [ -6.844920279166391, 33.847776998196572 ] ] ] } },
{ "type": "Feature", "properties": { "fid": 4020, "indice": "38", "complement": "", "Consistance": "TN", "num": "T63104", "surface": 22771 }, "geometry": { "type": "Polygon", "coordinates": [ [ [ -6.903967574135484, 33.89944599097516 ], [ -6.904386014382177, 33.898311753283238 ], [ -6.903261859049405, 33.897413419463156 ], [ -6.902818012080421, 33.897891358809396 ], [ -6.90237521046602, 33.898367480046964 ], [ -6.901802851733434, 33.897980210616439 ], [ -6.901786989213418, 33.898001145229649 ], [ -6.902357185270466, 33.898388440697296 ], [ -6.902963220977078, 33.898846555001469 ], [ -6.903889957911998, 33.899523587282893 ], [ -6.903967574135484, 33.89944599097516 ] ] ] } },
{ "type": "Feature", "properties": { "fid": 4024, "indice": "38", "complement": "", "Consistance": "TN", "num": "R1871", "surface": 4962 }, "geometry": { "type": "Polygon", "coordinates": [ [ [ -6.943184064743206, 33.894107090788651 ], [ -6.942874929594007, 33.893873695726256 ], [ -6.942634118758583, 33.894077795219943 ], [ -6.942237026068739, 33.893763407445313 ], [ -6.941932453977605, 33.894031426538312 ], [ -6.942668165505798, 33.894595082839203 ], [ -6.943184064743206, 33.894107090788651 ] ] ] } },
{ "type": "Feature", "properties": { "fid": 4027, "indice": "38", "complement": "IC", "Consistance": "TN", "num": "T55573", "surface": 17871 }, "geometry": { "type": "Polygon", "coordinates": [ [ [ -6.838669056677207, 33.838681836926447 ], [ -6.840272637437215, 33.837024563021991 ], [ -6.839645123480164, 33.836528510577217 ], [ -6.838104059420218, 33.838240977521224 ], [ -6.838669056677207, 33.838681836926447 ] ] ] } },
{ "type": "Feature", "properties": { "fid": 4028, "indice": "38", "complement": "IC", "Consistance": "TN", "num": "T55574", "surface": 8941 }, "geometry": { "type": "Polygon", "coordinates": [ [ [ -6.840151383874421, 33.838319332427915 ], [ -6.839548738355848, 33.837889736255356 ], [ -6.838727090473753, 33.838727167781805 ], [ -6.8393085124078, 33.839180462378394 ], [ -6.840151383874421, 33.838319332427915 ] ] ] } },
{ "type": "Feature", "properties": { "fid": 4031, "indice": "38", "complement": "P1", "Consistance": "TN", "num": "R2514", "surface": 237567 }, "geometry": { "type": "Polygon", "coordinates": [ [ [ -6.8243538123695, 33.802506697311856 ], [ -6.82446826851716, 33.802502687081365 ], [ -6.824640553584909, 33.802467351579082 ], [ -6.826853240222347, 33.802074118502411 ], [ -6.826880222781003, 33.801808639427222 ], [ -6.826814054767862, 33.80166057432286 ], [ -6.826831260421812, 33.801259915466026 ], [ -6.826735642633282, 33.800764938611621 ], [ -6.826624694817747, 33.800323351227441 ], [ -6.82643851051331, 33.79977348731888 ], [ -6.826220421288737, 33.799386336884815 ], [ -6.825988301766249, 33.799131931748533 ], [ -6.82563438065832, 33.798828406796083 ], [ -6.825319615784803, 33.798474827425807 ], [ -6.825226921569683, 33.798355926077917 ], [ -6.825119377585854, 33.798121745266123 ], [ -6.823487708890405, 33.797835483476909 ], [ -6.822330502956391, 33.79762678048386 ], [ -6.821435440737342, 33.797990525168181 ], [ -6.820279236428353, 33.797710538360434 ], [ -6.818974532914927, 33.797399757089629 ], [ -6.818419160845688, 33.798058165817089 ], [ -6.819945436566798, 33.799170066398482 ], [ -6.821470641654022, 33.800280156691365 ], [ -6.823952407313698, 33.802074731259268 ], [ -6.823985216149898, 33.802495564313361 ], [ -6.8243538123695, 33.802506697311856 ] ] ] } },
{ "type": "Feature", "properties": { "fid": 4037, "indice": "38", "complement": "", "Consistance": "TN", "num": "T128390", "surface": 34790 }, "geometry": { "type": "Polygon", "coordinates": [ [ [ -6.938220688104839, 33.867729852891038 ], [ -6.938148089635545, 33.867415067776903 ], [ -6.937452132978017, 33.866638939071294 ], [ -6.936381452685219, 33.865520164050281 ], [ -6.936270190999447, 33.865403376893667 ], [ -6.936086679504619, 33.865236066538223 ], [ -6.935579434907099, 33.86473630819853 ], [ -6.934895508964223, 33.864088092540349 ], [ -6.934829206180485, 33.864129493356685 ], [ -6.934681197137301, 33.864258482688435 ], [ -6.934358599168066, 33.864542041104734 ], [ -6.935388099975965, 33.865535067648587 ], [ -6.935972240900247, 33.866103331558598 ], [ -6.936716486383381, 33.866737271070129 ], [ -6.937427771737593, 33.867340945434599 ], [ -6.937907525996056, 33.867874405824807 ], [ -6.938253075488393, 33.868216500427373 ], [ -6.938490378986781, 33.868429144714042 ], [ -6.938606845270322, 33.868534140666213 ], [ -6.9389008058085, 33.868404253255854 ], [ -6.938934061502024, 33.868389413116013 ], [ -6.938220688104839, 33.867729852891038 ] ] ] } },
{ "type": "Feature", "properties": { "fid": 4040, "indice": "38", "complement": "IC", "Consistance": "TN", "num": "T62862", "surface": 5162 }, "geometry": { "type": "Polygon", "coordinates": [ [ [ -6.91688189914212, 33.881324614136297 ], [ -6.916624718967856, 33.88152164716039 ], [ -6.91651139530685, 33.881410279708483 ], [ -6.916483662315123, 33.881432262208087 ], [ -6.915938478688982, 33.88185736513578 ], [ -6.915959274826873, 33.881933777158295 ], [ -6.916336411898332, 33.882228647197458 ], [ -6.917128401360508, 33.88156965574786 ], [ -6.91688189914212, 33.881324614136297 ] ] ] } },
{ "type": "Feature", "properties": { "fid": 4041, "indice": "38", "complement": "", "Consistance": "TN", "num": "R1553", "surface": 21046 }, "geometry": { "type": "Polygon", "coordinates": [ [ [ -6.936161515886289, 33.892939826100921 ], [ -6.935942613925372, 33.892792793318463 ], [ -6.935735622863427, 33.892646515886575 ], [ -6.934745360618995, 33.891934417829574 ], [ -6.934094757994563, 33.892513317665959 ], [ -6.934579591592188, 33.892898809164016 ], [ -6.93603572137294, 33.893901022623957 ], [ -6.936663104503245, 33.893293536391212 ], [ -6.936161515886289, 33.892939826100921 ] ] ] } },
{ "type": "Feature", "properties": { "fid": 4055, "indice": "38", "complement": "", "Consistance": "TN", "num": "T68336", "surface": 18560 }, "geometry": { "type": "Polygon", "coordinates": [ [ [ -6.902908006955586, 33.896213602321104 ], [ -6.901740710385408, 33.895257147835622 ], [ -6.900223818400189, 33.894033395544412 ], [ -6.899128021291173, 33.89320593642973 ], [ -6.898921475188343, 33.893521378643285 ], [ -6.899404937385726, 33.89389890359007 ], [ -6.899601336895699, 33.894061601925934 ], [ -6.899977871655516, 33.894384486880718 ], [ -6.900835962979928, 33.89503620908706 ], [ -6.901635884770577, 33.895638115814101 ], [ -6.902693157255585, 33.896423625197194 ], [ -6.902908006955586, 33.896213602321104 ] ] ] } },
{ "type": "Feature", "properties": { "fid": 4117, "indice": "R", "complement": "P11", "Consistance": "TN", "num": "T12554", "surface": 9036 }, "geometry": { "type": "Polygon", "coordinates": [ [ [ -6.793898040577439, 33.795716625192185 ], [ -6.793074549229205, 33.795765492470949 ], [ -6.793290917970865, 33.797000542075899 ], [ -6.793984640395391, 33.796740263192802 ], [ -6.793898040577439, 33.795716625192185 ] ] ] } },
{ "type": "Feature", "properties": { "fid": 4118, "indice": "R", "complement": "P13", "Consistance": "TN", "num": "T12554", "surface": 9292 }, "geometry": { "type": "Polygon", "coordinates": [ [ [ -6.795510124276649, 33.790608079231994 ], [ -6.794932774584153, 33.790644289155068 ], [ -6.794569491945111, 33.791096608658549 ], [ -6.794711027870653, 33.79123302620058 ], [ -6.794754884543037, 33.791745741434653 ], [ -6.79560316394155, 33.791695683828891 ], [ -6.795510124276649, 33.790608079231994 ] ] ] } },
{ "type": "Feature", "properties": { "fid": 4119, "indice": "R", "complement": "P14", "Consistance": "TN", "num": "T12554", "surface": 4079 }, "geometry": { "type": "Polygon", "coordinates": [ [ [ -6.792375511954662, 33.786838652449447 ], [ -6.791734879970954, 33.786292898145945 ], [ -6.791471548198693, 33.786307555902368 ], [ -6.791528689500502, 33.786977062858931 ], [ -6.792255028014876, 33.78693740464194 ], [ -6.792375511954662, 33.786838652449447 ] ] ] } },
{ "type": "Feature", "properties": { "fid": 4120, "indice": "R", "complement": "P15", "Consistance": "TN", "num": "T12554", "surface": 9592 }, "geometry": { "type": "Polygon", "coordinates": [ [ [ -6.791164282420547, 33.785870828987278 ], [ -6.790914603732422, 33.785658044047096 ], [ -6.790044051478327, 33.785324090761968 ], [ -6.790145253525512, 33.786454000869945 ], [ -6.791208245121582, 33.786391662355634 ], [ -6.791164282420547, 33.785870828987278 ] ] ] } },
{ "type": "Feature", "properties": { "fid": 4121, "indice": "R", "complement": "P16", "Consistance": "TN", "num": "T12554", "surface": 4163 }, "geometry": { "type": "Polygon", "coordinates": [ [ [ -6.790466529490776, 33.783369389781555 ], [ -6.789949660289627, 33.783402198439582 ], [ -6.790001058204659, 33.78398338001309 ], [ -6.790557918398767, 33.783951930055558 ], [ -6.790833037388312, 33.783728794072289 ], [ -6.790466529490776, 33.783369389781555 ] ] ] } },
{ "type": "Feature", "properties": { "fid": 4275, "indice": "38", "complement": "IC", "Consistance": "TN", "num": "R2464", "surface": 10734 }, "geometry": { "type": "Polygon", "coordinates": [ [ [ -6.867488620363135, 33.86708339463955 ], [ -6.866583575725429, 33.866629516623895 ], [ -6.865780574701342, 33.866263727213187 ], [ -6.865064098645871, 33.865706612378084 ], [ -6.864503586513967, 33.865293779802521 ], [ -6.863667826884387, 33.864714603444376 ], [ -6.863059791304949, 33.864368161308271 ], [ -6.862944801393414, 33.864538166932093 ], [ -6.863340755793098, 33.864681451359601 ], [ -6.863648694460788, 33.864862743587103 ], [ -6.864924081561533, 33.865866991702873 ], [ -6.865759384220199, 33.866546279050453 ], [ -6.866185574337759, 33.866686494432813 ], [ -6.86709690583199, 33.867128576497514 ], [ -6.867332877142734, 33.867272822814641 ], [ -6.867488620363135, 33.86708339463955 ] ] ] } },
{ "type": "Feature", "properties": { "fid": 4276, "indice": "38", "complement": "", "Consistance": "TN", "num": "T105098", "surface": 32590 }, "geometry": { "type": "Polygon", "coordinates": [ [ [ -6.837192607161465, 33.844443221335325 ], [ -6.837766145544095, 33.843893665569183 ], [ -6.83791953486995, 33.843625832033524 ], [ -6.838479721410803, 33.843184658081839 ], [ -6.83897927172285, 33.84280280486373 ], [ -6.839069893293968, 33.842726901637405 ], [ -6.839103849335751, 33.84268862971048 ], [ -6.838340414012145, 33.841883870802974 ], [ -6.837629785671976, 33.842508964355709 ], [ -6.837226775808884, 33.842322387510201 ], [ -6.83719066063586, 33.842557304879982 ], [ -6.836880862433674, 33.843630556009948 ], [ -6.836409666622239, 33.844421551654911 ], [ -6.83644906442153, 33.844647483806732 ], [ -6.836575478134402, 33.844644227747651 ], [ -6.836541755746682, 33.845024328126875 ], [ -6.837192607161465, 33.844443221335325 ] ] ] } },
{ "type": "Feature", "properties": { "fid": 4278, "indice": "38", "complement": "", "Consistance": "TN", "num": "T76544", "surface": 3379 }, "geometry": { "type": "Polygon", "coordinates": [ [ [ -6.926494620194627, 33.88688894792125 ], [ -6.925859782201678, 33.887381028167034 ], [ -6.926133484221101, 33.887632935751242 ], [ -6.926564649839346, 33.887367017976068 ], [ -6.926828264687828, 33.887167180530206 ], [ -6.926494620194627, 33.88688894792125 ] ] ] } },
{ "type": "Feature", "properties": { "fid": 4281, "indice": "38", "complement": "", "Consistance": "TN", "num": "T55416", "surface": 17523 }, "geometry": { "type": "Polygon", "coordinates": [ [ [ -6.910231375740934, 33.899083735543428 ], [ -6.908694542270394, 33.898467320680389 ], [ -6.908376387828252, 33.899456056796041 ], [ -6.908311983848957, 33.899609258180739 ], [ -6.909032181890129, 33.900161571076907 ], [ -6.910231375740934, 33.899083735543428 ] ] ] } },
{ "type": "Feature", "properties": { "fid": 4282, "indice": "38", "complement": "LN", "Consistance": "TN", "num": "T58826", "surface": 2013 }, "geometry": { "type": "Polygon", "coordinates": [ [ [ -6.853494459813094, 33.858137324388913 ], [ -6.853439530741256, 33.858149687820472 ], [ -6.853365160890853, 33.858163179071461 ], [ -6.853271365304437, 33.858178699861426 ], [ -6.853174296939943, 33.858192454748988 ], [ -6.853072844817496, 33.8582026527761 ], [ -6.853001612141755, 33.858209793857604 ], [ -6.852917378798128, 33.858215282069601 ], [ -6.852823387427717, 33.858219079718644 ], [ -6.852711006046378, 33.858222188975553 ], [ -6.85260395381762, 33.858220726591064 ], [ -6.852566183276732, 33.858613504364932 ], [ -6.853561146273234, 33.858181645823883 ], [ -6.853540787014596, 33.858127766691652 ], [ -6.853494459813094, 33.858137324388913 ] ] ] } },
{ "type": "Feature", "properties": { "fid": 4292, "indice": "R", "complement": "P11 LN", "Consistance": "TN", "num": "T34624", "surface": 4100 }, "geometry": { "type": "Polygon", "coordinates": [ [ [ -6.766817693943026, 33.800098791208079 ], [ -6.766965493327024, 33.800085449620155 ], [ -6.76712699521125, 33.800050311511669 ], [ -6.767313255932098, 33.800009490718487 ], [ -6.767416470886214, 33.799977695684355 ], [ -6.76755040189517, 33.799906781228856 ], [ -6.767709757035976, 33.799872567784625 ], [ -6.768338169787376, 33.800193994096787 ], [ -6.767324593640883, 33.799630553569742 ], [ -6.76685702880599, 33.799369596782725 ], [ -6.76670548355082, 33.800108135713074 ], [ -6.766817693943026, 33.800098791208079 ] ] ] } },
{ "type": "Feature", "properties": { "fid": 4300, "indice": "38", "complement": "LN", "Consistance": "TN", "num": "T58821", "surface": 3781 }, "geometry": { "type": "Polygon", "coordinates": [ [ [ -6.850764574749276, 33.853717998327973 ], [ -6.851027783389846, 33.853619340126983 ], [ -6.851555612254859, 33.853506787097388 ], [ -6.851881310417111, 33.853849347603365 ], [ -6.851824342480434, 33.853868949483463 ], [ -6.851736301245889, 33.853905146787909 ], [ -6.851646128358673, 33.853943172632476 ], [ -6.851556015536639, 33.853984805434067 ], [ -6.851464912011009, 33.854031861247975 ], [ -6.851390981366774, 33.854071502256573 ], [ -6.851327783774974, 33.854106509014784 ], [ -6.851294638883097, 33.854128539973715 ], [ -6.850764574749276, 33.853717998327973 ] ] ] } },
{ "type": "Feature", "properties": { "fid": 4309, "indice": "03", "complement": "LN", "Consistance": "TN", "num": "T91346", "surface": 22533 }, "geometry": { "type": "Polygon", "coordinates": [ [ [ -6.808786394273073, 33.816332163204791 ], [ -6.808918344803529, 33.816339695456115 ], [ -6.809026599480173, 33.816418747611152 ], [ -6.809148227302296, 33.816522903133539 ], [ -6.809200697803498, 33.816560192960672 ], [ -6.809275812327945, 33.81659452168109 ], [ -6.80945042306907, 33.816634042133856 ], [ -6.809538896248857, 33.816692572351883 ], [ -6.809645122545538, 33.816779764269384 ], [ -6.809814492374302, 33.8168960078794 ], [ -6.81002290212473, 33.81702083027708 ], [ -6.810133436207292, 33.817107071254931 ], [ -6.81020293080379, 33.81719467704 ], [ -6.810334123884595, 33.81728880221047 ], [ -6.81040106348774, 33.817285341176543 ], [ -6.810487610177978, 33.817224836910178 ], [ -6.810603706648553, 33.817187449479015 ], [ -6.810614743654396, 33.817135012645352 ], [ -6.810413143230638, 33.81529553347584 ], [ -6.809205817272529, 33.815540947346321 ], [ -6.808786394273073, 33.816332163204791 ] ] ] } },
{ "type": "Feature", "properties": { "fid": 4314, "indice": "R", "complement": "P1 LN", "Consistance": "TN", "num": "T69396", "surface": 234551 }, "geometry": { "type": "Polygon", "coordinates": [ [ [ -6.798701101405513, 33.782463032917519 ], [ -6.798811915652932, 33.782099210779059 ], [ -6.79869764145301, 33.781911081597855 ], [ -6.798607369455339, 33.781872406463961 ], [ -6.798098616322596, 33.781871786186727 ], [ -6.797930965152609, 33.781857426875675 ], [ -6.797840934367089, 33.781766435710409 ], [ -6.797801733182896, 33.781679385614048 ], [ -6.797796245860757, 33.781471999741811 ], [ -6.797802281249535, 33.781309582192364 ], [ -6.797771329162838, 33.781198087292161 ], [ -6.797633632643849, 33.781030963857908 ], [ -6.797536810132194, 33.780987851500228 ], [ -6.797447402583733, 33.78093563669475 ], [ -6.797369508018104, 33.780793098601954 ], [ -6.797407498348184, 33.780670009259374 ], [ -6.797544523350164, 33.78052596950215 ], [ -6.797534032536882, 33.780410637893169 ], [ -6.797423147700548, 33.780231489045747 ], [ -6.79736662076906, 33.780074280840701 ], [ -6.797407199711208, 33.779910574993792 ], [ -6.797410588951672, 33.779785166732275 ], [ -6.797334083830296, 33.779729199765974 ], [ -6.791291820259017, 33.783305185136079 ], [ -6.794346095081761, 33.786317905780379 ], [ -6.795682149823037, 33.785162934607676 ], [ -6.797469093710427, 33.783634913557897 ], [ -6.798668679805581, 33.782529237767186 ], [ -6.798701101405513, 33.782463032917519 ] ] ] } },
{ "type": "Feature", "properties": { "fid": 4318, "indice": "R", "complement": "P1 LN", "Consistance": "TN", "num": "T49830", "surface": 225290 }, "geometry": { "type": "Polygon", "coordinates": [ [ [ -6.802825384081425, 33.80790746691622 ], [ -6.803025932067947, 33.808284029838717 ], [ -6.803187961630769, 33.808415697786025 ], [ -6.803275153117547, 33.808462521646462 ], [ -6.803495808622788, 33.808611569764103 ], [ -6.803823537941375, 33.808834275820246 ], [ -6.80425577066873, 33.809172156981994 ], [ -6.804333899616889, 33.809192925729434 ], [ -6.804470388454746, 33.809281585961564 ], [ -6.804637383053101, 33.809452881498963 ], [ -6.804673624493368, 33.809556197051236 ], [ -6.804680563372141, 33.809718467824496 ], [ -6.804673591674807, 33.810090144389186 ], [ -6.80465250119713, 33.810256337865383 ], [ -6.804618762911327, 33.810509259430695 ], [ -6.804629532633391, 33.810574077890863 ], [ -6.804738223057685, 33.810747832289259 ], [ -6.804904391894989, 33.810867726289437 ], [ -6.805037042788566, 33.810986192954317 ], [ -6.805137470370338, 33.811183490239991 ], [ -6.805240510040838, 33.811408718121882 ], [ -6.805322777037483, 33.811618846520084 ], [ -6.805412530314056, 33.81189112433421 ], [ -6.805325007074011, 33.812225824999167 ], [ -6.805245056283998, 33.812628085685922 ], [ -6.805267517435869, 33.813015665943631 ], [ -6.805421066048298, 33.813357577496326 ], [ -6.805528099093753, 33.813495272286062 ], [ -6.805743864399427, 33.813675037210558 ], [ -6.806220032244079, 33.813921321750044 ], [ -6.806348388425541, 33.813907250635076 ], [ -6.806501079901141, 33.813928081099569 ], [ -6.806576118274575, 33.813957902607619 ], [ -6.806630673984104, 33.813990660368155 ], [ -6.80664340241222, 33.814042829453626 ], [ -6.80663122221031, 33.814158414381019 ], [ -6.80658202840213, 33.814390765590247 ], [ -6.806603865643329, 33.814471694141275 ], [ -6.80666558827479, 33.814546762247105 ], [ -6.806665687649629, 33.814619817970829 ], [ -6.80664569478724, 33.81478690116019 ], [ -6.806625413173546, 33.814869205580891 ], [ -6.806587998228012, 33.815161853914844 ], [ -6.806594690903854, 33.815375537466508 ], [ -6.806634406024929, 33.815626730734017 ], [ -6.80670602241725, 33.81584599722899 ], [ -6.806795483440363, 33.815965849901559 ], [ -6.806933964201439, 33.816243891524444 ], [ -6.806907312079244, 33.816466969640366 ], [ -6.807027417710462, 33.816610829502999 ], [ -6.807149280938249, 33.816595928766908 ], [ -6.807249141197157, 33.816623666591468 ], [ -6.80729549510054, 33.816616831210609 ], [ -6.807349222150091, 33.816598187639059 ], [ -6.807477569475096, 33.816516470329965 ], [ -6.807531442160979, 33.816506844397388 ], [ -6.807605067526942, 33.816515936677177 ], [ -6.80769732153153, 33.816541053985091 ], [ -6.807838937295918, 33.816544870794203 ], [ -6.80796961818032, 33.816540693181082 ], [ -6.808067683883183, 33.816524255706646 ], [ -6.808281598175194, 33.81645510275284 ], [ -6.808426660316953, 33.81640476390956 ], [ -6.808540829192435, 33.816381831076249 ], [ -6.808639727027125, 33.816350050860045 ], [ -6.80873655157498, 33.816323705545322 ], [ -6.808786394273073, 33.816332163204791 ], [ -6.809205817272529, 33.815540947346321 ], [ -6.808429194315797, 33.815158259554131 ], [ -6.807927750646658, 33.813950803742138 ], [ -6.807995163623343, 33.813575740708274 ], [ -6.807937552477417, 33.81188345386262 ], [ -6.807125067025829, 33.808944168735692 ], [ -6.806891261302782, 33.808115213649181 ], [ -6.802785814171369, 33.807664387799022 ], [ -6.802825384081425, 33.80790746691622 ] ] ] } },
{ "type": "Feature", "properties": { "fid": 4402, "indice": "38", "complement": "", "Consistance": "TN", "num": "T123731", "surface": 2555 }, "geometry": { "type": "Polygon", "coordinates": [ [ [ -6.854674652938263, 33.848735406500147 ], [ -6.854004782966045, 33.849143654651499 ], [ -6.85418417129007, 33.849334582206957 ], [ -6.854975565390497, 33.848888842003035 ], [ -6.854792301084887, 33.848660079487033 ], [ -6.854674652938263, 33.848735406500147 ] ] ] } },
{ "type": "Feature", "properties": { "fid": 4403, "indice": "38", "complement": "", "Consistance": "TN", "num": "T54224", "surface": 9990 }, "geometry": { "type": "Polygon", "coordinates": [ [ [ -6.83521031360749, 33.813237371394472 ], [ -6.834928243022821, 33.812971831528067 ], [ -6.832954927717907, 33.814465531791143 ], [ -6.833136735859972, 33.814810694217925 ], [ -6.83521031360749, 33.813237371394472 ] ] ] } },
{ "type": "Feature", "properties": { "fid": 4404, "indice": "38", "complement": "", "Consistance": "TN", "num": "T54225", "surface": 10049 }, "geometry": { "type": "Polygon", "coordinates": [ [ [ -6.834878885780278, 33.812927301098405 ], [ -6.834552921305567, 33.812620774981838 ], [ -6.833764795425368, 33.813251253940713 ], [ -6.832745237408899, 33.814067474225254 ], [ -6.832924794193878, 33.814407251152133 ], [ -6.834878885780278, 33.812927301098405 ] ] ] } },
{ "type": "Feature", "properties": { "fid": 4407, "indice": "38", "complement": "", "Consistance": "TN", "num": "R2521", "surface": 34613 }, "geometry": { "type": "Polygon", "coordinates": [ [ [ -6.938939938390025, 33.893426997828534 ], [ -6.93751448006301, 33.892631884491912 ], [ -6.93727897300234, 33.89289182807719 ], [ -6.936130794090977, 33.892118545989206 ], [ -6.935231220057252, 33.891519883223204 ], [ -6.934745360618995, 33.891934417829574 ], [ -6.935735622863427, 33.892646515886575 ], [ -6.935942613925372, 33.892792793318463 ], [ -6.936161515886289, 33.892939826100921 ], [ -6.936663104503245, 33.893293536391212 ], [ -6.937323048029539, 33.893733688120555 ], [ -6.938140588324045, 33.894278326692252 ], [ -6.938939938390025, 33.893426997828534 ] ] ] } },
{ "type": "Feature", "properties": { "fid": 4410, "indice": "38", "complement": "BC", "Consistance": "TN", "num": "R2537", "surface": 9860 }, "geometry": { "type": "Polygon", "coordinates": [ [ [ -6.928771494913363, 33.891405967172112 ], [ -6.927935430232727, 33.890725302927954 ], [ -6.927689599884802, 33.890521763190975 ], [ -6.927510737400494, 33.890621355297156 ], [ -6.927373632598632, 33.890696987241583 ], [ -6.927398401931995, 33.890752604424492 ], [ -6.927121264165079, 33.890921942204734 ], [ -6.927075249275648, 33.890888230561991 ], [ -6.925629241619088, 33.88989931917763 ], [ -6.925623006999936, 33.889913826056862 ], [ -6.927064626429136, 33.890899183356481 ], [ -6.927442620515704, 33.89117687285551 ], [ -6.928046322120645, 33.891620465442038 ], [ -6.928357988136009, 33.891815984831659 ], [ -6.928771494913363, 33.891405967172112 ] ] ] } },
{ "type": "Feature", "properties": { "fid": 4418, "indice": "03", "complement": "", "Consistance": "TN", "num": "T109016", "surface": 28106 }, "geometry": { "type": "Polygon", "coordinates": [ [ [ -6.853992326612571, 33.867426805475226 ], [ -6.854118573955898, 33.866829164436204 ], [ -6.853238509373458, 33.866053814361528 ], [ -6.852497972840165, 33.865475261771223 ], [ -6.851976980128883, 33.865159322914955 ], [ -6.850518861239084, 33.864144436713588 ], [ -6.850124735227197, 33.864304138201611 ], [ -6.850032373929541, 33.864341286063443 ], [ -6.851503523939606, 33.865424573051975 ], [ -6.85202668058113, 33.865805427451292 ], [ -6.853944310115081, 33.867659158705564 ], [ -6.853992326612571, 33.867426805475226 ] ] ] } },
{ "type": "Feature", "properties": { "fid": 4435, "indice": "R", "complement": "LNVECT", "Consistance": "TN", "num": "T79031", "surface": 15905 }, "geometry": { "type": "Polygon", "coordinates": [ [ [ -6.831720354856185, 33.835200762913693 ], [ -6.831656291780653, 33.835314238119253 ], [ -6.831586219371522, 33.835456643953044 ], [ -6.831572440122963, 33.835538877639586 ], [ -6.831549009557497, 33.835625731487973 ], [ -6.83155405842499, 33.835669868407393 ], [ -6.831554962793088, 33.835724875974989 ], [ -6.8315440398198, 33.835783626687267 ], [ -6.831533620899274, 33.835873037351718 ], [ -6.831536169233612, 33.835962299550637 ], [ -6.831539857483093, 33.836055156428195 ], [ -6.831520823307698, 33.836146469585344 ], [ -6.831513171737321, 33.836206986698102 ], [ -6.831499080971119, 33.836270283328588 ], [ -6.83146542058781, 33.836326588534909 ], [ -6.83144219566034, 33.836360225940304 ], [ -6.831425409911812, 33.836391083825895 ], [ -6.830814398211424, 33.835975070710255 ], [ -6.830045860416835, 33.835443605077792 ], [ -6.831095136724095, 33.834643310220955 ], [ -6.831617070285643, 33.834966540942276 ], [ -6.831809936864749, 33.835061741311897 ], [ -6.831720354856185, 33.835200762913693 ] ] ] } },
{ "type": "Feature", "properties": { "fid": 4436, "indice": "R", "complement": "LNVECT", "Consistance": "TN", "num": "T79032", "surface": 13777 }, "geometry": { "type": "Polygon", "coordinates": [ [ [ -6.831317005047335, 33.837554916115025 ], [ -6.831340673544088, 33.837482490571006 ], [ -6.831355311584401, 33.837386718147584 ], [ -6.83137880211363, 33.837303471436911 ], [ -6.831405371395263, 33.837210268214562 ], [ -6.831437239950373, 33.837110690787696 ], [ -6.831464268685505, 33.837045442200875 ], [ -6.831484074026662, 33.837001020756894 ], [ -6.831515128656225, 33.836917687409894 ], [ -6.831527206536898, 33.836863433165213 ], [ -6.831484143291781, 33.836808006347965 ], [ -6.831422487258697, 33.836739263375016 ], [ -6.83141316040729, 33.8366978812384 ], [ -6.831392805051935, 33.836643096360419 ], [ -6.831391322634217, 33.836552920044483 ], [ -6.831404998444301, 33.836464374062587 ], [ -6.831425409911812, 33.836391083825895 ], [ -6.830814398211424, 33.835975070710255 ], [ -6.830013008788519, 33.836799585860241 ], [ -6.831298059250627, 33.837651639771011 ], [ -6.831317005047335, 33.837554916115025 ] ] ] } },
{ "type": "Feature", "properties": { "fid": 4437, "indice": "R", "complement": "LNVECT", "Consistance": "TN", "num": "T79046", "surface": 25994 }, "geometry": { "type": "Polygon", "coordinates": [ [ [ -6.829770815746781, 33.845482542720134 ], [ -6.829811468626633, 33.845456823861909 ], [ -6.829855496942666, 33.84543918376508 ], [ -6.829908008119376, 33.845411525422442 ], [ -6.829953931246242, 33.845377628881458 ], [ -6.830006146128369, 33.845331935281806 ], [ -6.830061573498798, 33.845284401060873 ], [ -6.83011153795086, 33.845233321569317 ], [ -6.830150754385619, 33.845185972699383 ], [ -6.830199800954559, 33.845144824899606 ], [ -6.830273674408761, 33.845101589259137 ], [ -6.830342218266225, 33.845062924186266 ], [ -6.830422605524894, 33.845021417808887 ], [ -6.830498269791969, 33.844955613289137 ], [ -6.830570588073261, 33.844883533486986 ], [ -6.830637769372945, 33.844827747156927 ], [ -6.830689716837157, 33.844765821568309 ], [ -6.83075793422776, 33.844707317524424 ], [ -6.830842628997963, 33.844664859650756 ], [ -6.830963061350262, 33.844626502420674 ], [ -6.831090126101357, 33.844597088474792 ], [ -6.831170734921949, 33.844569108023066 ], [ -6.83125532558767, 33.844520337541965 ], [ -6.831314156967269, 33.844482685014313 ], [ -6.831317012166648, 33.844393361208652 ], [ -6.831322946417434, 33.844294080920257 ], [ -6.831356638099733, 33.844173738501937 ], [ -6.83138772506064, 33.84409220890312 ], [ -6.83141590926666, 33.843965615986654 ], [ -6.831469807896425, 33.84382519973493 ], [ -6.831511922414491, 33.843691231869727 ], [ -6.831576627724825, 33.843550691842367 ], [ -6.831617320210519, 33.843395995795653 ], [ -6.831636000001629, 33.843283040571144 ], [ -6.831606743613719, 33.843147183946236 ], [ -6.831554733438762, 33.843007980078042 ], [ -6.83146605402948, 33.842873705616597 ], [ -6.829085444925914, 33.845083606664545 ], [ -6.829646843587889, 33.845568741532524 ], [ -6.829770815746781, 33.845482542720134 ] ] ] } },
{ "type": "Feature", "properties": { "fid": 4441, "indice": "03", "complement": "LNVECT", "Consistance": "TN", "num": "T100855", "surface": 106394 }, "geometry": { "type": "Polygon", "coordinates": [ [ [ -6.821516091910997, 33.900648837186054 ], [ -6.821454445506753, 33.900715377087785 ], [ -6.821387465601265, 33.900786487102174 ], [ -6.821286366448433, 33.900887747724951 ], [ -6.821195801354697, 33.900971752286296 ], [ -6.82109556225364, 33.901059474292225 ], [ -6.820999171027553, 33.901184130915553 ], [ -6.820902956242874, 33.901319608398019 ], [ -6.820838845101607, 33.90143397729787 ], [ -6.820776292903603, 33.90151135006473 ], [ -6.820722825516056, 33.901548935522506 ], [ -6.820648796323413, 33.901585852486562 ], [ -6.82041397357779, 33.901645338688255 ], [ -6.820105474193773, 33.901763382964916 ], [ -6.819883267366296, 33.901866918661682 ], [ -6.819771593610991, 33.901916889006024 ], [ -6.819716565970571, 33.901991470106061 ], [ -6.819642977380408, 33.902055438813569 ], [ -6.822621480346728, 33.904550572630932 ], [ -6.825095097256722, 33.902825028766955 ], [ -6.824573153610128, 33.902458482111811 ], [ -6.821608038296125, 33.900517015324382 ], [ -6.821516091910997, 33.900648837186054 ] ] ] } },
{ "type": "Feature", "properties": { "fid": 4460, "indice": "R", "complement": "LN-SOLD", "Consistance": "TN", "num": "T65885", "surface": 9343 }, "geometry": { "type": "Polygon", "coordinates": [ [ [ -6.914918698432669, 33.918134277079751 ], [ -6.914913681006305, 33.918094653405532 ], [ -6.914922975827267, 33.918069287185844 ], [ -6.91494065658402, 33.918028486846787 ], [ -6.914976693337403, 33.917985660475424 ], [ -6.915008403605305, 33.917942886464601 ], [ -6.915059441509976, 33.917891761212452 ], [ -6.915117157492094, 33.917851378115479 ], [ -6.915192053541005, 33.917803571654851 ], [ -6.915246823008727, 33.91778036061811 ], [ -6.91529939781149, 33.917755372291374 ], [ -6.91534542009243, 33.917726855603973 ], [ -6.915426648473379, 33.917669953142799 ], [ -6.915518598571484, 33.917607509285546 ], [ -6.916116836770991, 33.917234084754966 ], [ -6.916570610348165, 33.916951697872328 ], [ -6.915522550797415, 33.916840830552395 ], [ -6.914504513440686, 33.917957102280305 ], [ -6.914918698432669, 33.918134277079751 ] ] ] } },
{ "type": "Feature", "properties": { "fid": 4462, "indice": "R", "complement": "P1 LN", "Consistance": "TN", "num": "T36247", "surface": 53708 }, "geometry": { "type": "Polygon", "coordinates": [ [ [ -6.825781000716244, 33.807126403356818 ], [ -6.825778353102424, 33.807096669514721 ], [ -6.825786020860216, 33.807037053962183 ], [ -6.825808782551061, 33.806975462349008 ], [ -6.825863257804138, 33.806871117742944 ], [ -6.82593673445683, 33.806739498113608 ], [ -6.825966437627258, 33.806639945758128 ], [ -6.82599081586639, 33.806479122161029 ], [ -6.82597608395286, 33.806305215632285 ], [ -6.825938371868561, 33.806113532439291 ], [ -6.82589475426364, 33.805957092296147 ], [ -6.825835644517793, 33.805778280332468 ], [ -6.825766131247741, 33.805623939417032 ], [ -6.827493994891815, 33.805705235207476 ], [ -6.828573071553902, 33.805754238661599 ], [ -6.828808739635502, 33.805762368188716 ], [ -6.828562785212254, 33.807630393819373 ], [ -6.828521466205264, 33.807943839519893 ], [ -6.825802027339887, 33.807156829490332 ], [ -6.825781000716244, 33.807126403356818 ] ] ] } },
{ "type": "Feature", "properties": { "fid": 4464, "indice": "R", "complement": "LNVECT", "Consistance": "TN", "num": "T20670", "surface": 195730 }, "geometry": { "type": "Polygon", "coordinates": [ [ [ -6.808367043085924, 33.855817984632417 ], [ -6.80841214849235, 33.855732695787296 ], [ -6.808469595492975, 33.855675227593927 ], [ -6.808548980486411, 33.855637354636805 ], [ -6.808645803921157, 33.855675046877892 ], [ -6.808605506985803, 33.855589817914989 ], [ -6.808570920801127, 33.855523465035439 ], [ -6.808536963210868, 33.85542914540315 ], [ -6.808503166187158, 33.855344745122188 ], [ -6.808445415472014, 33.855249791497592 ], [ -6.808365756149713, 33.855137046068961 ], [ -6.808308560074046, 33.855076359270448 ], [ -6.808263004039969, 33.855066951082861 ], [ -6.808212583509413, 33.855090968865881 ], [ -6.808160848716654, 33.855100570631379 ], [ -6.80806989710809, 33.855091673497036 ], [ -6.80800783668502, 33.855064412541836 ], [ -6.807927606090973, 33.855049983055842 ], [ -6.807837033725467, 33.855064531524221 ], [ -6.80774028247662, 33.855098089894064 ], [ -6.807655436878719, 33.855065673688649 ], [ -6.807576068479292, 33.855037705404214 ], [ -6.807502733232345, 33.85498170950806 ], [ -6.807433940147145, 33.854939191322302 ], [ -6.807377196785512, 33.854906458671671 ], [ -6.807308651644009, 33.85487927034589 ], [ -6.807171767749682, 33.854770775781773 ], [ -6.807057596451753, 33.854662927461042 ], [ -6.806938635708419, 33.854526271325781 ], [ -6.806836193946597, 33.854408369673514 ], [ -6.806710982020465, 33.854286214433479 ], [ -6.806693997179283, 33.854238603466712 ], [ -6.806682125112874, 33.854172896494454 ], [ -6.80664870921723, 33.854111941460765 ], [ -6.806585700234617, 33.854092807795944 ], [ -6.80652987831228, 33.854050143225479 ], [ -6.806484468698894, 33.854049751996229 ], [ -6.806456163040928, 33.854037443378267 ], [ -6.80642335923252, 33.854014362241671 ], [ -6.806395537131606, 33.853965069255644 ], [ -6.806359243214231, 33.853926694628655 ], [ -6.806314462910581, 33.853898336592778 ], [ -6.806256727216685, 33.853871026142507 ], [ -6.806171723142501, 33.853828689546191 ], [ -6.806101032128484, 33.853802426615189 ], [ -6.806034504272477, 33.853766195666651 ], [ -6.805979017798378, 33.853744271350543 ], [ -6.80593017653144, 33.853732193478706 ], [ -6.805873958781409, 33.853731923532607 ], [ -6.80582754131789, 33.85373605302032 ], [ -6.80579394819816, 33.85373101908818 ], [ -6.805774260260951, 33.853716809597181 ], [ -6.80577576664291, 33.85367620604837 ], [ -6.805785875972637, 33.853632800021586 ], [ -6.805760696543847, 33.853613240707482 ], [ -6.805727616416298, 33.853573025923197 ], [ -6.805671795247764, 33.853530360962452 ], [ -6.805598637213877, 33.853485185056435 ], [ -6.805554002979179, 33.853465844356279 ], [ -6.805512451096649, 33.853436547825844 ], [ -6.805459024708473, 33.853408286654165 ], [ -6.80539784332033, 33.853368387584808 ], [ -6.805344562583393, 33.853349143976295 ], [ -6.80531536572862, 33.853348570139374 ], [ -6.805301562457882, 33.853364057968143 ], [ -6.805283610556469, 33.853390415510425 ], [ -6.805231072189858, 33.853417161678394 ], [ -6.805201889868777, 33.853417489576216 ], [ -6.805102748681498, 33.853369899553719 ], [ -6.805025529745852, 33.853341003587069 ], [ -6.804951538784636, 33.853311169385002 ], [ -6.804903676859989, 33.853292766639129 ], [ -6.80484712469954, 33.853271755720506 ], [ -6.804851069644806, 33.853248261360427 ], [ -6.804898164180527, 33.853152128291363 ], [ -6.804876183902855, 33.85312982708701 ], [ -6.804831520907113, 33.853108682603946 ], [ -6.804716051533343, 33.853054060293204 ], [ -6.804681610723723, 33.853063466384128 ], [ -6.80465504121493, 33.853091724479313 ], [ -6.804635029376639, 33.853124418539835 ], [ -6.804618511486392, 33.8531056636389 ], [ -6.804600170757714, 33.853040931040987 ], [ -6.80457331442829, 33.852984411403042 ], [ -6.804538054687821, 33.853010061299884 ], [ -6.804479515734691, 33.852999895627782 ], [ -6.804453357796571, 33.852986660514745 ], [ -6.804451302265193, 33.852926254632393 ], [ -6.804430112025941, 33.852885905979996 ], [ -6.804377243450579, 33.852825168788407 ], [ -6.804344295182427, 33.85279306948182 ], [ -6.804347745650484, 33.852738915240629 ], [ -6.804360119047466, 33.852701797373022 ], [ -6.804316275378068, 33.8526644088574 ], [ -6.804261579938395, 33.85262443640277 ], [ -6.804238708233651, 33.852613870119718 ], [ -6.804221095163549, 33.852594225537452 ], [ -6.804220862436241, 33.852579797351353 ], [ -6.804244160390053, 33.852549772228315 ], [ -6.804254735817949, 33.852535222681944 ], [ -6.80425450308522, 33.852520794495611 ], [ -6.804261942303675, 33.852445851189351 ], [ -6.804342901584372, 33.852438628622473 ], [ -6.80436361596948, 33.85238247666085 ], [ -6.804347127371917, 33.852365525242874 ], [ -6.804328680805111, 33.852361222759647 ], [ -6.804308043520148, 33.852355141023367 ], [ -6.804277460725861, 33.852335642084945 ], [ -6.804245302579541, 33.852285495376648 ], [ -6.804206892321258, 33.852249849661028 ], [ -6.804175272409269, 33.852233068117748 ], [ -6.804147932123336, 33.852213532740677 ], [ -6.804129281976361, 33.852196605563265 ], [ -6.80418967093398, 33.852053423359102 ], [ -6.804197924694821, 33.852028978706329 ], [ -6.804192317015815, 33.852016414718861 ], [ -6.804144688676546, 33.852012439863678 ], [ -6.804128403813283, 33.85200811308016 ], [ -6.804122796145654, 33.85199554908948 ], [ -6.804124695965573, 33.851979293106858 ], [ -6.80420791825813, 33.851978358689074 ], [ -6.804239072626444, 33.851966283847595 ], [ -6.804264808396937, 33.851953367917346 ], [ -6.804275194652097, 33.851927095462734 ], [ -6.804263412001022, 33.851866798781977 ], [ -6.804226169999505, 33.851836551502302 ], [ -6.804135251291997, 33.851829455020926 ], [ -6.804109050125363, 33.851813514545221 ], [ -6.804090327351778, 33.851792078550396 ], [ -6.804129798123859, 33.851692423619198 ], [ -6.804132676930359, 33.851669843166462 ], [ -6.804061707380303, 33.851693188104491 ], [ -6.804048664997111, 33.851688824906951 ], [ -6.804039378643065, 33.851649244456226 ], [ -6.804009775159829, 33.851623420980026 ], [ -6.80396201616037, 33.851611330197215 ], [ -6.803945615041682, 33.851599789293758 ], [ -6.803945367820242, 33.851584459340479 ], [ -6.803931636778064, 33.851403326514117 ], [ -6.803922423218475, 33.851368254861171 ], [ -6.803860764098114, 33.851298596865703 ], [ -6.803838929966935, 33.851285313086102 ], [ -6.803719881977239, 33.851276728218402 ], [ -6.803703728131627, 33.851280517237271 ], [ -6.803685441763114, 33.851286134040507 ], [ -6.803656042059706, 33.851272935146689 ], [ -6.803628629496294, 33.851248890839457 ], [ -6.803604241264534, 33.851211283703151 ], [ -6.803590675583322, 33.851174457020946 ], [ -6.803592023013914, 33.851123934080974 ], [ -6.803614506615098, 33.8510434103802 ], [ -6.803621621488563, 33.851015370839242 ], [ -6.803611530842503, 33.850992935959916 ], [ -6.803539703954334, 33.850963076638585 ], [ -6.802467062856822, 33.851749864063819 ], [ -6.80193703838433, 33.852131909528573 ], [ -6.801095928616357, 33.853469870468281 ], [ -6.802631157879592, 33.85515820029714 ], [ -6.803959041337039, 33.856990440787825 ], [ -6.806165994116935, 33.855883337983954 ], [ -6.807727577019326, 33.855582566387547 ], [ -6.808324201424972, 33.855909561437585 ], [ -6.808367043085924, 33.855817984632417 ] ] ] } },
{ "type": "Feature", "properties": { "fid": 4466, "indice": "38", "complement": "LN.VECT", "Consistance": "TN", "num": "T108243", "surface": 98656 }, "geometry": { "type": "Polygon", "coordinates": [ [ [ -6.829356098736249, 33.84570194308445 ], [ -6.829236034273491, 33.845762842771521 ], [ -6.829057536048864, 33.845885741358288 ], [ -6.828990530531029, 33.845952347948447 ], [ -6.828927803436063, 33.846016199822031 ], [ -6.828898564150457, 33.846078767085842 ], [ -6.828865431079806, 33.846167534795605 ], [ -6.828854845370591, 33.8462470255675 ], [ -6.828778437949422, 33.846399422778852 ], [ -6.828650569679444, 33.846511821025921 ], [ -6.82856810750324, 33.846558761499715 ], [ -6.828508503510738, 33.846615362027258 ], [ -6.828405210500314, 33.846710342612361 ], [ -6.828191176947485, 33.846907604002631 ], [ -6.828065143248446, 33.847000138215947 ], [ -6.828037842633489, 33.847049154167443 ], [ -6.827999675373838, 33.847094686483622 ], [ -6.827947665445634, 33.847153003865607 ], [ -6.827887676111207, 33.847186158314486 ], [ -6.827819914459162, 33.847206774466116 ], [ -6.827646254383687, 33.847229501532695 ], [ -6.827562207503947, 33.847245793814416 ], [ -6.827522500798459, 33.847263383744846 ], [ -6.82742487726352, 33.847308692651531 ], [ -6.827258573578165, 33.847384549028376 ], [ -6.827138209688751, 33.847427411458469 ], [ -6.827068271391179, 33.84744715010838 ], [ -6.82691674475907, 33.847435350262039 ], [ -6.826856355803318, 33.8474441566797 ], [ -6.826775506483163, 33.847457706155801 ], [ -6.826711149159333, 33.847488204078225 ], [ -6.82661746170147, 33.84757585810388 ], [ -6.826573771500151, 33.847614237539673 ], [ -6.826524411538037, 33.847636446913761 ], [ -6.826457537890677, 33.847645327109284 ], [ -6.826383010319258, 33.847648882997426 ], [ -6.826308527061963, 33.847655144122697 ], [ -6.826195240116332, 33.847668161258007 ], [ -6.826129506249774, 33.847680635994408 ], [ -6.826033895322677, 33.847716901553703 ], [ -6.825920280741563, 33.847775920550113 ], [ -6.825815400652536, 33.847840251426263 ], [ -6.825715820814369, 33.847898208282018 ], [ -6.825616048881963, 33.847944442170792 ], [ -6.825555629910257, 33.847951444437911 ], [ -6.825430840979575, 33.847922201336431 ], [ -6.825346084369487, 33.847895207619324 ], [ -6.825300648356166, 33.847893019700059 ], [ -6.82526616752451, 33.847899726193766 ], [ -6.825218510951457, 33.847893955837726 ], [ -6.825168663350907, 33.847886406575959 ], [ -6.825101745090477, 33.847892580764046 ], [ -6.825028298007468, 33.847896123528365 ], [ -6.824960549885363, 33.847917639886418 ], [ -6.824887693124753, 33.847957252991456 ], [ -6.824776430815639, 33.848027969202583 ], [ -6.824651221766521, 33.848105157698292 ], [ -6.824541663183266, 33.848147894495263 ], [ -6.824441359191665, 33.8481616640628 ], [ -6.824347451202984, 33.848169949128177 ], [ -6.824263535569036, 33.848194355033151 ], [ -6.824243679741143, 33.848236069889282 ], [ -6.824218744634015, 33.848297685017371 ], [ -6.824204749869748, 33.848367292899809 ], [ -6.824212890520144, 33.848402375401257 ], [ -6.824240543905546, 33.848440843387152 ], [ -6.824297569694458, 33.848490701905725 ], [ -6.824350346261097, 33.848545118438878 ], [ -6.824398785083079, 33.848598682429049 ], [ -6.824438976209407, 33.848676692415502 ], [ -6.824458426289334, 33.848742311645907 ], [ -6.824468149497482, 33.848808041669059 ], [ -6.82446063945649, 33.848877575703796 ], [ -6.824453929838173, 33.848929963979167 ], [ -6.824425767127992, 33.848992517826687 ], [ -6.824357243286845, 33.8490988239407 ], [ -6.824324727861566, 33.849159623480517 ], [ -6.824316848849671, 33.849206613491567 ], [ -6.824328349965572, 33.84924887312966 ], [ -6.82435068832747, 33.849292813189685 ], [ -6.824389607157683, 33.849359112600936 ], [ -6.824414475979177, 33.849425572033169 ], [ -6.824426360780984, 33.849491277424249 ], [ -6.824429820705989, 33.849570607698936 ], [ -6.824411709354608, 33.849652889459051 ], [ -6.824392148343028, 33.849712639521364 ], [ -6.824358149819069, 33.849814944642496 ], [ -6.824354014725665, 33.849892557559066 ], [ -6.824420809099506, 33.850010851283216 ], [ -6.824565294466082, 33.849988461132931 ], [ -6.824643807839147, 33.849964116601363 ], [ -6.824707013150621, 33.849929123280411 ], [ -6.824755858356575, 33.849875353039302 ], [ -6.82481512757957, 33.849798013879884 ], [ -6.824874009587252, 33.849763069727516 ], [ -6.824947236856617, 33.84974600065533 ], [ -6.825008398414222, 33.849718245889768 ], [ -6.8250737649558, 33.849683227749779 ], [ -6.825132764874542, 33.849655497554792 ], [ -6.825210403684869, 33.849643789622178 ], [ -6.825296792032339, 33.849638295418622 ], [ -6.825361431955521, 33.849624931686421 ], [ -6.825499077412364, 33.849580972123945 ], [ -6.825697068958806, 33.849525501306601 ], [ -6.825776529459291, 33.849493027898497 ], [ -6.825860342537409, 33.849462308668521 ], [ -6.825920348981867, 33.849430056976971 ], [ -6.826120193693605, 33.849289783071526 ], [ -6.826181251150312, 33.849255715407814 ], [ -6.826304801258595, 33.849209209904458 ], [ -6.826394195027265, 33.849189249801306 ], [ -6.82649214626949, 33.849163780448151 ], [ -6.826579245419118, 33.849135729028397 ], [ -6.826636112501023, 33.849109826297301 ], [ -6.826695022867707, 33.849076684799726 ], [ -6.826806018940642, 33.848989735225025 ], [ -6.826950252543245, 33.848886171574073 ], [ -6.827063749623663, 33.84881993758286 ], [ -6.827136694809186, 33.848785733781774 ], [ -6.827207759281134, 33.848768688048096 ], [ -6.827287735957948, 33.848767775274453 ], [ -6.827355824208507, 33.848766998143134 ], [ -6.827421603074949, 33.848757228046765 ], [ -6.827505370506382, 33.84872380242669 ], [ -6.827650149972667, 33.84865360308239 ], [ -6.8277712559287, 33.848589987356213 ], [ -6.8278698727448, 33.848539255297624 ], [ -6.827997034014336, 33.848449414266788 ], [ -6.828372875738179, 33.848165523943464 ], [ -6.828508918740079, 33.848090011786987 ], [ -6.828652674777869, 33.848023430653697 ], [ -6.828735330677462, 33.84798821302838 ], [ -6.82892555884576, 33.847921100622052 ], [ -6.82912013934307, 33.847855742041389 ], [ -6.829254449020276, 33.847806404812118 ], [ -6.82997680520868, 33.847560037417104 ], [ -6.830217737835, 33.84748693162144 ], [ -6.830391974769483, 33.847433528780968 ], [ -6.830552443292503, 33.847397419862688 ], [ -6.830635646101688, 33.847395566097454 ], [ -6.830701616209137, 33.847397517152459 ], [ -6.830744757229017, 33.847391611999257 ], [ -6.830785366253429, 33.847363187560354 ], [ -6.830823665554983, 33.847325770238648 ], [ -6.830087447487645, 33.846530572387699 ], [ -6.829509576723475, 33.845635249736411 ], [ -6.829356098736249, 33.84570194308445 ] ] ] } },
{ "type": "Feature", "properties": { "fid": 4496, "indice": "38", "complement": "-solde", "Consistance": "TN", "num": "T54225", "surface": 2508 }, "geometry": { "type": "Polygon", "coordinates": [ [ [ -6.834552921305567, 33.812620774981838 ], [ -6.834114598160027, 33.81297124760097 ], [ -6.834431726735672, 33.813266150998778 ], [ -6.834878885780278, 33.812927301098405 ], [ -6.834552921305567, 33.812620774981838 ] ] ] } },
{ "type": "Feature", "properties": { "fid": 4497, "indice": "38", "complement": "", "Consistance": "TN", "num": "T70688", "surface": 2513 }, "geometry": { "type": "Polygon", "coordinates": [ [ [ -6.833849757253416, 33.813555135079227 ], [ -6.833889239468395, 33.813524918174735 ], [ -6.833672009561753, 33.813325375284506 ], [ -6.833187833546077, 33.813713349906521 ], [ -6.833484034611254, 33.813984143200273 ], [ -6.833940820064291, 33.813638872846113 ], [ -6.833849757253416, 33.813555135079227 ] ] ] } },
{ "type": "Feature", "properties": { "fid": 4498, "indice": "38", "complement": "", "Consistance": "TN", "num": "T70687", "surface": 2523 }, "geometry": { "type": "Polygon", "coordinates": [ [ [ -6.833187833546077, 33.813713349906521 ], [ -6.832745237408899, 33.814067474225254 ], [ -6.832924794193878, 33.814407251152133 ], [ -6.833484034611254, 33.813984143200273 ], [ -6.833187833546077, 33.813713349906521 ] ] ] } },
{ "type": "Feature", "properties": { "fid": 4499, "indice": "38", "complement": "", "Consistance": "TN", "num": "T70689", "surface": 2504 }, "geometry": { "type": "Polygon", "coordinates": [ [ [ -6.834114598160027, 33.81297124760097 ], [ -6.833764795425368, 33.813251253940713 ], [ -6.833672009561753, 33.813325375284506 ], [ -6.833889239468395, 33.813524918174735 ], [ -6.833849757253416, 33.813555135079227 ], [ -6.833940820064291, 33.813638872846113 ], [ -6.834431726735672, 33.813266150998778 ], [ -6.834114598160027, 33.81297124760097 ] ] ] } },
{ "type": "Feature", "properties": { "fid": 4507, "indice": "38", "complement": "", "Consistance": "TN", "num": "T67141", "surface": 19936 }, "geometry": { "type": "Polygon", "coordinates": [ [ [ -6.907184727015157, 33.893602498022439 ], [ -6.905237226831734, 33.894747936429404 ], [ -6.905978458961801, 33.895519181656965 ], [ -6.907701930586624, 33.894052640809058 ], [ -6.907184727015157, 33.893602498022439 ] ] ] } },
{ "type": "Feature", "properties": { "fid": 4508, "indice": "38", "complement": "", "Consistance": "TN", "num": "T67142", "surface": 19168 }, "geometry": { "type": "Polygon", "coordinates": [ [ [ -6.905407911993617, 33.896049163428742 ], [ -6.905142816226764, 33.895792598492122 ], [ -6.904969001341486, 33.895623323666364 ], [ -6.904534893549727, 33.895162249559547 ], [ -6.903866797875724, 33.895555402856168 ], [ -6.90529632927709, 33.896851414270721 ], [ -6.906029619020068, 33.896287907171718 ], [ -6.906333912818694, 33.896559331056629 ], [ -6.906641660049986, 33.896280538969926 ], [ -6.906065663750616, 33.895620951394072 ], [ -6.905407911993617, 33.896049163428742 ] ] ] } },
{ "type": "Feature", "properties": { "fid": 4511, "indice": "38", "complement": "", "Consistance": "TN", "num": "T67144", "surface": 29141 }, "geometry": { "type": "Polygon", "coordinates": [ [ [ -6.903149452976487, 33.895978005676568 ], [ -6.902693157255585, 33.896423625197194 ], [ -6.904677834247888, 33.89804939245559 ], [ -6.905506405699279, 33.897303456349867 ], [ -6.903590571288493, 33.895718363080782 ], [ -6.903149452976487, 33.895978005676568 ] ] ] } },
{ "type": "Feature", "properties": { "fid": 4521, "indice": "38", "complement": "", "Consistance": "TN", "num": "T84066", "surface": 14729 }, "geometry": { "type": "Polygon", "coordinates": [ [ [ -6.905971559422876, 33.901057074314366 ], [ -6.906003927924988, 33.900989942481992 ], [ -6.906636174487806, 33.900461020202677 ], [ -6.906722518340736, 33.900387826720099 ], [ -6.905834142972031, 33.899554320922675 ], [ -6.904897902142237, 33.900267280287842 ], [ -6.905888942311941, 33.901158181994269 ], [ -6.905971559422876, 33.901057074314366 ] ] ] } },
{ "type": "Feature", "properties": { "fid": 4522, "indice": "38", "complement": "", "Consistance": "TN", "num": "T99920", "surface": 15614 }, "geometry": { "type": "Polygon", "coordinates": [ [ [ -6.905834142972031, 33.899554320922675 ], [ -6.905561496801738, 33.899299651747242 ], [ -6.904709785095331, 33.898646081402894 ], [ -6.903967574135484, 33.89944599097516 ], [ -6.904692453312339, 33.900083052998369 ], [ -6.904897902142237, 33.900267280287842 ], [ -6.905834142972031, 33.899554320922675 ] ] ] } },
{ "type": "Feature", "properties": { "fid": 4523, "indice": "38", "complement": "", "Consistance": "TN", "num": "R2545", "surface": 2624 }, "geometry": { "type": "Polygon", "coordinates": [ [ [ -6.903671439155977, 33.904653639545664 ], [ -6.903585384598434, 33.904743963758158 ], [ -6.903493230730497, 33.90485690921475 ], [ -6.903275948897211, 33.905052530713341 ], [ -6.903514738399379, 33.90528776902957 ], [ -6.903488278550244, 33.905321458012736 ], [ -6.903547503180232, 33.905368548240617 ], [ -6.904022469700325, 33.904999366376174 ], [ -6.903671439155977, 33.904653639545664 ] ] ] } },
{ "type": "Feature", "properties": { "fid": 4578, "indice": "38", "complement": "P2", "Consistance": "TN", "num": "T8910", "surface": 3316 }, "geometry": { "type": "Polygon", "coordinates": [ [ [ -6.93890833276173, 33.910536028556798 ], [ -6.939237162717976, 33.910840442412997 ], [ -6.939775701587065, 33.910402697847914 ], [ -6.939328635651169, 33.910079897442273 ], [ -6.93890833276173, 33.910536028556798 ] ] ] } },
{ "type": "Feature", "properties": { "fid": 4590, "indice": "R", "complement": "P4", "Consistance": "TN", "num": "T4969", "surface": 4547 }, "geometry": { "type": "Polygon", "coordinates": [ [ [ -6.861296849711451, 33.858598385698762 ], [ -6.859625420098506, 33.859046320026145 ], [ -6.858972101410135, 33.859219897919836 ], [ -6.859646818865357, 33.859097480277455 ], [ -6.860476659463125, 33.858877643084469 ], [ -6.861175704053582, 33.859496319326446 ], [ -6.861296849711451, 33.858598385698762 ] ] ] } },
{ "type": "Feature", "properties": { "fid": 4595, "indice": "R", "complement": "", "Consistance": "TN", "num": "T76397", "surface": 20007 }, "geometry": { "type": "Polygon", "coordinates": [ [ [ -6.908843700301615, 33.871392353807913 ], [ -6.908060107352748, 33.870724452407011 ], [ -6.906591883366486, 33.871980497182207 ], [ -6.907422605285869, 33.872622585486546 ], [ -6.908843700301615, 33.871392353807913 ] ] ] } },
{ "type": "Feature", "properties": { "fid": 4629, "indice": "R", "complement": "", "Consistance": "TN", "num": "T67586", "surface": 24840 }, "geometry": { "type": "Polygon", "coordinates": [ [ [ -6.93379777979983, 33.934873925214113 ], [ -6.932409909249281, 33.933791487739882 ], [ -6.931561727163176, 33.933246288090714 ], [ -6.930742108250462, 33.932786415427216 ], [ -6.930690303793147, 33.932916924761059 ], [ -6.930330733398537, 33.933266754748807 ], [ -6.931964093818737, 33.93434350522864 ], [ -6.933307964832194, 33.935262337853587 ], [ -6.93379777979983, 33.934873925214113 ] ] ] } },
{ "type": "Feature", "properties": { "fid": 4637, "indice": "R", "complement": "", "Consistance": "TN", "num": "T61997", "surface": 10104 }, "geometry": { "type": "Polygon", "coordinates": [ [ [ -6.939020339087011, 33.919680143504728 ], [ -6.938619100837931, 33.919993533628329 ], [ -6.940126204991561, 33.921280076508971 ], [ -6.940523117160702, 33.920966734948749 ], [ -6.939020339087011, 33.919680143504728 ] ] ] } },
{ "type": "Feature", "properties": { "fid": 4638, "indice": "R", "complement": "SOLDE", "Consistance": "TN", "num": "T34689", "surface": 100450 }, "geometry": { "type": "Polygon", "coordinates": [ [ [ -6.905828006093146, 33.871389008798523 ], [ -6.905925575636081, 33.871466302244684 ], [ -6.907718057004836, 33.869953816039597 ], [ -6.910010267941297, 33.868020381631318 ], [ -6.911834613698522, 33.866483096083378 ], [ -6.911215801355771, 33.865963844757488 ], [ -6.913199764422271, 33.864345238569364 ], [ -6.915353072054388, 33.862583845618119 ], [ -6.915166620142248, 33.862120705754172 ], [ -6.913463661294508, 33.863604262959797 ], [ -6.911416631352008, 33.86538778811267 ], [ -6.909013753488612, 33.867480424684622 ], [ -6.907107142078676, 33.869141321767977 ], [ -6.905754464713036, 33.870325614619574 ], [ -6.905828006093146, 33.871389008798523 ] ] ] } },
{ "type": "Feature", "properties": { "fid": 4642, "indice": "38", "complement": "LOT 1", "Consistance": "TN", "num": "T123453", "surface": 9955 }, "geometry": { "type": "Polygon", "coordinates": [ [ [ -6.905978458961801, 33.895519181656965 ], [ -6.905237226831734, 33.894747936429404 ], [ -6.905107696654818, 33.894825256279965 ], [ -6.904534893549727, 33.895162249559547 ], [ -6.904969001341486, 33.895623323666364 ], [ -6.905142816226764, 33.895792598492122 ], [ -6.905407911993617, 33.896049163428742 ], [ -6.906065663750616, 33.895620951394072 ], [ -6.905978458961801, 33.895519181656965 ] ] ] } },
{ "type": "Feature", "properties": { "fid": 4643, "indice": "38", "complement": "", "Consistance": "TN", "num": "T11869", "surface": 12572 }, "geometry": { "type": "Polygon", "coordinates": [ [ [ -6.927591438662617, 33.873163492623661 ], [ -6.927159898390935, 33.873465498032949 ], [ -6.928929885164865, 33.875061043652174 ], [ -6.929331414258079, 33.874712498686442 ], [ -6.927591438662617, 33.873163492623661 ] ] ] } },
{ "type": "Feature", "properties": { "fid": 4648, "indice": "38", "complement": "P1", "Consistance": "TN", "num": "T31103", "surface": 14766 }, "geometry": { "type": "Polygon", "coordinates": [ [ [ -6.938163926134714, 33.928575479190371 ], [ -6.938305150317432, 33.928424025297829 ], [ -6.937751606878154, 33.92814221313823 ], [ -6.937572696712033, 33.928304050443991 ], [ -6.937592438987028, 33.928319140538569 ], [ -6.937342547702587, 33.928505299266 ], [ -6.937056771424379, 33.928313994553008 ], [ -6.936609673847611, 33.928728954617931 ], [ -6.936294542697095, 33.929019632574949 ], [ -6.936538846751996, 33.929190703978271 ], [ -6.936768983502203, 33.928988554960632 ], [ -6.936814036153413, 33.929027686206929 ], [ -6.9369304647172, 33.928942378347429 ], [ -6.937069519671229, 33.929035372236285 ], [ -6.937715243204156, 33.929451342636987 ], [ -6.938213468377466, 33.929051984945616 ], [ -6.938538363723577, 33.928824316323698 ], [ -6.938163926134714, 33.928575479190371 ] ] ] } },
{ "type": "Feature", "properties": { "fid": 4656, "indice": "38", "complement": "", "Consistance": "TN", "num": "T81304", "surface": 15192 }, "geometry": { "type": "Polygon", "coordinates": [ [ [ -6.908694542270394, 33.898467320680389 ], [ -6.908798023117378, 33.898509365276624 ], [ -6.909489297033689, 33.897644200211921 ], [ -6.90882430326973, 33.897342860834669 ], [ -6.908231752011286, 33.896977510077598 ], [ -6.907574453754955, 33.897431883632066 ], [ -6.907537168652211, 33.897464802113682 ], [ -6.908678147195207, 33.898519829931956 ], [ -6.908694542270394, 33.898467320680389 ] ] ] } },
{ "type": "Feature", "properties": { "fid": 4723, "indice": "38", "complement": "", "Consistance": "TN", "num": "T58672", "surface": 6879 }, "geometry": { "type": "Polygon", "coordinates": [ [ [ -6.86295424498888, 33.871661478337089 ], [ -6.862579844527417, 33.871773185751501 ], [ -6.862946245370717, 33.8725364402111 ], [ -6.863379790832456, 33.873434196864764 ], [ -6.863662426096665, 33.873137764228645 ], [ -6.86295424498888, 33.871661478337089 ] ] ] } },
{ "type": "Feature", "properties": { "fid": 4724, "indice": "38", "complement": "", "Consistance": "TN", "num": "T828", "surface": 4622 }, "geometry": { "type": "Polygon", "coordinates": [ [ [ -6.831125660873136, 33.894696699820294 ], [ -6.830514997284111, 33.894326682348584 ], [ -6.8304346378151, 33.894306857014371 ], [ -6.830372025155927, 33.894379726037485 ], [ -6.830106671903505, 33.894685802763135 ], [ -6.830071639917944, 33.894725887431925 ], [ -6.830755421495345, 33.895135657145261 ], [ -6.831125660873136, 33.894696699820294 ] ] ] } },
{ "type": "Feature", "properties": { "fid": 4725, "indice": "38", "complement": "", "Consistance": "TN", "num": "T126071", "surface": 2326 }, "geometry": { "type": "Polygon", "coordinates": [ [ [ -6.938996289787351, 33.910616120052957 ], [ -6.938409991667287, 33.911228519512363 ], [ -6.93861862035194, 33.91134230280629 ], [ -6.939237162717976, 33.910840442412997 ], [ -6.938996289787351, 33.910616120052957 ] ] ] } },
{ "type": "Feature", "properties": { "fid": 4731, "indice": "03", "complement": "", "Consistance": "TN", "num": "T82396", "surface": 365316 }, "geometry": { "type": "Polygon", "coordinates": [ [ [ -6.804629532633391, 33.810574077890863 ], [ -6.804618762911327, 33.810509259430695 ], [ -6.80465250119713, 33.810256337865383 ], [ -6.804673591674807, 33.810090144389186 ], [ -6.804680563372141, 33.809718467824496 ], [ -6.804673624493368, 33.809556197051236 ], [ -6.804637383053101, 33.809452881498963 ], [ -6.804470388454746, 33.809281585961564 ], [ -6.804333899616889, 33.809192925729434 ], [ -6.80425577066873, 33.809172156981994 ], [ -6.803823537941375, 33.808834275820246 ], [ -6.803495808622788, 33.808611569764103 ], [ -6.803275153117547, 33.808462521646462 ], [ -6.803187961630769, 33.808415697786025 ], [ -6.803025932067947, 33.808284029838717 ], [ -6.802825384081425, 33.80790746691622 ], [ -6.802785814171369, 33.807664387799022 ], [ -6.800377553501961, 33.807400066221383 ], [ -6.799297858046185, 33.807716110941513 ], [ -6.799584142412411, 33.808924207459775 ], [ -6.798812110664096, 33.809157431850331 ], [ -6.798540342998806, 33.807978033333072 ], [ -6.796613898025226, 33.808652575446814 ], [ -6.795949906393673, 33.80895312209789 ], [ -6.796345842247837, 33.809320297588499 ], [ -6.796668308724271, 33.80901364414396 ], [ -6.797101850666848, 33.809300124700528 ], [ -6.797146570159222, 33.809663105335083 ], [ -6.797063927927888, 33.809765045934157 ], [ -6.797209539751186, 33.80981663264 ], [ -6.797581439233522, 33.810503358405114 ], [ -6.796674976866417, 33.810844500704867 ], [ -6.796741776009839, 33.810967319568221 ], [ -6.797159372566529, 33.811741023524291 ], [ -6.796252895665998, 33.812082162629309 ], [ -6.795876967705028, 33.811952874666915 ], [ -6.795678057776153, 33.81133997545912 ], [ -6.795613137443125, 33.811604065597415 ], [ -6.795751932933376, 33.812106698010993 ], [ -6.795451808127113, 33.812729678610268 ], [ -6.795566199074059, 33.812855574469609 ], [ -6.795619242951294, 33.812996586132066 ], [ -6.795672203748209, 33.813199832240947 ], [ -6.795729923143836, 33.813497728398659 ], [ -6.795784661753478, 33.814081571260033 ], [ -6.795752738990092, 33.814314626975474 ], [ -6.795911115784847, 33.81428580043827 ], [ -6.796386125871915, 33.814124460332607 ], [ -6.79755008092208, 33.813666798470535 ], [ -6.798368045618627, 33.813397893371572 ], [ -6.799420793982165, 33.812946869370357 ], [ -6.800906485476688, 33.812408006875685 ], [ -6.801877003366191, 33.811951569757916 ], [ -6.802931377396769, 33.811536574823535 ], [ -6.804054696308414, 33.811042327902605 ], [ -6.804738223057685, 33.810747832289259 ], [ -6.804629532633391, 33.810574077890863 ] ] ] } },
{ "type": "Feature", "properties": { "fid": 4752, "indice": "38", "complement": "", "Consistance": "TN", "num": "R2512", "surface": 8382 }, "geometry": { "type": "Polygon", "coordinates": [ [ [ -6.83229484910246, 33.848771858426957 ], [ -6.831836593295884, 33.848382061082901 ], [ -6.830859152376276, 33.84731454104503 ], [ -6.83079182219821, 33.847427150697527 ], [ -6.830704385280371, 33.847434464585675 ], [ -6.830583519218141, 33.847446670489468 ], [ -6.831167700756226, 33.84813266806475 ], [ -6.831671245750068, 33.848713158385976 ], [ -6.832074976655841, 33.849139657882468 ], [ -6.832145302984819, 33.849209202998701 ], [ -6.832563140867657, 33.849047481475246 ], [ -6.83229484910246, 33.848771858426957 ] ] ] } },
{ "type": "Feature", "properties": { "fid": 4753, "indice": "R", "complement": "", "Consistance": "TN", "num": "R19614", "surface": 32454 }, "geometry": { "type": "Polygon", "coordinates": [ [ [ -6.831836593295884, 33.848382061082901 ], [ -6.83229484910246, 33.848771858426957 ], [ -6.832563140867657, 33.849047481475246 ], [ -6.833723643546096, 33.84862560790183 ], [ -6.83371983855088, 33.848328916671605 ], [ -6.833281786483234, 33.848247352845284 ], [ -6.83286610197041, 33.848079847889373 ], [ -6.833202787928602, 33.847257037399096 ], [ -6.832394009467707, 33.846980392279654 ], [ -6.832141776765979, 33.846826345392287 ], [ -6.831949334629856, 33.846955721285305 ], [ -6.831283009924721, 33.847190635792657 ], [ -6.830859152376276, 33.84731454104503 ], [ -6.831836593295884, 33.848382061082901 ] ] ] } },
{ "type": "Feature", "properties": { "fid": 4756, "indice": "03", "complement": "", "Consistance": "TN", "num": "T80848", "surface": 50170 }, "geometry": { "type": "Polygon", "coordinates": [ [ [ -6.796592537083773, 33.822684214339255 ], [ -6.795129616223853, 33.821823869820044 ], [ -6.795092520253632, 33.821801735471624 ], [ -6.79443361619741, 33.822291620727313 ], [ -6.795064557293094, 33.822754488511627 ], [ -6.795580254496655, 33.82317354302392 ], [ -6.79685254780356, 33.824207379425928 ], [ -6.79819433868646, 33.825058235328903 ], [ -6.798855371206657, 33.824364470108932 ], [ -6.799049373455294, 33.824130502544598 ], [ -6.796592537083773, 33.822684214339255 ] ] ] } },
{ "type": "Feature", "properties": { "fid": 4757, "indice": "03", "complement": "", "Consistance": "TN", "num": "T80847", "surface": 50104 }, "geometry": { "type": "Polygon", "coordinates": [ [ [ -6.797308700634317, 33.821857256640364 ], [ -6.79604047678994, 33.821210308341058 ], [ -6.795129616223853, 33.821823869820044 ], [ -6.796592537083773, 33.822684214339255 ], [ -6.799049373455294, 33.824130502544598 ], [ -6.79984869262423, 33.82316640805174 ], [ -6.797308700634317, 33.821857256640364 ] ] ] } },
{ "type": "Feature", "properties": { "fid": 4758, "indice": "03", "complement": "", "Consistance": "TN", "num": "T80846", "surface": 50789 }, "geometry": { "type": "Polygon", "coordinates": [ [ [ -6.796123841809146, 33.819400098869636 ], [ -6.792739271976041, 33.820945883916636 ], [ -6.793558844097032, 33.821650179536341 ], [ -6.79443361619741, 33.822291620727313 ], [ -6.795092520253632, 33.821801735471624 ], [ -6.795999116957874, 33.821191829605084 ], [ -6.796123841809146, 33.819400098869636 ] ] ] } },
{ "type": "Feature", "properties": { "fid": 4759, "indice": "38", "complement": "LOT  A", "Consistance": "TN", "num": "T54224", "surface": 2501 }, "geometry": { "type": "Polygon", "coordinates": [ [ [ -6.834928243022821, 33.812971831528067 ], [ -6.834421313473971, 33.81335556254934 ], [ -6.83470233313615, 33.813622919465473 ], [ -6.83521031360749, 33.813237371394472 ], [ -6.834928243022821, 33.812971831528067 ] ] ] } },
{ "type": "Feature", "properties": { "fid": 4760, "indice": "38", "complement": "LOTB   IC", "Consistance": "TN", "num": "T54224", "surface": 2491 }, "geometry": { "type": "Polygon", "coordinates": [ [ [ -6.834421313473971, 33.81335556254934 ], [ -6.833914394304868, 33.813740193237535 ], [ -6.834199690438044, 33.814004796372551 ], [ -6.83470233313615, 33.813622919465473 ], [ -6.834421313473971, 33.81335556254934 ] ] ] } },
{ "type": "Feature", "properties": { "fid": 4761, "indice": "38", "complement": "", "Consistance": "TN", "num": "T122894", "surface": 2491 }, "geometry": { "type": "Polygon", "coordinates": [ [ [ -6.834421313473971, 33.81335556254934 ], [ -6.833914394304868, 33.813740193237535 ], [ -6.834199690438044, 33.814004796372551 ], [ -6.83470233313615, 33.813622919465473 ], [ -6.834421313473971, 33.81335556254934 ] ] ] } },
{ "type": "Feature", "properties": { "fid": 4762, "indice": "38", "complement": "", "Consistance": "TN", "num": "T122895", "surface": 2493 }, "geometry": { "type": "Polygon", "coordinates": [ [ [ -6.833914394304868, 33.813740193237535 ], [ -6.833409586805258, 33.814122091738483 ], [ -6.833695962994041, 33.81438668360277 ], [ -6.834199690438044, 33.814004796372551 ], [ -6.833914394304868, 33.813740193237535 ] ] ] } },
{ "type": "Feature", "properties": { "fid": 4763, "indice": "38", "complement": "", "Consistance": "TN", "num": "T122896", "surface": 2507 }, "geometry": { "type": "Polygon", "coordinates": [ [ [ -6.833409586805258, 33.814122091738483 ], [ -6.832954927717907, 33.814465531791143 ], [ -6.833136735859972, 33.814810694217925 ], [ -6.833695962994041, 33.81438668360277 ], [ -6.833409586805258, 33.814122091738483 ] ] ] } },
{ "type": "Feature", "properties": { "fid": 4776, "indice": "38", "complement": "", "Consistance": "TN", "num": "T62908", "surface": 18151 }, "geometry": { "type": "Polygon", "coordinates": [ [ [ -6.838603028023123, 33.825265410511903 ], [ -6.838261982225979, 33.824245635827886 ], [ -6.837193788117393, 33.824215529175717 ], [ -6.836947906281336, 33.825621769412848 ], [ -6.838641790127745, 33.825387627902678 ], [ -6.838603028023123, 33.825265410511903 ] ] ] } },
{ "type": "Feature", "properties": { "fid": 4777, "indice": "38", "complement": "", "Consistance": "TN", "num": "T46877", "surface": 9990 }, "geometry": { "type": "Polygon", "coordinates": [ [ [ -6.837082645700187, 33.822850371738753 ], [ -6.83728649794631, 33.822564819847322 ], [ -6.836177683232898, 33.822167181212016 ], [ -6.835768474984234, 33.822909666389009 ], [ -6.836863385357846, 33.823315585891301 ], [ -6.837082645700187, 33.822850371738753 ] ] ] } },
{ "type": "Feature", "properties": { "fid": 4778, "indice": "38", "complement": "", "Consistance": "TN", "num": "T67885", "surface": 3533 }, "geometry": { "type": "Polygon", "coordinates": [ [ [ -6.839408134160188, 33.821211854892255 ], [ -6.839092233152644, 33.8215825806246 ], [ -6.839717280824526, 33.821936159135852 ], [ -6.840033180454047, 33.821565431865942 ], [ -6.839408134160188, 33.821211854892255 ] ] ] } },
{ "type": "Feature", "properties": { "fid": 4780, "indice": "38", "complement": "", "Consistance": "TN", "num": "T57231", "surface": 3122 }, "geometry": { "type": "Polygon", "coordinates": [ [ [ -6.908968367215603, 33.873843202048178 ], [ -6.908875674620352, 33.87392278818055 ], [ -6.908761789929853, 33.873840282230368 ], [ -6.908466445242244, 33.874081052027307 ], [ -6.908978261447096, 33.874476238364927 ], [ -6.909373850470298, 33.874154887919744 ], [ -6.908968367215603, 33.873843202048178 ] ] ] } },
{ "type": "Feature", "properties": { "fid": 4786, "indice": "03", "complement": "", "Consistance": "TN", "num": "T85760", "surface": 12672 }, "geometry": { "type": "Polygon", "coordinates": [ [ [ -6.818484187594276, 33.828125339024261 ], [ -6.81869773733346, 33.82829789113233 ], [ -6.81882641207791, 33.828501169911071 ], [ -6.818922112459111, 33.828803133555247 ], [ -6.818823428621736, 33.825996532778575 ], [ -6.818235445699097, 33.826057320289671 ], [ -6.818393124499814, 33.828041590386363 ], [ -6.818484187594276, 33.828125339024261 ] ] ] } },
{ "type": "Feature", "properties": { "fid": 4787, "indice": "03", "complement": "", "Consistance": "TN", "num": "T88123", "surface": 29135 }, "geometry": { "type": "Polygon", "coordinates": [ [ [ -6.81934742218435, 33.82983372567805 ], [ -6.820047795770469, 33.826391208178819 ], [ -6.818823428621736, 33.825996532778575 ], [ -6.818922112459111, 33.828803133555247 ], [ -6.818994293706001, 33.82885552842852 ], [ -6.819058579475078, 33.829086595731944 ], [ -6.819033749047674, 33.829154522576971 ], [ -6.818969820832749, 33.829277009170568 ], [ -6.81934742218435, 33.82983372567805 ] ] ] } },
{ "type": "Feature", "properties": { "fid": 4788, "indice": "03", "complement": "", "Consistance": "TN", "num": "T97835", "surface": 40168 }, "geometry": { "type": "Polygon", "coordinates": [ [ [ -6.819939893356288, 33.830245495435761 ], [ -6.820625788662917, 33.828699004976727 ], [ -6.821073319765611, 33.827712614711025 ], [ -6.821462276110101, 33.826845943765612 ], [ -6.820047795770469, 33.826391208178819 ], [ -6.81934742218435, 33.82983372567805 ], [ -6.81967236843937, 33.830077166104417 ], [ -6.819764103753806, 33.830135652026144 ], [ -6.819939893356288, 33.830245495435761 ] ] ] } },
{ "type": "Feature", "properties": { "fid": 4790, "indice": "38", "complement": "", "Consistance": "TN", "num": "T70922", "surface": 9862 }, "geometry": { "type": "Polygon", "coordinates": [ [ [ -6.922589827950905, 33.857549734945891 ], [ -6.922069285188992, 33.857086161454021 ], [ -6.921710548690188, 33.856354545413062 ], [ -6.921200203676645, 33.856535729914469 ], [ -6.921173355794101, 33.856545977787853 ], [ -6.921194537988705, 33.856582699602676 ], [ -6.921953990620655, 33.858035501157971 ], [ -6.922589827950905, 33.857549734945891 ] ] ] } },
{ "type": "Feature", "properties": { "fid": 4791, "indice": "38", "complement": "LOT2  NEGA", "Consistance": "TN", "num": "T70923", "surface": 10951 }, "geometry": { "type": "Polygon", "coordinates": [ [ [ -6.920832836211458, 33.855866450053597 ], [ -6.92121402902264, 33.855718405822877 ], [ -6.921139075960623, 33.855574105435515 ], [ -6.921289037856747, 33.855494714675146 ], [ -6.921202756521975, 33.8553207881492 ], [ -6.920407694814687, 33.853931549795092 ], [ -6.919949849975836, 33.854270832389162 ], [ -6.920832836211458, 33.855866450053597 ] ] ] } },
{ "type": "Feature", "properties": { "fid": 4794, "indice": "R", "complement": "P2", "Consistance": "TN", "num": "T78023", "surface": 12299 }, "geometry": { "type": "Polygon", "coordinates": [ [ [ -6.920887949566461, 33.853575758014905 ], [ -6.920439709820333, 33.853907710168798 ], [ -6.921242463717733, 33.855304070274762 ], [ -6.92201700932943, 33.854838265561156 ], [ -6.920887949566461, 33.853575758014905 ] ] ] } },
{ "type": "Feature", "properties": { "fid": 4795, "indice": "R", "complement": "Annulee", "Consistance": "TN", "num": "R36036", "surface": 43071 }, "geometry": { "type": "Polygon", "coordinates": [ [ [ -6.912736807590194, 33.887102051813919 ], [ -6.912012664742222, 33.8876249041707 ], [ -6.912928666087129, 33.888371449657505 ], [ -6.913091071100036, 33.888257646665281 ], [ -6.914480671253884, 33.889370948284466 ], [ -6.914939923088096, 33.889846115466469 ], [ -6.915650667684049, 33.889299056844457 ], [ -6.915458055695924, 33.889106573721939 ], [ -6.913978385419504, 33.887727402158085 ], [ -6.914353755253617, 33.887422517284485 ], [ -6.91342240977796, 33.886602209489489 ], [ -6.912736807590194, 33.887102051813919 ] ] ] } },
{ "type": "Feature", "properties": { "fid": 4800, "indice": "38", "complement": "", "Consistance": "TN", "num": "T863", "surface": 536145 }, "geometry": { "type": "Polygon", "coordinates": [ [ [ -6.807027417710462, 33.816610829502999 ], [ -6.806907312079244, 33.816466969640366 ], [ -6.806933964201439, 33.816243891524444 ], [ -6.806795483440363, 33.815965849901559 ], [ -6.80670602241725, 33.81584599722899 ], [ -6.806634406024929, 33.815626730734017 ], [ -6.806594690903854, 33.815375537466508 ], [ -6.806587998228012, 33.815161853914844 ], [ -6.806625413173546, 33.814869205580891 ], [ -6.80664569478724, 33.81478690116019 ], [ -6.806665687649629, 33.814619817970829 ], [ -6.80666558827479, 33.814546762247105 ], [ -6.806603865643329, 33.814471694141275 ], [ -6.80658202840213, 33.814390765590247 ], [ -6.80663122221031, 33.814158414381019 ], [ -6.80664340241222, 33.814042829453626 ], [ -6.806630673984104, 33.813990660368155 ], [ -6.806576118274575, 33.813957902607619 ], [ -6.806501079901141, 33.813928081099569 ], [ -6.806348388425541, 33.813907250635076 ], [ -6.806220032244079, 33.813921321750044 ], [ -6.805743864399427, 33.813675037210558 ], [ -6.805528099093753, 33.813495272286062 ], [ -6.805421066048298, 33.813357577496326 ], [ -6.805267517435869, 33.813015665943631 ], [ -6.805245056283998, 33.812628085685922 ], [ -6.805325007074011, 33.812225824999167 ], [ -6.805412530314056, 33.81189112433421 ], [ -6.805322777037483, 33.811618846520084 ], [ -6.805240510040838, 33.811408718121882 ], [ -6.805137470370338, 33.811183490239991 ], [ -6.805037042788566, 33.810986192954317 ], [ -6.804904391894989, 33.810867726289437 ], [ -6.804738223057685, 33.810747832289259 ], [ -6.804053630544171, 33.81104324181085 ], [ -6.802931377396769, 33.811536574823535 ], [ -6.801875923053564, 33.811951581873601 ], [ -6.800906485476688, 33.812408006875685 ], [ -6.799420793982165, 33.812946869370357 ], [ -6.798368060096959, 33.813398795145282 ], [ -6.797549000587581, 33.813666810548774 ], [ -6.796386140329846, 33.814125362106338 ], [ -6.795911115784847, 33.81428580043827 ], [ -6.795752738990092, 33.814314626975474 ], [ -6.795842732435216, 33.814738433527737 ], [ -6.795981075102426, 33.815010174974425 ], [ -6.796148646033175, 33.815285197555355 ], [ -6.796822590697787, 33.815804398630519 ], [ -6.79770220897871, 33.816413293955797 ], [ -6.798453599888854, 33.81677468366933 ], [ -6.798952176741736, 33.817003608158778 ], [ -6.799103093889116, 33.817115562943698 ], [ -6.799564806430406, 33.817739944962852 ], [ -6.800909706277523, 33.818318353623368 ], [ -6.801740224449246, 33.818424491385571 ], [ -6.802024483917098, 33.818428519131082 ], [ -6.802550039825132, 33.818385644434791 ], [ -6.803211201517503, 33.81830877579339 ], [ -6.803773552335425, 33.818202347470198 ], [ -6.804320180169759, 33.818059113889909 ], [ -6.805146168125242, 33.817750389763468 ], [ -6.805488744143238, 33.817618463802937 ], [ -6.806226671474972, 33.817344094062321 ], [ -6.806830610588667, 33.817137069155436 ], [ -6.807208161602012, 33.817029998989291 ], [ -6.807027417710462, 33.816610829502999 ] ] ] } },
{ "type": "Feature", "properties": { "fid": 4853, "indice": "R", "complement": "LN VECT", "Consistance": "TN", "num": "T76028", "surface": 301576 }, "geometry": { "type": "Polygon", "coordinates": [ [ [ -6.798855371206657, 33.824364470108932 ], [ -6.79984869262423, 33.82316640805174 ], [ -6.797308700634317, 33.821857256640364 ], [ -6.79604047678994, 33.821210308341058 ], [ -6.796167820403303, 33.819379765168797 ], [ -6.796140564507841, 33.819364736695086 ], [ -6.79606758467146, 33.819328572437456 ], [ -6.795979349141493, 33.819284461092494 ], [ -6.79589663134993, 33.819247503543629 ], [ -6.795826029314751, 33.819224841600914 ], [ -6.795779340716201, 33.819210931958963 ], [ -6.795731687345192, 33.819204248541062 ], [ -6.795681110703828, 33.819217440283516 ], [ -6.795619975673699, 33.819246082751953 ], [ -6.795562038465615, 33.819271983689966 ], [ -6.795509329849692, 33.819287003029494 ], [ -6.795474800253681, 33.819290094281719 ], [ -6.795418590319631, 33.819288917861165 ], [ -6.795350192527977, 33.819268936847472 ], [ -6.795294817406298, 33.819252418181293 ], [ -6.795220772058284, 33.819217167259218 ], [ -6.795148988698426, 33.81918820458506 ], [ -6.795088067197327, 33.819162728389799 ], [ -6.795030415829439, 33.819139019540209 ], [ -6.794976265695182, 33.819131506400467 ], [ -6.794903950934576, 33.819136822994999 ], [ -6.794804857173473, 33.819156869273726 ], [ -6.794731548628111, 33.819167608457917 ], [ -6.794680654152089, 33.81916096080095 ], [ -6.794604794892804, 33.819147376160124 ], [ -6.794518362660633, 33.819148340354729 ], [ -6.794392345346937, 33.81917409824004 ], [ -6.794312871936557, 33.819204748479905 ], [ -6.794230128385223, 33.819233631272574 ], [ -6.794187186508734, 33.819251246925951 ], [ -6.79406958122797, 33.819262479730803 ], [ -6.79380409037954, 33.819283478751885 ], [ -6.793709086921102, 33.8192890476165 ], [ -6.793653237773921, 33.819310414716519 ], [ -6.793593268996368, 33.819344454783852 ], [ -6.793547129007552, 33.819364811666574 ], [ -6.793489968504964, 33.819371762375681 ], [ -6.793415261793693, 33.819362673833794 ], [ -6.793346029262737, 33.819358033900606 ], [ -6.793278813284156, 33.819344352120417 ], [ -6.793218137462802, 33.81933420514968 ], [ -6.79316616259965, 33.81932756891733 ], [ -6.793090303431521, 33.819313983358306 ], [ -6.79299832475419, 33.81930598897393 ], [ -6.792903162569677, 33.819301637726866 ], [ -6.792780039657708, 33.819305715327516 ], [ -6.792667735206233, 33.819310574219458 ], [ -6.792528593636923, 33.819326555157353 ], [ -6.792441383575581, 33.819346467177411 ], [ -6.792377841483376, 33.819359801991503 ], [ -6.792280014705105, 33.819391557279047 ], [ -6.792220779765274, 33.819403942109453 ], [ -6.792187373658683, 33.819409725739533 ], [ -6.791949929245216, 33.819427702671021 ], [ -6.791803253331168, 33.819445570555239 ], [ -6.79173005945765, 33.819463522160341 ], [ -6.791669988953115, 33.819491248894174 ], [ -6.791559542685966, 33.81954479049103 ], [ -6.791468586867295, 33.819600820846503 ], [ -6.791353069644193, 33.81967516316012 ], [ -6.791285450408046, 33.819703875652735 ], [ -6.79121018182137, 33.819727261636579 ], [ -6.79114665366748, 33.819741497595977 ], [ -6.79106164690794, 33.819764089923254 ], [ -6.790944256569588, 33.819788846377314 ], [ -6.790859177703092, 33.819806929702843 ], [ -6.790723276244466, 33.819822872567563 ], [ -6.790606706960114, 33.819831384775171 ], [ -6.790516960778653, 33.819827873393891 ], [ -6.790448837239056, 33.819825023385093 ], [ -6.790384963367585, 33.819817616409914 ], [ -6.790326635526838, 33.819819167051186 ], [ -6.790224197934286, 33.819832933332478 ], [ -6.790145802868405, 33.819863568901766 ], [ -6.790096377379624, 33.819881255231856 ], [ -6.790033771019893, 33.819885559110205 ], [ -6.78997316716209, 33.819879919430534 ], [ -6.789914522650951, 33.819861630877007 ], [ -6.789877558365391, 33.819847610923055 ], [ -6.789821089111006, 33.819830200074534 ], [ -6.789772211542661, 33.819814508669097 ], [ -6.789656046296455, 33.819780624653895 ], [ -6.789532390202973, 33.819751333458044 ], [ -6.78938616065824, 33.819729508486958 ], [ -6.789131645603661, 33.819693553801244 ], [ -6.788926987817111, 33.819666965938275 ], [ -6.788711382263534, 33.819631480028733 ], [ -6.788519660909238, 33.819602943929198 ], [ -6.788405714755348, 33.819572641841873 ], [ -6.788343915807268, 33.81955979918618 ], [ -6.78824729943075, 33.819532010293031 ], [ -6.788141666140246, 33.819480871198849 ], [ -6.788085024996289, 33.81945263828613 ], [ -6.78805330511798, 33.819428638303613 ], [ -6.788027981465472, 33.819399155698051 ], [ -6.78797744918576, 33.819347404656511 ], [ -6.787925793446877, 33.819292960269003 ], [ -6.787885964743898, 33.81923477682458 ], [ -6.787815611746298, 33.819159795513414 ], [ -6.787728952240091, 33.819078681649366 ], [ -6.787674055608973, 33.819024273133365 ], [ -6.787609478535171, 33.818972677843874 ], [ -6.787539513899731, 33.818922044252474 ], [ -6.787467489109378, 33.818877747017282 ], [ -6.787394355261076, 33.818831658183569 ], [ -6.787329749765914, 33.818778259199583 ], [ -6.787280471032997, 33.818737317157726 ], [ -6.787214699097114, 33.818678519461244 ], [ -6.787163029868564, 33.818623172973496 ], [ -6.787133255897586, 33.818585622171298 ], [ -6.787102401555792, 33.818548083349484 ], [ -6.787049996767969, 33.818514391366165 ], [ -6.786991009117029, 33.818474458867676 ], [ -6.786914649035008, 33.818429307481985 ], [ -6.786844035640796, 33.818405738687382 ], [ -6.786789599483352, 33.81838018652752 ], [ -6.786671448819209, 33.818357144977838 ], [ -6.786567558692934, 33.818347474138648 ], [ -6.78646363987795, 33.81833599966577 ], [ -6.78637597006253, 33.818327050703154 ], [ -6.78627729537217, 33.818305596655989 ], [ -6.786180781517105, 33.81828411857083 ], [ -6.786104752121758, 33.818259707483726 ], [ -6.786034268247129, 33.818244254194227 ], [ -6.785905070089691, 33.818206001552213 ], [ -6.785771478734434, 33.818163287813157 ], [ -6.785687829426727, 33.818135353211375 ], [ -6.785581420223216, 33.818103161157623 ], [ -6.785486723248247, 33.818060016012957 ], [ -6.785431207314776, 33.818034475232778 ], [ -6.785387747840671, 33.818019624010354 ], [ -6.785304920994729, 33.81797544524764 ], [ -6.785252431187088, 33.817936341861092 ], [ -6.785182483097034, 33.817886608707916 ], [ -6.785121063455074, 33.817829565556409 ], [ -6.785082360706617, 33.817774074542896 ], [ -6.785037190029605, 33.817719557111403 ], [ -6.784994653419755, 33.817694774266435 ], [ -6.784897825087293, 33.817653456157672 ], [ -6.784407243944923, 33.817653478441947 ], [ -6.783567978949035, 33.818559291062584 ], [ -6.783599983800383, 33.818601327668439 ], [ -6.78390710308299, 33.818275938203854 ], [ -6.787270212961589, 33.820671174488389 ], [ -6.787970933841843, 33.82022686133525 ], [ -6.788795476381877, 33.820839135544865 ], [ -6.790301731331929, 33.820899057536408 ], [ -6.792739271976041, 33.820945883916636 ], [ -6.793558844097032, 33.821650179536341 ], [ -6.795064557293094, 33.822754488511627 ], [ -6.79685254780356, 33.824207379425928 ], [ -6.79819433868646, 33.825058235328903 ], [ -6.798855371206657, 33.824364470108932 ] ] ] } },
{ "type": "Feature", "properties": { "fid": 4863, "indice": "R", "complement": "", "Consistance": "TN", "num": "T76029", "surface": 299798 }, "geometry": { "type": "Polygon", "coordinates": [ [ [ -6.793381065455629, 33.824114436557096 ], [ -6.790499238692557, 33.823658577355033 ], [ -6.788671571012197, 33.823369529489682 ], [ -6.788443171338086, 33.823548844907457 ], [ -6.785485771086155, 33.820920956315867 ], [ -6.783252858714049, 33.818925355127327 ], [ -6.783494542904462, 33.818698099472037 ], [ -6.783457179051267, 33.818658827944752 ], [ -6.782577668361386, 33.819481199099975 ], [ -6.784791031342337, 33.821470715008211 ], [ -6.787733245304799, 33.824095180392696 ], [ -6.787091213137265, 33.827547681145163 ], [ -6.7871289447362, 33.827541850939461 ], [ -6.789997908504814, 33.82752351601404 ], [ -6.791295583268411, 33.827440535136709 ], [ -6.793181770079682, 33.827328435858078 ], [ -6.793997097009754, 33.827088453310971 ], [ -6.793381065455629, 33.824114436557096 ] ] ] } },
{ "type": "Feature", "properties": { "fid": 4864, "indice": "R", "complement": "(P1)", "Consistance": "TN", "num": "T76028", "surface": 102977 }, "geometry": { "type": "Polygon", "coordinates": [ [ [ -6.791669988953115, 33.819491248894174 ], [ -6.791559542685966, 33.81954479049103 ], [ -6.791468586867295, 33.819600820846503 ], [ -6.791353069644193, 33.81967516316012 ], [ -6.791285450408046, 33.819703875652735 ], [ -6.79121018182137, 33.819727261636579 ], [ -6.79114665366748, 33.819741497595977 ], [ -6.79106164690794, 33.819764089923254 ], [ -6.790944256569588, 33.819788846377314 ], [ -6.790859177703092, 33.819806929702843 ], [ -6.790723276244466, 33.819822872567563 ], [ -6.790606706960114, 33.819831384775171 ], [ -6.790516960778653, 33.819827873393891 ], [ -6.790448837239056, 33.819825023385093 ], [ -6.790384963367585, 33.819817616409914 ], [ -6.790326635526838, 33.819819167051186 ], [ -6.790224197934286, 33.819832933332478 ], [ -6.790145802868405, 33.819863568901766 ], [ -6.790096377379624, 33.819881255231856 ], [ -6.790033771019893, 33.819885559110205 ], [ -6.78997316716209, 33.819879919430534 ], [ -6.789914522650951, 33.819861630877007 ], [ -6.789877558365391, 33.819847610923055 ], [ -6.789821089111006, 33.819830200074534 ], [ -6.789772211542661, 33.819814508669097 ], [ -6.789656046296455, 33.819780624653895 ], [ -6.789532390202973, 33.819751333458044 ], [ -6.78938616065824, 33.819729508486958 ], [ -6.789131645603661, 33.819693553801244 ], [ -6.788926987817111, 33.819666965938275 ], [ -6.788711382263534, 33.819631480028733 ], [ -6.788519660909238, 33.819602943929198 ], [ -6.788405714755348, 33.819572641841873 ], [ -6.788343915807268, 33.81955979918618 ], [ -6.78824729943075, 33.819532010293031 ], [ -6.788141666140246, 33.819480871198849 ], [ -6.788085024996289, 33.81945263828613 ], [ -6.78805330511798, 33.819428638303613 ], [ -6.788027981465472, 33.819399155698051 ], [ -6.78797744918576, 33.819347404656511 ], [ -6.787925793446877, 33.819292960269003 ], [ -6.787885964743898, 33.81923477682458 ], [ -6.787815611746298, 33.819159795513414 ], [ -6.787728952240091, 33.819078681649366 ], [ -6.787674055608973, 33.819024273133365 ], [ -6.787609478535171, 33.818972677843874 ], [ -6.787539513899731, 33.818922044252474 ], [ -6.787467489109378, 33.818877747017282 ], [ -6.787394355261076, 33.818831658183569 ], [ -6.787329749765914, 33.818778259199583 ], [ -6.787280471032997, 33.818737317157726 ], [ -6.787214699097114, 33.818678519461244 ], [ -6.787163029868564, 33.818623172973496 ], [ -6.787133255897586, 33.818585622171298 ], [ -6.787102401555792, 33.818548083349484 ], [ -6.787049996767969, 33.818514391366165 ], [ -6.786991009117029, 33.818474458867676 ], [ -6.786914649035008, 33.818429307481985 ], [ -6.786844035640796, 33.818405738687382 ], [ -6.786789599483352, 33.81838018652752 ], [ -6.786671448819209, 33.818357144977838 ], [ -6.786567558692934, 33.818347474138648 ], [ -6.78646363987795, 33.81833599966577 ], [ -6.78637597006253, 33.818327050703154 ], [ -6.78627729537217, 33.818305596655989 ], [ -6.786180781517105, 33.81828411857083 ], [ -6.786104752121758, 33.818259707483726 ], [ -6.786034268247129, 33.818244254194227 ], [ -6.785905070089691, 33.818206001552213 ], [ -6.785771478734434, 33.818163287813157 ], [ -6.785687829426727, 33.818135353211375 ], [ -6.785581420223216, 33.818103161157623 ], [ -6.785486723248247, 33.818060016012957 ], [ -6.785431207314776, 33.818034475232778 ], [ -6.785387747840671, 33.818019624010354 ], [ -6.785304920994729, 33.81797544524764 ], [ -6.785252431187088, 33.817936341861092 ], [ -6.785182483097034, 33.817886608707916 ], [ -6.785121063455074, 33.817829565556409 ], [ -6.785082360706617, 33.817774074542896 ], [ -6.785037190029605, 33.817719557111403 ], [ -6.784994653419755, 33.817694774266435 ], [ -6.784897825087293, 33.817653456157672 ], [ -6.784407243944923, 33.817653478441947 ], [ -6.783567978949035, 33.818559291062584 ], [ -6.783599983800383, 33.818601327668439 ], [ -6.78390710308299, 33.818275938203854 ], [ -6.787270212961589, 33.820671174488389 ], [ -6.787970933841843, 33.82022686133525 ], [ -6.788795476381877, 33.820839135544865 ], [ -6.790301731331929, 33.820899057536408 ], [ -6.792020515116906, 33.820936752567995 ], [ -6.791669988953115, 33.819491248894174 ] ] ] } },
{ "type": "Feature", "properties": { "fid": 4867, "indice": "03", "complement": "", "Consistance": "TN", "num": "T80845", "surface": 46326 }, "geometry": { "type": "Polygon", "coordinates": [ [ [ -6.796123841809146, 33.819400098869636 ], [ -6.796167820403303, 33.819379765168797 ], [ -6.796110067406213, 33.819349744412804 ], [ -6.79606758467146, 33.819328572437456 ], [ -6.795979349141493, 33.819284461092494 ], [ -6.79589663134993, 33.819247503543629 ], [ -6.795826029314751, 33.819224841600914 ], [ -6.795779340716201, 33.819210931958963 ], [ -6.795731687345192, 33.819204248541062 ], [ -6.795681110703828, 33.819217440283516 ], [ -6.795619975673699, 33.819246082751953 ], [ -6.795562038465615, 33.819271983689966 ], [ -6.795509329849692, 33.819287003029494 ], [ -6.795474800253681, 33.819290094281719 ], [ -6.795418590319631, 33.819288917861165 ], [ -6.795350192527977, 33.819268936847472 ], [ -6.795294817406298, 33.819252418181293 ], [ -6.795220772058284, 33.819217167259218 ], [ -6.795148988698426, 33.81918820458506 ], [ -6.795088067197327, 33.819162728389799 ], [ -6.795030415829439, 33.819139019540209 ], [ -6.794976265695182, 33.819131506400467 ], [ -6.794903950934576, 33.819136822994999 ], [ -6.794804857173473, 33.819156869273726 ], [ -6.794731548628111, 33.819167608457917 ], [ -6.794680654152089, 33.81916096080095 ], [ -6.794604794892804, 33.819147376160124 ], [ -6.794518362660633, 33.819148340354729 ], [ -6.794392345346937, 33.81917409824004 ], [ -6.794312871936557, 33.819204748479905 ], [ -6.794230128385223, 33.819233631272574 ], [ -6.794187186508734, 33.819251246925951 ], [ -6.79406958122797, 33.819262479730803 ], [ -6.79380409037954, 33.819283478751885 ], [ -6.793709086921102, 33.8192890476165 ], [ -6.793653237773921, 33.819310414716519 ], [ -6.793593268996368, 33.819344454783852 ], [ -6.793547129007552, 33.819364811666574 ], [ -6.793489968504964, 33.819371762375681 ], [ -6.793415261793693, 33.819362673833794 ], [ -6.793346029262737, 33.819358033900606 ], [ -6.793278813284156, 33.819344352120417 ], [ -6.793218137462802, 33.81933420514968 ], [ -6.79316616259965, 33.81932756891733 ], [ -6.793090303431521, 33.819313983358306 ], [ -6.79299832475419, 33.81930598897393 ], [ -6.792903162569677, 33.819301637726866 ], [ -6.792780039657708, 33.819305715327516 ], [ -6.792667735206233, 33.819310574219458 ], [ -6.792528593636923, 33.819326555157353 ], [ -6.792441383575581, 33.819346467177411 ], [ -6.792377841483376, 33.819359801991503 ], [ -6.792280014705105, 33.819391557279047 ], [ -6.792220779765274, 33.819403942109453 ], [ -6.792187373658683, 33.819409725739533 ], [ -6.791949929245216, 33.819427702671021 ], [ -6.791803253331168, 33.819445570555239 ], [ -6.79173005945765, 33.819463522160341 ], [ -6.791669988953115, 33.819491248894174 ], [ -6.792020443047615, 33.82093224370648 ], [ -6.792739271976041, 33.820945883916636 ], [ -6.796123841809146, 33.819400098869636 ] ] ] } },
{ "type": "Feature", "properties": { "fid": 4977, "indice": "03", "complement": "", "Consistance": "TN", "num": "T109082", "surface": 6124 }, "geometry": { "type": "Polygon", "coordinates": [ [ [ -6.909727649888467, 33.861139329851738 ], [ -6.909310870940797, 33.861232749685826 ], [ -6.909643377242443, 33.862513994001858 ], [ -6.909881385634444, 33.862460612663725 ], [ -6.91001505573876, 33.862624954937942 ], [ -6.910016121021597, 33.862624040142059 ], [ -6.910065779519197, 33.86268206636575 ], [ -6.910122740100971, 33.86266243801699 ], [ -6.909727649888467, 33.861139329851738 ] ] ] } },
{ "type": "Feature", "properties": { "fid": 4978, "indice": "03", "complement": "", "Consistance": "TN", "num": "T90383", "surface": 5454 }, "geometry": { "type": "Polygon", "coordinates": [ [ [ -6.92747158545856, 33.892457257138666 ], [ -6.927535244181719, 33.892387031511902 ], [ -6.926703657147161, 33.89196155022303 ], [ -6.926494487481857, 33.892183270850417 ], [ -6.926319317079129, 33.892370303089244 ], [ -6.927112754865202, 33.892840446986931 ], [ -6.92747158545856, 33.892457257138666 ] ] ] } },
{ "type": "Feature", "properties": { "fid": 4981, "indice": "03", "complement": "", "Consistance": "TN", "num": "T84643", "surface": 8759 }, "geometry": { "type": "Polygon", "coordinates": [ [ [ -6.926703657147161, 33.89196155022303 ], [ -6.927535244181719, 33.892387031511902 ], [ -6.927944020711178, 33.891953624367346 ], [ -6.927842020163677, 33.891872794507194 ], [ -6.928046322120645, 33.891620465442038 ], [ -6.927442620515704, 33.89117687285551 ], [ -6.926920236507076, 33.891730719508409 ], [ -6.926703657147161, 33.89196155022303 ] ] ] } },
{ "type": "Feature", "properties": { "fid": 4989, "indice": "R", "complement": "", "Consistance": "TN", "num": "T24698", "surface": 55274 }, "geometry": { "type": "Polygon", "coordinates": [ [ [ -6.911724938917416, 33.891917042744396 ], [ -6.911559139984276, 33.892085000280311 ], [ -6.911447499608254, 33.892195482011147 ], [ -6.909851578475178, 33.89377688583609 ], [ -6.910009024520705, 33.893875099509351 ], [ -6.911223283361081, 33.894728993445092 ], [ -6.911473430613629, 33.894622250511397 ], [ -6.911503080600907, 33.894648048165877 ], [ -6.911707012420299, 33.894558097697534 ], [ -6.91262953449587, 33.894058104859241 ], [ -6.913613065818209, 33.893335493215638 ], [ -6.911724938917416, 33.891917042744396 ] ] ] } },
{ "type": "Feature", "properties": { "fid": 4991, "indice": "R", "complement": "", "Consistance": "TN", "num": "T35543", "surface": 22302 }, "geometry": { "type": "Polygon", "coordinates": [ [ [ -6.911503080600907, 33.894648048165877 ], [ -6.911473430613629, 33.894622250511397 ], [ -6.911223283361081, 33.894728993445092 ], [ -6.910009024520705, 33.893875099509351 ], [ -6.908977896436495, 33.894973457022829 ], [ -6.910112064684876, 33.895761584918645 ], [ -6.910877629646587, 33.895128210952024 ], [ -6.910815226661083, 33.89508477014153 ], [ -6.911257211624831, 33.894752033707817 ], [ -6.911503080600907, 33.894648048165877 ] ] ] } },
{ "type": "Feature", "properties": { "fid": 4992, "indice": "38", "complement": "", "Consistance": "TN", "num": "T55564", "surface": 10423 }, "geometry": { "type": "Polygon", "coordinates": [ [ [ -6.864632662508946, 33.869302239212665 ], [ -6.862396215638686, 33.867215190686061 ], [ -6.862375828333847, 33.867224448318595 ], [ -6.864015002865723, 33.869607105869555 ], [ -6.864632662508946, 33.869302239212665 ] ] ] } },
{ "type": "Feature", "properties": { "fid": 5010, "indice": "38", "complement": "", "Consistance": "TN", "num": "R2568", "surface": 5619 }, "geometry": { "type": "Polygon", "coordinates": [ [ [ -6.927424050495236, 33.900038531551203 ], [ -6.927332121679834, 33.899977420807765 ], [ -6.927243437153281, 33.899916270399473 ], [ -6.927171163469063, 33.899865742746044 ], [ -6.927012447569978, 33.899758546741914 ], [ -6.926888220128137, 33.899890841895754 ], [ -6.926668486959973, 33.900128023617064 ], [ -6.927401825099899, 33.900744108541666 ], [ -6.927862211186307, 33.900352463908199 ], [ -6.927424050495236, 33.900038531551203 ] ] ] } },
{ "type": "Feature", "properties": { "fid": 5011, "indice": "R", "complement": "P1", "Consistance": "TN", "num": "T32457", "surface": 10453 }, "geometry": { "type": "Polygon", "coordinates": [ [ [ -6.864709758925559, 33.867779784954436 ], [ -6.864341143242839, 33.867463014657112 ], [ -6.864183830069918, 33.867559558635179 ], [ -6.863340143083852, 33.866638642477106 ], [ -6.862611398648552, 33.866959233031253 ], [ -6.863816855635025, 33.867790237635987 ], [ -6.864130267938176, 33.868039109134536 ], [ -6.864709758925559, 33.867779784954436 ] ] ] } },
{ "type": "Feature", "properties": { "fid": 5012, "indice": "38", "complement": "", "Consistance": "TN", "num": "T8587", "surface": 19987 }, "geometry": { "type": "Polygon", "coordinates": [ [ [ -6.855477779679213, 33.877635555644986 ], [ -6.855311816288627, 33.877475140250759 ], [ -6.854581986939289, 33.876767501272738 ], [ -6.853084269133094, 33.875661110516468 ], [ -6.85329920231769, 33.875452073114118 ], [ -6.85130756564803, 33.873968080609949 ], [ -6.851241668216151, 33.874101427973805 ], [ -6.852072663896184, 33.874783560256333 ], [ -6.853074711242498, 33.875477229073972 ], [ -6.852589257602953, 33.875933828976905 ], [ -6.854255476776345, 33.877029247571876 ], [ -6.854178514254917, 33.877147392303584 ], [ -6.854901230185606, 33.877688260444287 ], [ -6.854997710579194, 33.877767409508479 ], [ -6.855135907064605, 33.877883954045366 ], [ -6.855477779679213, 33.877635555644986 ] ] ] } },
{ "type": "Feature", "properties": { "fid": 5020, "indice": "R", "complement": "SOLDE", "Consistance": "TN", "num": "T28468", "surface": 160742 }, "geometry": { "type": "Polygon", "coordinates": [ [ [ -6.819639894663869, 33.834581786829226 ], [ -6.819831408895292, 33.834462361045283 ], [ -6.819965430861232, 33.834330058910211 ], [ -6.820043644306297, 33.83422184070767 ], [ -6.820162566808452, 33.834091513696734 ], [ -6.82029134658157, 33.833969191982177 ], [ -6.820487828173811, 33.833889393741657 ], [ -6.820899140455216, 33.834390704214897 ], [ -6.82239986149532, 33.833367985931552 ], [ -6.823519567223611, 33.832575972703708 ], [ -6.8242847817563, 33.832115389550836 ], [ -6.820990067940445, 33.830889269722228 ], [ -6.82064591187185, 33.830992393361242 ], [ -6.820402084104939, 33.831084455023465 ], [ -6.820256188626932, 33.831151051588726 ], [ -6.820091350047834, 33.831182687748388 ], [ -6.819881863491138, 33.831259927392679 ], [ -6.819615960056407, 33.831390119380742 ], [ -6.81927953301692, 33.831569815740473 ], [ -6.819009415263876, 33.831773110801748 ], [ -6.81876212021564, 33.831984263670208 ], [ -6.818531047080037, 33.832196133909363 ], [ -6.818405169451158, 33.832430260596794 ], [ -6.817969262511511, 33.832740058137553 ], [ -6.817409726875666, 33.83302419769371 ], [ -6.817228122928402, 33.833088489625496 ], [ -6.816976785685067, 33.833250980264694 ], [ -6.817045997251653, 33.833386387625985 ], [ -6.817247865092153, 33.833438215526741 ], [ -6.817346071107104, 33.833495727902751 ], [ -6.817388597528725, 33.833718023045904 ], [ -6.817318925231493, 33.834019156197918 ], [ -6.817130573117209, 33.834266616609575 ], [ -6.817064820222361, 33.8344766100196 ], [ -6.817075139482857, 33.834778640200881 ], [ -6.817035749894393, 33.834881906829018 ], [ -6.817297556538148, 33.834831137070204 ], [ -6.817481292640877, 33.834897601044204 ], [ -6.817606092663495, 33.834796071731496 ], [ -6.817699989792334, 33.834655207685252 ], [ -6.818087034990634, 33.834529959689966 ], [ -6.818348374365839, 33.83464965813755 ], [ -6.818593925042345, 33.834728948241768 ], [ -6.819394717776605, 33.834724369803588 ], [ -6.819639894663869, 33.834581786829226 ] ] ] } },
{ "type": "Feature", "properties": { "fid": 5038, "indice": "38", "complement": "SOLDE", "Consistance": "TN", "num": "T11335", "surface": 9866 }, "geometry": { "type": "Polygon", "coordinates": [ [ [ -6.927109517802661, 33.871765065742615 ], [ -6.92712654541855, 33.871749524981603 ], [ -6.926802973102244, 33.871487404308247 ], [ -6.926182369818346, 33.870934876660542 ], [ -6.925590988802215, 33.871370509454074 ], [ -6.925612972988569, 33.87139098581153 ], [ -6.926161262790437, 33.871889380519519 ], [ -6.926567684217717, 33.872251508357088 ], [ -6.92717313564114, 33.871816601239843 ], [ -6.927109517802661, 33.871765065742615 ] ] ] } },
{ "type": "Feature", "properties": { "fid": 5041, "indice": "r", "complement": "", "Consistance": "t.n", "num": "T24754", "surface": 2876 }, "geometry": { "type": "Polygon", "coordinates": [ [ [ -6.940613253735161, 33.935646150498258 ], [ -6.941130305065117, 33.936063686616748 ], [ -6.941458064907823, 33.935813428044035 ], [ -6.940942601979997, 33.935363404707388 ], [ -6.940613253735161, 33.935646150498258 ] ] ] } },
{ "type": "Feature", "properties": { "fid": 5056, "indice": "38", "complement": "", "Consistance": "TN", "num": "T118155", "surface": 4024 }, "geometry": { "type": "Polygon", "coordinates": [ [ [ -6.83679361508554, 33.847186068268144 ], [ -6.836615184768732, 33.846788563044882 ], [ -6.836302424733248, 33.846831840638252 ], [ -6.836406914787999, 33.847727159194761 ], [ -6.836636192305456, 33.847668605739315 ], [ -6.836972978942925, 33.847574543173579 ], [ -6.83679361508554, 33.847186068268144 ] ] ] } },
{ "type": "Feature", "properties": { "fid": 5061, "indice": "38", "complement": "", "Consistance": "TN", "num": "T11881", "surface": 5343 }, "geometry": { "type": "Polygon", "coordinates": [ [ [ -6.908852904498548, 33.923067079172455 ], [ -6.909684675643017, 33.923304174385571 ], [ -6.91103148727422, 33.923668530990753 ], [ -6.91106359559894, 33.923461604573511 ], [ -6.910397676188049, 33.923243261263302 ], [ -6.908946673232935, 33.922859409979601 ], [ -6.908852904498548, 33.923067079172455 ] ] ] } },
{ "type": "Feature", "properties": { "fid": 5100, "indice": "R", "complement": "", "Consistance": "TN", "num": "T14113", "surface": 12503 }, "geometry": { "type": "Polygon", "coordinates": [ [ [ -6.94256041439434, 33.91346921775861 ], [ -6.941616525467433, 33.912765623207669 ], [ -6.940786843193973, 33.913500986992041 ], [ -6.941825793750962, 33.914135772308128 ], [ -6.94256041439434, 33.91346921775861 ] ] ] } },
{ "type": "Feature", "properties": { "fid": 5109, "indice": "R", "complement": "SOLDE", "Consistance": "TN", "num": "T52544", "surface": 85203 }, "geometry": { "type": "Polygon", "coordinates": [ [ [ -6.926218776851764, 33.870914589896614 ], [ -6.926182369818346, 33.870934876660542 ], [ -6.926802973102244, 33.871487404308247 ], [ -6.92712654541855, 33.871749524981603 ], [ -6.927109517802661, 33.871765065742615 ], [ -6.92717313564114, 33.871816601239843 ], [ -6.928170502824427, 33.87270364891485 ], [ -6.929879718269085, 33.874225063433698 ], [ -6.930874144443366, 33.873343433105859 ], [ -6.928459358662987, 33.87117314497516 ], [ -6.926078056208291, 33.869055615775608 ], [ -6.925745892443137, 33.869474557876778 ], [ -6.925377372203533, 33.870163620768622 ], [ -6.926218776851764, 33.870914589896614 ] ] ] } },
{ "type": "Feature", "properties": { "fid": 6123, "indice": "R", "complement": "P1", "Consistance": "TN", "num": "T12554", "surface": 281924 }, "geometry": { "type": "Polygon", "coordinates": [ [ [ -6.80413606236344, 33.794306830068408 ], [ -6.803943829566521, 33.794176404292095 ], [ -6.80379120715997, 33.794090630387139 ], [ -6.804644985594635, 33.793911472180696 ], [ -6.806773634727185, 33.792336188088413 ], [ -6.804432467727482, 33.790780512845288 ], [ -6.803966349840914, 33.78873653575959 ], [ -6.804022533375968, 33.788201052103716 ], [ -6.800647397009073, 33.788838719261037 ], [ -6.797516670273907, 33.78942936639951 ], [ -6.797292775290831, 33.789478771033387 ], [ -6.803412535455678, 33.794256330875164 ], [ -6.803844757128362, 33.794531078377354 ], [ -6.80413606236344, 33.794306830068408 ] ] ] } },
{ "type": "Feature", "properties": { "fid": 6124, "indice": "R", "complement": "P18", "Consistance": "TN", "num": "T12554", "surface": 35859 }, "geometry": { "type": "Polygon", "coordinates": [ [ [ -6.795682106485475, 33.785160229261656 ], [ -6.794346095081761, 33.786317905780379 ], [ -6.795576502023849, 33.787536224639119 ], [ -6.797253277300733, 33.787016007233788 ], [ -6.795682106485475, 33.785160229261656 ] ] ] } },
{ "type": "Feature", "properties": { "fid": 6150, "indice": "03", "complement": "", "Consistance": "TN", "num": "T79921", "surface": 9979 }, "geometry": { "type": "Polygon", "coordinates": [ [ [ -6.84554622122274, 33.800971804751214 ], [ -6.844495348988104, 33.800731410078789 ], [ -6.844400109695839, 33.801633553427116 ], [ -6.845448862115033, 33.801875777360095 ], [ -6.84554622122274, 33.800971804751214 ] ] ] } },
{ "type": "Feature", "properties": { "fid": 6164, "indice": "38", "complement": "REV", "Consistance": "TN", "num": "R2120", "surface": 9120 }, "geometry": { "type": "Polygon", "coordinates": [ [ [ -6.846381632659728, 33.848746817249484 ], [ -6.846091965164619, 33.848553546241654 ], [ -6.845589005653606, 33.848209412056967 ], [ -6.845031580471084, 33.848426004449678 ], [ -6.845068939558294, 33.848788148997563 ], [ -6.845231446463007, 33.849070379269939 ], [ -6.845307909051242, 33.849443796867533 ], [ -6.846381632659728, 33.848746817249484 ] ] ] } },
{ "type": "Feature", "properties": { "fid": 6165, "indice": "03", "complement": "", "Consistance": "TN", "num": "T79922", "surface": 10005 }, "geometry": { "type": "Polygon", "coordinates": [ [ [ -6.845448862115033, 33.801875777360095 ], [ -6.844400109695839, 33.801633553427116 ], [ -6.844304973095029, 33.802542008847666 ], [ -6.845351545875133, 33.802782454950552 ], [ -6.845448862115033, 33.801875777360095 ] ] ] } },
{ "type": "Feature", "properties": { "fid": 6213, "indice": "R", "complement": "SOLDE", "Consistance": "TN", "num": "T69764", "surface": 281506 }, "geometry": { "type": "Polygon", "coordinates": [ [ [ -6.85092372885273, 33.801843006825152 ], [ -6.848781626846005, 33.801601781917014 ], [ -6.847769098747436, 33.801394342107685 ], [ -6.847632395954607, 33.802269910061092 ], [ -6.847489014424678, 33.803133829662656 ], [ -6.846394013283429, 33.803035567068711 ], [ -6.846395949067983, 33.8030220155023 ], [ -6.844304973095029, 33.802542008847666 ], [ -6.844194001544129, 33.803538135443731 ], [ -6.845244876882195, 33.803776728897006 ], [ -6.846292562272041, 33.804018056308443 ], [ -6.847609179814646, 33.804318494664024 ], [ -6.846952241347572, 33.805096361650982 ], [ -6.846162822461038, 33.806029990078542 ], [ -6.845924701917653, 33.805744123031701 ], [ -6.845448889355644, 33.805783900298373 ], [ -6.843931019604891, 33.805988146644495 ], [ -6.843750507204651, 33.807808548733711 ], [ -6.847331258722116, 33.808854880849701 ], [ -6.847863573411198, 33.806038260857044 ], [ -6.848123354002724, 33.806066819386722 ], [ -6.850201770018999, 33.806305187644462 ], [ -6.85092372885273, 33.801843006825152 ] ] ] } },
{ "type": "Feature", "properties": { "fid": 6235, "indice": "38", "complement": "", "Consistance": "TN", "num": "R763", "surface": 26079 }, "geometry": { "type": "Polygon", "coordinates": [ [ [ -6.895328135041688, 33.904317989105735 ], [ -6.893969271202552, 33.902852364652674 ], [ -6.893764286081681, 33.902631135512799 ], [ -6.892879003700663, 33.903358726945335 ], [ -6.894118334694999, 33.904667052215977 ], [ -6.89449368679754, 33.904919617171799 ], [ -6.895328135041688, 33.904317989105735 ] ] ] } },
{ "type": "Feature", "properties": { "fid": 6250, "indice": "03", "complement": "", "Consistance": "TN", "num": "T82237", "surface": 6389 }, "geometry": { "type": "Polygon", "coordinates": [ [ [ -6.795451808127113, 33.812729678610268 ], [ -6.795751932933376, 33.812106698010993 ], [ -6.795613137443125, 33.811604065597415 ], [ -6.794810404309827, 33.811474127344866 ], [ -6.795186217970736, 33.812338497390712 ], [ -6.795451808127113, 33.812729678610268 ] ] ] } },
{ "type": "Feature", "properties": { "fid": 6313, "indice": "R", "complement": "", "Consistance": "TN", "num": "T16996", "surface": 3211 }, "geometry": { "type": "Polygon", "coordinates": [ [ [ -6.920065769363261, 33.936935443017703 ], [ -6.919412071276769, 33.936432896171361 ], [ -6.919137634097917, 33.93670409500303 ], [ -6.919756477032067, 33.937193537696935 ], [ -6.920065769363261, 33.936935443017703 ] ] ] } },
{ "type": "Feature", "properties": { "fid": 6314, "indice": "R", "complement": "", "Consistance": "TN", "num": "T16970", "surface": 3299 }, "geometry": { "type": "Polygon", "coordinates": [ [ [ -6.92033665934087, 33.936647148878379 ], [ -6.92004835179044, 33.936434190845773 ], [ -6.919692089258321, 33.936171549986767 ], [ -6.919412071276769, 33.936432896171361 ], [ -6.920065769363261, 33.936935443017703 ], [ -6.920371735506174, 33.93667287835973 ], [ -6.92033665934087, 33.936647148878379 ] ] ] } },
{ "type": "Feature", "properties": { "fid": 6338, "indice": "38", "complement": "", "Consistance": "TN", "num": "T100412", "surface": 2545 }, "geometry": { "type": "Polygon", "coordinates": [ [ [ -6.904022469700325, 33.904999366376174 ], [ -6.903547503180232, 33.905368548240617 ], [ -6.903876569903625, 33.905632464523606 ], [ -6.904344870605339, 33.905315672996814 ], [ -6.904022469700325, 33.904999366376174 ] ] ] } },
{ "type": "Feature", "properties": { "fid": 6342, "indice": "38", "complement": "AV.ENROL.", "Consistance": "TN", "num": "R11", "surface": 7132 }, "geometry": { "type": "Polygon", "coordinates": [ [ [ -6.835189281529848, 33.848681852362439 ], [ -6.83380751914435, 33.848730172018954 ], [ -6.83377429137423, 33.84920677176644 ], [ -6.835364293055442, 33.849134416292742 ], [ -6.835189281529848, 33.848681852362439 ] ] ] } },
{ "type": "Feature", "properties": { "fid": 6344, "indice": "38", "complement": "AV.ENROL.", "Consistance": "TN", "num": "R12", "surface": 4052 }, "geometry": { "type": "Polygon", "coordinates": [ [ [ -6.836301388622951, 33.846834558329988 ], [ -6.835956374637519, 33.846953967658848 ], [ -6.835978411138429, 33.847241430387342 ], [ -6.83582807294128, 33.847891644424934 ], [ -6.836410201677167, 33.847729827230765 ], [ -6.836301388622951, 33.846834558329988 ] ] ] } },
{ "type": "Feature", "properties": { "fid": 6361, "indice": "R", "complement": "P4", "Consistance": "TN", "num": "T12553", "surface": 4328 }, "geometry": { "type": "Polygon", "coordinates": [ [ [ -6.807118258977774, 33.801232666249668 ], [ -6.806272441005253, 33.801440612703153 ], [ -6.806282643063525, 33.801470261934185 ], [ -6.806227757587504, 33.801483506632763 ], [ -6.806366091432651, 33.801887823117127 ], [ -6.807266798974011, 33.801666630929212 ], [ -6.807118258977774, 33.801232666249668 ] ] ] } },
{ "type": "Feature", "properties": { "fid": 6383, "indice": "38", "complement": "", "Consistance": "TN", "num": "T91974", "surface": 2015 }, "geometry": { "type": "Polygon", "coordinates": [ [ [ -6.919266257844304, 33.892097177864606 ], [ -6.918515264544201, 33.892568983146177 ], [ -6.918682391551553, 33.892725693780307 ], [ -6.919428041819031, 33.892257560119837 ], [ -6.919266257844304, 33.892097177864606 ] ] ] } },
{ "type": "Feature", "properties": { "fid": 6384, "indice": "38", "complement": "", "Consistance": "TN", "num": "R2485", "surface": 8770 }, "geometry": { "type": "Polygon", "coordinates": [ [ [ -6.907029593984065, 33.907937723001474 ], [ -6.906812929206144, 33.908044052880491 ], [ -6.906695120873745, 33.908112213452512 ], [ -6.906565540864195, 33.908187730991209 ], [ -6.90790788333194, 33.909307081256522 ], [ -6.908042965155651, 33.909236907585075 ], [ -6.908366515415756, 33.909056231832174 ], [ -6.907029593984065, 33.907937723001474 ] ] ] } },
{ "type": "Feature", "properties": { "fid": 6385, "indice": "38", "complement": "", "Consistance": "TN", "num": "R2486", "surface": 2822 }, "geometry": { "type": "Polygon", "coordinates": [ [ [ -6.908366515415756, 33.909056231832174 ], [ -6.908042965155651, 33.909236907585075 ], [ -6.90790788333194, 33.909307081256522 ], [ -6.908344717128132, 33.909670702252789 ], [ -6.908477589237934, 33.909597848996498 ], [ -6.908801202493311, 33.909420779069499 ], [ -6.908366515415756, 33.909056231832174 ] ] ] } },
{ "type": "Feature", "properties": { "fid": 6395, "indice": "38", "complement": "AV.BGE", "Consistance": "TN", "num": "R12", "surface": 4217 }, "geometry": { "type": "Polygon", "coordinates": [ [ [ -6.849378885733628, 33.841068236395152 ], [ -6.849149589567403, 33.84021495879017 ], [ -6.848704479409143, 33.840162392759922 ], [ -6.848980194246046, 33.841207245124785 ], [ -6.849378885733628, 33.841068236395152 ] ] ] } },
{ "type": "Feature", "properties": { "fid": 6404, "indice": "R", "complement": "P3", "Consistance": "TN", "num": "T3174", "surface": 62274 }, "geometry": { "type": "Polygon", "coordinates": [ [ [ -6.82758374802513, 33.833331453317001 ], [ -6.827477418808721, 33.833504034646694 ], [ -6.827391932064985, 33.83362947740261 ], [ -6.827326562201909, 33.833729436316396 ], [ -6.827251585210967, 33.833836720322665 ], [ -6.827166083035322, 33.833961261146285 ], [ -6.82709334071017, 33.834073029203275 ], [ -6.827015136159839, 33.834181251820688 ], [ -6.82697652887645, 33.834265572215919 ], [ -6.826926537498085, 33.834380688237644 ], [ -6.826886005298038, 33.834479461492499 ], [ -6.826857123064328, 33.834563670856873 ], [ -6.826841089649496, 33.834640518122931 ], [ -6.826830207961734, 33.834701973736685 ], [ -6.8268130200231, 33.834774324505737 ], [ -6.82677814361031, 33.834822524930573 ], [ -6.826733453163685, 33.834865425733561 ], [ -6.826688393293522, 33.834885782414766 ], [ -6.826605497839911, 33.834905668846162 ], [ -6.826479393353323, 33.83492695012216 ], [ -6.826392945814693, 33.834927936348201 ], [ -6.826295707102512, 33.834929947545348 ], [ -6.826193021104063, 33.834929315002775 ], [ -6.826099186628623, 33.834941208476721 ], [ -6.825993480354792, 33.834954139209025 ], [ -6.825863053268829, 33.834975469158991 ], [ -6.825776827161344, 33.834989981423334 ], [ -6.825389743705786, 33.835178389021991 ], [ -6.82548067353278, 33.835583222024518 ], [ -6.826084306888629, 33.836606345537355 ], [ -6.827181328204055, 33.837001502229462 ], [ -6.827999960076054, 33.836303981181857 ], [ -6.827428937330312, 33.835689069817136 ], [ -6.828266726171611, 33.834842508916758 ], [ -6.829017001644653, 33.833867063814345 ], [ -6.82758374802513, 33.833331453317001 ] ] ] } },
{ "type": "Feature", "properties": { "fid": 6407, "indice": "03", "complement": "", "Consistance": "TN", "num": "T83488", "surface": 144919 }, "geometry": { "type": "Polygon", "coordinates": [ [ [ -6.824986746125695, 33.844829135693736 ], [ -6.824048700420487, 33.843585237330977 ], [ -6.823022726082753, 33.843639307732253 ], [ -6.82263160804222, 33.842392781174865 ], [ -6.820264993073752, 33.842822846216038 ], [ -6.818599048828951, 33.842871520503415 ], [ -6.817847773471387, 33.84333280971434 ], [ -6.817613258265518, 33.843799962088632 ], [ -6.818011675107823, 33.843972222868558 ], [ -6.818108311111598, 33.844131670381209 ], [ -6.818327869476666, 33.84427258700557 ], [ -6.818526271415553, 33.844309119471589 ], [ -6.818844478860991, 33.84426853027648 ], [ -6.819128353141525, 33.84424366270423 ], [ -6.819666951521301, 33.844328644019868 ], [ -6.819934019703632, 33.844333729081704 ], [ -6.820291243031192, 33.844365749435127 ], [ -6.820489910832872, 33.844418510503822 ], [ -6.820656518761034, 33.844560024558831 ], [ -6.820787242855953, 33.844688417165891 ], [ -6.821127449942387, 33.844803605973382 ], [ -6.821561120971928, 33.844883458082784 ], [ -6.821975251479084, 33.844958119322982 ], [ -6.822264534736589, 33.845065766754423 ], [ -6.822416158764018, 33.845282309031099 ], [ -6.822613306120151, 33.845704875017084 ], [ -6.822717163633127, 33.846041014942408 ], [ -6.822817430982476, 33.846289708490538 ], [ -6.823149109672635, 33.846543885938274 ], [ -6.823337468943684, 33.846759107048356 ], [ -6.823511030404589, 33.846664232769491 ], [ -6.823627470192728, 33.84664577058426 ], [ -6.825035257070708, 33.844887208309906 ], [ -6.824986746125695, 33.844829135693736 ] ] ] } },
{ "type": "Feature", "properties": { "fid": 6414, "indice": "R", "complement": "MT", "Consistance": "TN", "num": "T23385", "surface": 3675 }, "geometry": { "type": "Polygon", "coordinates": [ [ [ -6.922766830982033, 33.919766210510097 ], [ -6.922126383627476, 33.919272534148881 ], [ -6.921800816413648, 33.919585851295849 ], [ -6.9224389746941, 33.920072341769625 ], [ -6.922766830982033, 33.919766210510097 ] ] ] } },
{ "type": "Feature", "properties": { "fid": 6418, "indice": "38", "complement": "", "Consistance": "TN", "num": "R2596", "surface": 8615 }, "geometry": { "type": "Polygon", "coordinates": [ [ [ -6.853262682627276, 33.851959993172031 ], [ -6.853241217121863, 33.851969261922108 ], [ -6.853071398646804, 33.852028056821034 ], [ -6.852461757975112, 33.852225446198034 ], [ -6.852410789835937, 33.852086238867024 ], [ -6.851731691854081, 33.852332233625951 ], [ -6.850707018653832, 33.852729248477338 ], [ -6.850991998938767, 33.853028990978807 ], [ -6.852517443173626, 33.852452987929119 ], [ -6.853418848161732, 33.852054684947653 ], [ -6.853262682627276, 33.851959993172031 ] ] ] } },
{ "type": "Feature", "properties": { "fid": 6628, "indice": "R", "complement": "P7", "Consistance": "TN", "num": "T7698", "surface": 27053 }, "geometry": { "type": "Polygon", "coordinates": [ [ [ -6.782652230024987, 33.816418313371109 ], [ -6.782464468440019, 33.81663865775748 ], [ -6.782029600290044, 33.817153058261205 ], [ -6.781934140391301, 33.817265953236692 ], [ -6.782173413066168, 33.817499614277814 ], [ -6.783457179051267, 33.818658827944752 ], [ -6.783567978949035, 33.818559291062584 ], [ -6.784407243944923, 33.817653478441947 ], [ -6.782652230024987, 33.816418313371109 ] ] ] } },
{ "type": "Feature", "properties": { "fid": 6639, "indice": "R", "complement": "", "Consistance": "TN", "num": "T14874", "surface": 48158 }, "geometry": { "type": "Polygon", "coordinates": [ [ [ -6.932322746765236, 33.913306371079905 ], [ -6.932287627329177, 33.913339270269809 ], [ -6.932034713623835, 33.913536279835022 ], [ -6.931743545428048, 33.913772539713804 ], [ -6.930684313686239, 33.912779856632326 ], [ -6.929877505266429, 33.913529297931987 ], [ -6.930983952307397, 33.914315771895346 ], [ -6.931695290980901, 33.914718344203884 ], [ -6.932757681384467, 33.915397111164502 ], [ -6.93383872336774, 33.914678564040862 ], [ -6.934208668295449, 33.914431412497692 ], [ -6.932322746765236, 33.913306371079905 ] ] ] } },
{ "type": "Feature", "properties": { "fid": 6645, "indice": "38", "complement": "", "Consistance": "TN", "num": "T113943", "surface": 14686 }, "geometry": { "type": "Polygon", "coordinates": [ [ [ -6.913004874981846, 33.907309136763104 ], [ -6.912329795107796, 33.906805907503653 ], [ -6.911995618644466, 33.907183341103227 ], [ -6.912712156204047, 33.907644582594287 ], [ -6.913815802272986, 33.908407791046528 ], [ -6.913876176444194, 33.908334005077371 ], [ -6.914657609444102, 33.908855781052431 ], [ -6.914985592165822, 33.908557784561324 ], [ -6.913004874981846, 33.907309136763104 ] ] ] } },
{ "type": "Feature", "properties": { "fid": 6770, "indice": "R", "complement": "LOT16", "Consistance": "TN", "num": "T2580", "surface": 29152 }, "geometry": { "type": "Polygon", "coordinates": [ [ [ -6.824207212025708, 33.828958603006697 ], [ -6.823983334600471, 33.83020401816588 ], [ -6.824626936146941, 33.830436600693211 ], [ -6.826185006941285, 33.831008702339211 ], [ -6.826242630337525, 33.831029691434949 ], [ -6.826577852487961, 33.830051778203647 ], [ -6.824207212025708, 33.828958603006697 ] ] ] } },
{ "type": "Feature", "properties": { "fid": 6778, "indice": "38", "complement": "BC31/07/13", "Consistance": "TN", "num": "R2604", "surface": 9941 }, "geometry": { "type": "Polygon", "coordinates": [ [ [ -6.852487754513292, 33.882680487047921 ], [ -6.85245590353491, 33.882651093426468 ], [ -6.852272020271513, 33.882453903484695 ], [ -6.852250140840871, 33.882438824801923 ], [ -6.851347335743346, 33.88167004127579 ], [ -6.850829086649441, 33.881264776185468 ], [ -6.850669747175345, 33.88111239532698 ], [ -6.850394624068628, 33.881344673456333 ], [ -6.850939827049601, 33.881810056464928 ], [ -6.85140879525268, 33.882178012105221 ], [ -6.851780759986489, 33.882500191785745 ], [ -6.852121312914674, 33.882819127279561 ], [ -6.852390372022656, 33.88306583621857 ], [ -6.852440919390518, 33.883113953146072 ], [ -6.852758015845402, 33.882934396629565 ], [ -6.852487754513292, 33.882680487047921 ] ] ] } },
{ "type": "Feature", "properties": { "fid": 6790, "indice": "38", "complement": "LOT A", "Consistance": "TN", "num": "T1001", "surface": 428518 }, "geometry": { "type": "Polygon", "coordinates": [ [ [ -6.821200080448113, 33.785418291502246 ], [ -6.821704718880892, 33.784834403509848 ], [ -6.821236891640275, 33.784430241526316 ], [ -6.820552613070372, 33.7833376474833 ], [ -6.820299081957539, 33.782561247360299 ], [ -6.819624909162822, 33.781159165147983 ], [ -6.819540513135554, 33.781150202532714 ], [ -6.819355565884948, 33.781267752721256 ], [ -6.818346626070493, 33.781195328059439 ], [ -6.816962876937191, 33.780723975785534 ], [ -6.811656516161733, 33.778807871285025 ], [ -6.807596706111886, 33.781833701443894 ], [ -6.806312333547538, 33.782296429864275 ], [ -6.806037136916925, 33.782311252026446 ], [ -6.805761780145954, 33.782316153984667 ], [ -6.805231487179543, 33.782520546603891 ], [ -6.804949533520471, 33.783523072141953 ], [ -6.805131693918764, 33.783566121162693 ], [ -6.806505198728491, 33.784274028689047 ], [ -6.807010188821843, 33.783773175860084 ], [ -6.807807507084757, 33.78378313651983 ], [ -6.809399927321668, 33.783599227931802 ], [ -6.809860019840937, 33.78339560972244 ], [ -6.810283231574697, 33.783315972571039 ], [ -6.810860935199149, 33.783304941510963 ], [ -6.811527628752469, 33.783052985009384 ], [ -6.812018820389994, 33.783169198203517 ], [ -6.812051654365706, 33.783062397568969 ], [ -6.812040553281194, 33.782644020117587 ], [ -6.812301016633076, 33.782319983768168 ], [ -6.813136888267558, 33.782177045629474 ], [ -6.813645783286226, 33.782385952680166 ], [ -6.814214773996433, 33.782503982923309 ], [ -6.8146464013767, 33.782211376294825 ], [ -6.815124134149864, 33.782030989294384 ], [ -6.815936956766997, 33.782131818935952 ], [ -6.816488596730763, 33.782444855916033 ], [ -6.816904766123621, 33.782397746103456 ], [ -6.818130688775896, 33.782660736771568 ], [ -6.81838151544367, 33.782675026886537 ], [ -6.818673586647393, 33.783298564170984 ], [ -6.818986758247249, 33.785416385961511 ], [ -6.818916051187043, 33.785584950801223 ], [ -6.821129192651549, 33.785509292323738 ], [ -6.821200080448113, 33.785418291502246 ] ] ] } },
{ "type": "Feature", "properties": { "fid": 6808, "indice": "38", "complement": "ECOL", "Consistance": "TN", "num": "T91291", "surface": 2149 }, "geometry": { "type": "Polygon", "coordinates": [ [ [ -6.806269156656611, 33.807193217868651 ], [ -6.806453241970031, 33.807084717900985 ], [ -6.806474657706886, 33.807072751724441 ], [ -6.806492905490843, 33.807065330883951 ], [ -6.806514292094252, 33.807051561151283 ], [ -6.806531386810322, 33.807039643587878 ], [ -6.806551707712452, 33.807026787779293 ], [ -6.806569795296191, 33.807009447406806 ], [ -6.806591109061722, 33.80699116878781 ], [ -6.806610204067483, 33.806969307379852 ], [ -6.806626072876697, 33.806948384213712 ], [ -6.806639781178975, 33.806927485359161 ], [ -6.80665344578558, 33.806903881179117 ], [ -6.806664833381491, 33.80687308711456 ], [ -6.806675242663475, 33.806848617628312 ], [ -6.806681258129607, 33.806819687896777 ], [ -6.806687259028383, 33.80678985639004 ], [ -6.806687844121819, 33.806759183894549 ], [ -6.806686341537189, 33.806733044586657 ], [ -6.806681554522848, 33.806704236426249 ], [ -6.806675701828372, 33.806676342197264 ], [ -6.806664418780477, 33.806646705203875 ], [ -6.80665757322768, 33.806624233778805 ], [ -6.806647559756168, 33.806606307697557 ], [ -6.806639765031021, 33.806591964400539 ], [ -6.806624292089811, 33.806570492002599 ], [ -6.806611067021358, 33.806554405937717 ], [ -6.806593448166698, 33.806533859623634 ], [ -6.806576982375749, 33.806517810024296 ], [ -6.806553976876802, 33.806498226260693 ], [ -6.806486815143481, 33.806420513362397 ], [ -6.806369549092499, 33.806451596829206 ], [ -6.806246238401657, 33.80717904470005 ], [ -6.806269156656611, 33.807193217868651 ] ] ] } },
{ "type": "Feature", "properties": { "fid": 6809, "indice": "03", "complement": "P3", "Consistance": "TN", "num": "R39970", "surface": 40954 }, "geometry": { "type": "Polygon", "coordinates": [ [ [ -6.915436980255021, 33.889138396459529 ], [ -6.913930341586363, 33.887763158707898 ], [ -6.913978385419504, 33.887727402158085 ], [ -6.914353755253617, 33.887422517284485 ], [ -6.91342240977796, 33.886602209489489 ], [ -6.912002792603837, 33.88761690613174 ], [ -6.912928666087129, 33.888371449657505 ], [ -6.913091071100036, 33.888257646665281 ], [ -6.914480671253884, 33.889370948284466 ], [ -6.914938826125848, 33.889845226821848 ], [ -6.915436980255021, 33.889138396459529 ] ] ] } },
{ "type": "Feature", "properties": { "fid": 6815, "indice": "38", "complement": "", "Consistance": "TN", "num": "R84", "surface": 10521 }, "geometry": { "type": "Polygon", "coordinates": [ [ [ -6.917466463178977, 33.916523250566513 ], [ -6.917679195134674, 33.916315033475556 ], [ -6.917322007140053, 33.916118236429909 ], [ -6.917031851170639, 33.915981054457113 ], [ -6.916608359161446, 33.915766118763635 ], [ -6.91655706876533, 33.915740584633852 ], [ -6.916457701377517, 33.915687673536766 ], [ -6.916357252526979, 33.915634775464383 ], [ -6.916265519331625, 33.915585379396255 ], [ -6.916156323759975, 33.915527175617058 ], [ -6.916004679503824, 33.915454153314712 ], [ -6.915455632866888, 33.915173090613493 ], [ -6.915217741475893, 33.915427606464647 ], [ -6.915176517876691, 33.915483122621936 ], [ -6.917136388128942, 33.916516429195198 ], [ -6.917138362599121, 33.916505582231117 ], [ -6.917497141081264, 33.916545426577954 ], [ -6.917466463178977, 33.916523250566513 ] ] ] } },
{ "type": "Feature", "properties": { "fid": 6836, "indice": "38", "complement": "", "Consistance": "TN", "num": "R491", "surface": 19855 }, "geometry": { "type": "Polygon", "coordinates": [ [ [ -6.850376203606173, 33.846369058101097 ], [ -6.850528189324243, 33.845889271085149 ], [ -6.850686958202623, 33.845427443750665 ], [ -6.850892946264735, 33.844945225747288 ], [ -6.850967887336531, 33.844772087050146 ], [ -6.85058132158904, 33.844731475234063 ], [ -6.850238106411143, 33.844827453253011 ], [ -6.848876495052978, 33.845368161689414 ], [ -6.849052832098256, 33.845701637280555 ], [ -6.849538950601872, 33.846332767468851 ], [ -6.850190154678234, 33.845258231225614 ], [ -6.850403598044496, 33.845353164466943 ], [ -6.849804978717073, 33.846729239433465 ], [ -6.850117931077972, 33.847087285533306 ], [ -6.850376203606173, 33.846369058101097 ] ] ] } },
{ "type": "Feature", "properties": { "fid": 6837, "indice": "38", "complement": "", "Consistance": "TN", "num": "T114942", "surface": 17244 }, "geometry": { "type": "Polygon", "coordinates": [ [ [ -6.911771912697156, 33.903211273685379 ], [ -6.91144071532396, 33.902950109267472 ], [ -6.910934503390306, 33.902576513145057 ], [ -6.910304622875353, 33.902181859604816 ], [ -6.909423960176062, 33.901608941779564 ], [ -6.909378900743088, 33.901630229532216 ], [ -6.908837646853772, 33.901230891879131 ], [ -6.908510832911624, 33.901471135947126 ], [ -6.90928756279632, 33.902039000307447 ], [ -6.910056202266841, 33.902514059464743 ], [ -6.911074938520679, 33.903251259314828 ], [ -6.911630289171391, 33.903713551571173 ], [ -6.911689047439723, 33.903671353326011 ], [ -6.911996802528856, 33.903454781408833 ], [ -6.912037395493948, 33.903425429397352 ], [ -6.911771912697156, 33.903211273685379 ] ] ] } },
{ "type": "Feature", "properties": { "fid": 6838, "indice": "38", "complement": "", "Consistance": "TN", "num": "T99794", "surface": 10716 }, "geometry": { "type": "Polygon", "coordinates": [ [ [ -6.925377372203533, 33.870163620768622 ], [ -6.924780607317231, 33.871279373839151 ], [ -6.925176668046633, 33.871667788543419 ], [ -6.925590988802215, 33.871370509454074 ], [ -6.926182369818346, 33.870934876660542 ], [ -6.926218776851764, 33.870914589896614 ], [ -6.925377372203533, 33.870163620768622 ] ] ] } },
{ "type": "Feature", "properties": { "fid": 6842, "indice": "38", "complement": "", "Consistance": "TN", "num": "T105011", "surface": 3943 }, "geometry": { "type": "Polygon", "coordinates": [ [ [ -6.925928228242675, 33.889064094826175 ], [ -6.925866373228858, 33.889237117602889 ], [ -6.927289698380545, 33.89041300246452 ], [ -6.927390662918836, 33.89049655122092 ], [ -6.927372534584096, 33.890511203383852 ], [ -6.927510737400494, 33.890621355297156 ], [ -6.927689599884802, 33.890521763190975 ], [ -6.925928228242675, 33.889064094826175 ] ] ] } },
{ "type": "Feature", "properties": { "fid": 6865, "indice": "38", "complement": "", "Consistance": "TN", "num": "R2622", "surface": 7773 }, "geometry": { "type": "Polygon", "coordinates": [ [ [ -6.83998698248226, 33.848638424469144 ], [ -6.839876779443207, 33.848314998460218 ], [ -6.839857392407422, 33.848253890412586 ], [ -6.839516149029452, 33.848339894659752 ], [ -6.839470890936243, 33.848217753092136 ], [ -6.839322536560436, 33.848267262996309 ], [ -6.838989141107707, 33.848370312147381 ], [ -6.838657131512107, 33.848426444081078 ], [ -6.838833039299098, 33.849062986828535 ], [ -6.840015352014282, 33.848785112437177 ], [ -6.83998698248226, 33.848638424469144 ] ] ] } },
{ "type": "Feature", "properties": { "fid": 6866, "indice": "38", "complement": "", "Consistance": "TN", "num": "T104520", "surface": 2892 }, "geometry": { "type": "Polygon", "coordinates": [ [ [ -6.859912127786308, 33.865763244024137 ], [ -6.859979222720785, 33.865637994863597 ], [ -6.859417949218321, 33.865436199748714 ], [ -6.859409392440264, 33.865699662458987 ], [ -6.860997630442562, 33.866278197150905 ], [ -6.861103103335522, 33.86618496851117 ], [ -6.859912127786308, 33.865763244024137 ] ] ] } },
{ "type": "Feature", "properties": { "fid": 6882, "indice": "38", "complement": "", "Consistance": "TN", "num": "R2644", "surface": 2043 }, "geometry": { "type": "Polygon", "coordinates": [ [ [ -6.912616140238175, 33.901437812143321 ], [ -6.912887649964886, 33.901190108564755 ], [ -6.912755843225655, 33.901074452055759 ], [ -6.912722680322216, 33.901095597207465 ], [ -6.912691852664732, 33.901126635276512 ], [ -6.912634976904756, 33.901090343968782 ], [ -6.912648831344199, 33.901078451486285 ], [ -6.912641120427184, 33.901070427389321 ], [ -6.912425091097202, 33.90127416756026 ], [ -6.912365895798139, 33.901228884935044 ], [ -6.912477405519746, 33.901110287122393 ], [ -6.912435732204717, 33.90107741966338 ], [ -6.912504800705248, 33.90100623480464 ], [ -6.912543135747183, 33.901033731053175 ], [ -6.912565468970229, 33.901011814933582 ], [ -6.91250188546639, 33.900962977720276 ], [ -6.912480664992918, 33.900986684225643 ], [ -6.912443599494409, 33.900969995693593 ], [ -6.912230155901778, 33.901135823501008 ], [ -6.91203066065464, 33.90098400539118 ], [ -6.912008311633433, 33.901005019681591 ], [ -6.912573636131026, 33.901419385546141 ], [ -6.912455559314075, 33.901533553188742 ], [ -6.912736037331504, 33.901739408945986 ], [ -6.912780751067623, 33.901698281845306 ], [ -6.912797207414501, 33.901711611743366 ], [ -6.912801470342965, 33.901707952513391 ], [ -6.912867451610607, 33.901645824028087 ], [ -6.912616140238175, 33.901437812143321 ] ] ] } },
{ "type": "Feature", "properties": { "fid": 6884, "indice": "38", "complement": "ANNULEE", "Consistance": "TN", "num": "R2625", "surface": 66597 }, "geometry": { "type": "Polygon", "coordinates": [ [ [ -6.915134953317681, 33.900363813102238 ], [ -6.915517660623594, 33.900042603187572 ], [ -6.915637048408096, 33.899941945506036 ], [ -6.914709547793493, 33.89947515673223 ], [ -6.913100140565586, 33.898419535099826 ], [ -6.912577084665924, 33.898009170062195 ], [ -6.912131295640511, 33.898248156505893 ], [ -6.91151342952957, 33.897921007899505 ], [ -6.910784908201649, 33.897636680887885 ], [ -6.908822117742996, 33.896717853762269 ], [ -6.908686654475358, 33.896640117847667 ], [ -6.908221894790024, 33.896970413501514 ], [ -6.909502320297801, 33.897646748873939 ], [ -6.910733949610264, 33.898190175632102 ], [ -6.910955127099965, 33.89828310897034 ], [ -6.911933372268597, 33.898808839205152 ], [ -6.911809216993566, 33.899008762591201 ], [ -6.912602370693721, 33.899525900683372 ], [ -6.913432630478497, 33.900061525380082 ], [ -6.91412537337241, 33.900525752855927 ], [ -6.914570979844125, 33.900835131428934 ], [ -6.915134953317681, 33.900363813102238 ] ] ] } },
{ "type": "Feature", "properties": { "fid": 6939, "indice": "38", "complement": "", "Consistance": "TN", "num": "R2661", "surface": 8423 }, "geometry": { "type": "Polygon", "coordinates": [ [ [ -6.940107592335311, 33.916379265251095 ], [ -6.940062915901426, 33.916422205356682 ], [ -6.939129549778174, 33.915519138337785 ], [ -6.939088928403833, 33.915546695561375 ], [ -6.938919142772757, 33.915672346759742 ], [ -6.938875276517225, 33.915699943810999 ], [ -6.939885546714494, 33.91660837991418 ], [ -6.940989052206191, 33.917587813642285 ], [ -6.941205390645887, 33.917402961547786 ], [ -6.940107592335311, 33.916379265251095 ] ] ] } },
{ "type": "Feature", "properties": { "fid": 6940, "indice": "38", "complement": "", "Consistance": "TN", "num": "R2662", "surface": 8318 }, "geometry": { "type": "Polygon", "coordinates": [ [ [ -6.940989052206191, 33.917587813642285 ], [ -6.939885546714494, 33.91660837991418 ], [ -6.938875276517225, 33.915699943810999 ], [ -6.938647276210705, 33.91583713348421 ], [ -6.938783261781993, 33.916002317158359 ], [ -6.939004042374518, 33.91619080988238 ], [ -6.939567342431435, 33.916722329150012 ], [ -6.939831917127894, 33.916940045096332 ], [ -6.940057667336277, 33.917164551686554 ], [ -6.940417525584269, 33.91744783608415 ], [ -6.940506860032384, 33.917544144067413 ], [ -6.940625222337182, 33.917630173525957 ], [ -6.940813206950059, 33.917737893801494 ], [ -6.940989052206191, 33.917587813642285 ] ] ] } },
{ "type": "Feature", "properties": { "fid": 6941, "indice": "38", "complement": "", "Consistance": "TN", "num": "T92136", "surface": 2823 }, "geometry": { "type": "Polygon", "coordinates": [ [ [ -6.840035529815627, 33.848894013651524 ], [ -6.838855615682347, 33.84918629149066 ], [ -6.838880822906187, 33.849403366594345 ], [ -6.840084665963522, 33.849119832319374 ], [ -6.840035529815627, 33.848894013651524 ] ] ] } },
{ "type": "Feature", "properties": { "fid": 7011, "indice": "38", "complement": "Lot22", "Consistance": "TN", "num": "T92980", "surface": 4104 }, "geometry": { "type": "Polygon", "coordinates": [ [ [ -6.918242815579172, 33.874412841363366 ], [ -6.918046298714346, 33.873994925903446 ], [ -6.917290819947425, 33.874510977653308 ], [ -6.917726327156203, 33.874868271139519 ], [ -6.918242815579172, 33.874412841363366 ] ] ] } },
{ "type": "Feature", "properties": { "fid": 7030, "indice": "38", "complement": "T3034-38", "Consistance": "TN", "num": "T3034", "surface": 30598 }, "geometry": { "type": "Polygon", "coordinates": [ [ [ -6.91715122311224, 33.875931409623142 ], [ -6.917040146824359, 33.875824524922379 ], [ -6.918415672061303, 33.87477602581901 ], [ -6.918008158417736, 33.873916018704215 ], [ -6.916282456926021, 33.875097735069247 ], [ -6.915502454293367, 33.875634817266224 ], [ -6.916403431310895, 33.876455479563703 ], [ -6.91715122311224, 33.875931409623142 ] ] ] } },
{ "type": "Feature", "properties": { "fid": 7031, "indice": "38", "complement": "", "Consistance": "TN", "num": "T3034", "surface": 30598 }, "geometry": { "type": "Polygon", "coordinates": [ [ [ -6.916282456926021, 33.875097735069247 ], [ -6.918008158417736, 33.873916018704215 ], [ -6.918415672061303, 33.87477602581901 ], [ -6.917040146824359, 33.875824524922379 ], [ -6.91715122311224, 33.875931409623142 ], [ -6.916403431310895, 33.876455479563703 ], [ -6.915502454293367, 33.875634817266224 ], [ -6.916282456926021, 33.875097735069247 ] ] ] } },
{ "type": "Feature", "properties": { "fid": 7037, "indice": "38", "complement": "Lot21", "Consistance": "TN", "num": "T92979", "surface": 4609 }, "geometry": { "type": "Polygon", "coordinates": [ [ [ -6.917290819947425, 33.874510977653308 ], [ -6.916662503484466, 33.874940701352088 ], [ -6.917160810902723, 33.875364880212906 ], [ -6.917726327156203, 33.874868271139519 ], [ -6.917290819947425, 33.874510977653308 ] ] ] } },
{ "type": "Feature", "properties": { "fid": 7045, "indice": "38", "complement": "av.enrlmt", "Consistance": "TN", "num": "R12014", "surface": 12121 }, "geometry": { "type": "Polygon", "coordinates": [ [ [ -6.827217291741416, 33.847635756488827 ], [ -6.828899745140582, 33.846743475768399 ], [ -6.828650569679444, 33.846511821025921 ], [ -6.827068271391179, 33.84744715010838 ], [ -6.824263535569036, 33.848194355033151 ], [ -6.824283420334369, 33.848418708775554 ], [ -6.827217291741416, 33.847635756488827 ] ] ] } },
{ "type": "Feature", "properties": { "fid": 7047, "indice": "38", "complement": "Apres bge", "Consistance": "TN", "num": "T93641", "surface": 11377 }, "geometry": { "type": "Polygon", "coordinates": [ [ [ -6.897755542968339, 33.896158134254669 ], [ -6.897032888267045, 33.895645470967615 ], [ -6.896416698923061, 33.896166035978219 ], [ -6.896949570319451, 33.896586271495366 ], [ -6.897853020871789, 33.897296997885292 ], [ -6.897755542968339, 33.896158134254669 ] ] ] } },
{ "type": "Feature", "properties": { "fid": 7050, "indice": "38", "complement": "", "Consistance": "TN", "num": "T42488", "surface": 7833 }, "geometry": { "type": "Polygon", "coordinates": [ [ [ -6.932509106446614, 33.883048955912734 ], [ -6.933466885085253, 33.884501956049682 ], [ -6.934020085670947, 33.8855783932107 ], [ -6.934334605839055, 33.885445560179704 ], [ -6.934279146687281, 33.885244207792901 ], [ -6.934557158823461, 33.885126252783721 ], [ -6.934068760426501, 33.884474734736401 ], [ -6.933914293862038, 33.884300752148334 ], [ -6.933510800891501, 33.884477967542949 ], [ -6.932546344166295, 33.883014226355336 ], [ -6.932509106446614, 33.883048955912734 ] ] ] } },
{ "type": "Feature", "properties": { "fid": 7056, "indice": "38", "complement": "AV.ENRLMEN", "Consistance": "TN", "num": "R32014", "surface": 2237 }, "geometry": { "type": "Polygon", "coordinates": [ [ [ -6.860685505593018, 33.865203136956865 ], [ -6.860456752838174, 33.865488111567259 ], [ -6.860919608915126, 33.865752382687766 ], [ -6.861246986323503, 33.865481587866924 ], [ -6.860685505593018, 33.865203136956865 ] ] ] } },
{ "type": "Feature", "properties": { "fid": 7096, "indice": "38", "complement": "P2", "Consistance": "TN", "num": "T43987", "surface": 73033 }, "geometry": { "type": "Polygon", "coordinates": [ [ [ -6.763832933666169, 33.886231672611203 ], [ -6.764514787274075, 33.885301583549072 ], [ -6.764631290184294, 33.885145184231703 ], [ -6.764945878327923, 33.884587077375954 ], [ -6.765180086859429, 33.884144389404781 ], [ -6.764939724231069, 33.884056820924116 ], [ -6.764148502282321, 33.88394188895748 ], [ -6.763893082290779, 33.883514462231368 ], [ -6.763086661926588, 33.883119194969922 ], [ -6.762736020434166, 33.884137664556924 ], [ -6.761342221590215, 33.883938184024053 ], [ -6.761196554688135, 33.884166148539151 ], [ -6.761924714882376, 33.88501954838339 ], [ -6.762206474389036, 33.885471945554251 ], [ -6.761690183931535, 33.885719277815191 ], [ -6.761952637418349, 33.886181806594081 ], [ -6.762587661687757, 33.88633453020158 ], [ -6.763832933666169, 33.886231672611203 ] ] ] } },
{ "type": "Feature", "properties": { "fid": 7145, "indice": "38", "complement": "", "Consistance": "TN", "num": "T96547", "surface": 10000 }, "geometry": { "type": "Polygon", "coordinates": [ [ [ -6.93734091569602, 33.866035106283952 ], [ -6.937625029513592, 33.865899029147457 ], [ -6.937420541858704, 33.865584962813159 ], [ -6.937276648973449, 33.86564084765498 ], [ -6.935577196385987, 33.863751419922664 ], [ -6.935267064939637, 33.863944633980203 ], [ -6.937160868573258, 33.865941713768514 ], [ -6.937237965327475, 33.86589927714796 ], [ -6.93734091569602, 33.866035106283952 ] ] ] } },
{ "type": "Feature", "properties": { "fid": 7149, "indice": "38", "complement": "", "Consistance": "TN", "num": "T96621", "surface": 7291 }, "geometry": { "type": "Polygon", "coordinates": [ [ [ -6.912090110128988, 33.870796660007336 ], [ -6.911416337105724, 33.870289799533928 ], [ -6.910773998051761, 33.870845934253282 ], [ -6.911448022190683, 33.871367225981594 ], [ -6.912090110128988, 33.870796660007336 ] ] ] } },
{ "type": "Feature", "properties": { "fid": 7160, "indice": "38", "complement": "BC", "Consistance": "TN", "num": "T117057", "surface": 6482 }, "geometry": { "type": "Polygon", "coordinates": [ [ [ -6.850801037145492, 33.87886869416014 ], [ -6.850919690244457, 33.878786145022083 ], [ -6.850657466009044, 33.878559195806481 ], [ -6.850530190966581, 33.878448833230053 ], [ -6.850231765601136, 33.87819073557754 ], [ -6.849781027530384, 33.87852606374399 ], [ -6.850067815641984, 33.878799630015401 ], [ -6.849885059690344, 33.878928919343188 ], [ -6.850188488040835, 33.87929248469954 ], [ -6.850801037145492, 33.87886869416014 ] ] ] } },
{ "type": "Feature", "properties": { "fid": 7163, "indice": "38", "complement": "", "Consistance": "TN", "num": "T97483", "surface": 6574 }, "geometry": { "type": "Polygon", "coordinates": [ [ [ -6.913546568315475, 33.907108673128221 ], [ -6.912723968053258, 33.906644208885183 ], [ -6.912451375040301, 33.906892826444881 ], [ -6.913004827935674, 33.907306431567527 ], [ -6.913670886109019, 33.907725887626142 ], [ -6.914023428182257, 33.907409558031425 ], [ -6.913546568315475, 33.907108673128221 ] ] ] } },
{ "type": "Feature", "properties": { "fid": 7376, "indice": "R", "complement": "P2-COORD.T", "Consistance": "TN", "num": "T4124", "surface": 27419 }, "geometry": { "type": "Polygon", "coordinates": [ [ [ -6.720930894970791, 33.77730695702644 ], [ -6.721441343427808, 33.777350264301852 ], [ -6.722190258733916, 33.777449672250675 ], [ -6.723344332921674, 33.777699918576836 ], [ -6.724443690310725, 33.77655273117751 ], [ -6.725615969888826, 33.775870159798224 ], [ -6.726061881250256, 33.775718412271537 ], [ -6.726703672712488, 33.775379686074778 ], [ -6.720930894970791, 33.77730695702644 ] ] ] } },
{ "type": "Feature", "properties": { "fid": 7377, "indice": "38", "complement": "AV. ENROLM", "Consistance": "TN", "num": "R272014", "surface": 4652 }, "geometry": { "type": "Polygon", "coordinates": [ [ [ -6.942823611266346, 33.893175333147099 ], [ -6.942237026068739, 33.893763407445313 ], [ -6.942634118758583, 33.894077795219943 ], [ -6.942874929594007, 33.893873695726256 ], [ -6.943184064743206, 33.894107090788651 ], [ -6.943211699072642, 33.8940796920728 ], [ -6.942904742553647, 33.893847172140674 ], [ -6.943245573390333, 33.893489412374706 ], [ -6.942823611266346, 33.893175333147099 ] ] ] } },
{ "type": "Feature", "properties": { "fid": 7385, "indice": "38", "complement": "", "Consistance": "TN", "num": "T92102", "surface": 260850 }, "geometry": { "type": "Polygon", "coordinates": [ [ [ -6.817416289473565, 33.803151082300062 ], [ -6.81778999786096, 33.803011552569906 ], [ -6.8180526416747, 33.802951750713653 ], [ -6.81834223134381, 33.802888034759292 ], [ -6.81862273032446, 33.8028632047751 ], [ -6.818822346546784, 33.802847409818881 ], [ -6.819140071472765, 33.802852822082237 ], [ -6.81950544268685, 33.802864907946194 ], [ -6.819876361982668, 33.802885949127983 ], [ -6.820154208012073, 33.802897223489389 ], [ -6.820318721556436, 33.802915196814595 ], [ -6.820425925844584, 33.802930213468855 ], [ -6.820564544159402, 33.802950284640389 ], [ -6.820689061125366, 33.802966908180352 ], [ -6.820849195279277, 33.802981322823648 ], [ -6.82097255859196, 33.802993449490373 ], [ -6.821062435769884, 33.803005956766931 ], [ -6.821175709536919, 33.802995649415273 ], [ -6.821322234009687, 33.802970532784258 ], [ -6.821423448934361, 33.802949539040505 ], [ -6.821549052150202, 33.802900307650987 ], [ -6.821760114265182, 33.802791477848622 ], [ -6.822265019612606, 33.80248268101775 ], [ -6.822692118009412, 33.802371391056916 ], [ -6.823196238350241, 33.802411650761705 ], [ -6.823745015499779, 33.802473948294697 ], [ -6.823985216149898, 33.802495564313361 ], [ -6.823952407313698, 33.802074731259268 ], [ -6.821470641654022, 33.800280156691365 ], [ -6.819945436566798, 33.799170066398482 ], [ -6.818419160845688, 33.798058165817089 ], [ -6.817427549335852, 33.799261783340874 ], [ -6.817330291539508, 33.799260180487764 ], [ -6.817204680189679, 33.79917592041518 ], [ -6.817109988130212, 33.79913279896914 ], [ -6.8181226023361, 33.801807295584005 ], [ -6.815688776922816, 33.802156879768411 ], [ -6.814944219251893, 33.800084532842924 ], [ -6.814769862291084, 33.800657435487381 ], [ -6.814331237222529, 33.801788924130861 ], [ -6.814243701556249, 33.801853952452198 ], [ -6.813627461865056, 33.803425790683455 ], [ -6.814374844056326, 33.80394226472653 ], [ -6.816150844564216, 33.8035316145533 ], [ -6.816408266005207, 33.803482698651251 ], [ -6.817416289473565, 33.803151082300062 ] ] ] } },
{ "type": "Feature", "properties": { "fid": 7386, "indice": "38", "complement": "", "Consistance": "TN", "num": "T92101", "surface": 98188 }, "geometry": { "type": "Polygon", "coordinates": [ [ [ -6.825759831910979, 33.806955276088722 ], [ -6.825856156330071, 33.806833317240475 ], [ -6.825939298678835, 33.806632137900444 ], [ -6.825942963034519, 33.806393983701625 ], [ -6.825749334651378, 33.805653895071018 ], [ -6.825565317328105, 33.805500860119174 ], [ -6.82553529515703, 33.805448889943968 ], [ -6.825537980775623, 33.805282902139162 ], [ -6.825036057206448, 33.805047807374372 ], [ -6.82454080939425, 33.804824359758122 ], [ -6.823261868783338, 33.804246354325336 ], [ -6.8221483733432, 33.803742216586279 ], [ -6.821173238735003, 33.803307749192498 ], [ -6.819938051824316, 33.803157634536753 ], [ -6.819425742601299, 33.803145414839804 ], [ -6.818701552583861, 33.803125676884818 ], [ -6.818347804668635, 33.803163965453976 ], [ -6.818002293130869, 33.80324364885584 ], [ -6.817714119803588, 33.803328092572826 ], [ -6.818755394497212, 33.803778070944126 ], [ -6.82051048232956, 33.804338986373658 ], [ -6.822570008016557, 33.805280639552848 ], [ -6.82411463279532, 33.806182127722479 ], [ -6.824345003650171, 33.806196639613184 ], [ -6.824520234543415, 33.806274915374019 ], [ -6.824669584239735, 33.806356191712361 ], [ -6.824799991403799, 33.806468349789405 ], [ -6.824910051314331, 33.806591562979456 ], [ -6.825065762121191, 33.806731392477573 ], [ -6.82522847445017, 33.806836868199717 ], [ -6.825336274668652, 33.806887951522377 ], [ -6.825490407577002, 33.806931290830349 ], [ -6.825656925194448, 33.807005154675629 ], [ -6.825759831910979, 33.806955276088722 ] ] ] } },
{ "type": "Feature", "properties": { "fid": 7423, "indice": "38", "complement": "", "Consistance": "TN", "num": "T102567", "surface": 294053 }, "geometry": { "type": "Polygon", "coordinates": [ [ [ -6.818164040652711, 33.780993560385596 ], [ -6.817943685543677, 33.780926611171537 ], [ -6.816965036783895, 33.780723951293133 ], [ -6.81165972664246, 33.778806031120155 ], [ -6.807597771481674, 33.781832787497102 ], [ -6.80576176559625, 33.782315252203041 ], [ -6.805436866255902, 33.782529962085285 ], [ -6.805271339723996, 33.783116284146978 ], [ -6.805373270158605, 33.783274782067622 ], [ -6.805440678409101, 33.783301984219818 ], [ -6.805548103310071, 33.783332344008784 ], [ -6.805700010238095, 33.783374830549391 ], [ -6.805813431677157, 33.783442102399619 ], [ -6.805891287386654, 33.78351428402329 ], [ -6.805900059932883, 33.783790180480601 ], [ -6.805923475000844, 33.783969404071726 ], [ -6.805991070050091, 33.784075073030372 ], [ -6.806045519511622, 33.784102420665207 ], [ -6.806072373148147, 33.78409309905571 ], [ -6.806150485979274, 33.783980378921221 ], [ -6.806237674965432, 33.783894614940515 ], [ -6.806381412089182, 33.78389931091229 ], [ -6.806486113095859, 33.783827780777393 ], [ -6.806566222286285, 33.783771860430335 ], [ -6.806658298309806, 33.783721216989981 ], [ -6.806764879653127, 33.78369927242349 ], [ -6.807020993051379, 33.783639566335516 ], [ -6.807244107988768, 33.783609995529922 ], [ -6.807420141543122, 33.783608012970014 ], [ -6.807813727968396, 33.783633343536856 ], [ -6.808108892432683, 33.783650762531671 ], [ -6.808338778324245, 33.783639152373361 ], [ -6.808569044324198, 33.783584244133266 ], [ -6.808942448797402, 33.783497055475856 ], [ -6.80915400471317, 33.78342071041795 ], [ -6.809533376651341, 33.783368628553674 ], [ -6.80986912657754, 33.783357625263051 ], [ -6.810164480153773, 33.783320018586558 ], [ -6.810381493009332, 33.783313961602666 ], [ -6.810692972549927, 33.783271661931877 ], [ -6.810924928700134, 33.783187867974611 ], [ -6.811002451774895, 33.783172561490289 ], [ -6.811103923684438, 33.783168709808152 ], [ -6.811177185317189, 33.783157059120541 ], [ -6.811245032552931, 33.783144567593084 ], [ -6.811314936438845, 33.783058995194757 ], [ -6.811376097281879, 33.782900463895828 ], [ -6.811436427378029, 33.782824019012139 ], [ -6.811478164488892, 33.782733352984678 ], [ -6.811506679172248, 33.782626601274089 ], [ -6.811658000844027, 33.782499521377147 ], [ -6.811752172685476, 33.782378498651397 ], [ -6.811816967988485, 33.782311022576366 ], [ -6.811978331142752, 33.782270415635892 ], [ -6.81202859157876, 33.782239181528666 ], [ -6.812043972297377, 33.782188498742833 ], [ -6.812142797569118, 33.782021423863135 ], [ -6.812229249555593, 33.781957310598457 ], [ -6.812372267521517, 33.781917812414193 ], [ -6.812555652432449, 33.781903112239476 ], [ -6.812680779093727, 33.781892678228417 ], [ -6.812770487093817, 33.781896173739327 ], [ -6.812892639321961, 33.781968752200328 ], [ -6.812983546608717, 33.782046193590489 ], [ -6.813133136532886, 33.782145519940414 ], [ -6.813221664929491, 33.782209458867321 ], [ -6.813289747675716, 33.782278138710105 ], [ -6.813312077930227, 33.782322983457085 ], [ -6.813391835424588, 33.782378903950111 ], [ -6.813438390065279, 33.782385592928541 ], [ -6.813526945508388, 33.78238459120805 ], [ -6.81367702851599, 33.782381089464927 ], [ -6.813783258144769, 33.782404240155465 ], [ -6.813858081626808, 33.782422334436681 ], [ -6.813943426536806, 33.782423172640378 ], [ -6.814023254642475, 33.782416857644698 ], [ -6.814082458230065, 33.782337718350895 ], [ -6.814124646078215, 33.78227500662674 ], [ -6.814205038479075, 33.782170372977312 ], [ -6.814308021605626, 33.782060071902627 ], [ -6.814317591398834, 33.781984200090022 ], [ -6.814387535252993, 33.781901331284558 ], [ -6.814528190756706, 33.781915974148305 ], [ -6.814659957889223, 33.781915384392356 ], [ -6.814803677558601, 33.781919168898675 ], [ -6.814978290750993, 33.781896446962342 ], [ -6.815023574926107, 33.781891424431493 ], [ -6.815045872837324, 33.781867721314278 ], [ -6.815076546607889, 33.781827688301973 ], [ -6.815126058704764, 33.781750462129338 ], [ -6.815243244444649, 33.781716664865698 ], [ -6.815400988329231, 33.781719387896622 ], [ -6.815473168233101, 33.781707746917846 ], [ -6.815610799294273, 33.781669207971134 ], [ -6.815903633090493, 33.78160996944321 ], [ -6.816044244410691, 33.78162190525989 ], [ -6.816176274921002, 33.781637545956094 ], [ -6.816365219525903, 33.781632698579031 ], [ -6.816502068315156, 33.781678950506226 ], [ -6.816656245288306, 33.781794455730449 ], [ -6.816904435941281, 33.781912502543577 ], [ -6.81692104563625, 33.78193756870953 ], [ -6.817007514037424, 33.781941097916118 ], [ -6.817135460127612, 33.781971215070179 ], [ -6.817372823191501, 33.782087579862171 ], [ -6.817435723791096, 33.78210310140836 ], [ -6.817554898695767, 33.782125200110457 ], [ -6.818164040652711, 33.780993560385596 ] ] ] } },
{ "type": "Feature", "properties": { "fid": 7424, "indice": "38", "complement": "", "Consistance": "TN", "num": "T102007", "surface": 7627 }, "geometry": { "type": "Polygon", "coordinates": [ [ [ -6.929256327194554, 33.888100786044951 ], [ -6.928649551285632, 33.887296464719903 ], [ -6.928453998701422, 33.887430535627246 ], [ -6.92826049712443, 33.887558267655365 ], [ -6.928210828137182, 33.887501150876446 ], [ -6.92796168772951, 33.887662933429795 ], [ -6.928660286378587, 33.888461626411598 ], [ -6.929256327194554, 33.888100786044951 ] ] ] } },
{ "type": "Feature", "properties": { "fid": 7854, "indice": "38", "complement": "", "Consistance": "TN", "num": "T70569", "surface": 13704 }, "geometry": { "type": "Polygon", "coordinates": [ [ [ -6.811078071713787, 33.80564901790045 ], [ -6.81131597060863, 33.806595172049654 ], [ -6.811887608707258, 33.806533697960703 ], [ -6.812037528726722, 33.806517573376532 ], [ -6.811953146862461, 33.806244337069181 ], [ -6.81197466396322, 33.806238682366491 ], [ -6.81200585936886, 33.806230212508702 ], [ -6.811510265958529, 33.804716944047065 ], [ -6.811479027208772, 33.804722708461178 ], [ -6.811446722845456, 33.804729386840577 ], [ -6.811342277394276, 33.804751310860752 ], [ -6.810776928044013, 33.804866828011257 ], [ -6.811078071713787, 33.80564901790045 ] ] ] } },
{ "type": "Feature", "properties": { "fid": 7855, "indice": "35", "complement": "", "Consistance": "TN", "num": "T10635", "surface": 9895 }, "geometry": { "type": "Polygon", "coordinates": [ [ [ -6.858376598368526, 33.862005686448086 ], [ -6.858544519561963, 33.861187482857183 ], [ -6.85740619117222, 33.860999622278442 ], [ -6.857293181410475, 33.861546605919223 ], [ -6.85723717871833, 33.861817836985665 ], [ -6.858376598368526, 33.862005686448086 ] ] ] } },
{ "type": "Feature", "properties": { "fid": 7867, "indice": "38", "complement": "plle A", "Consistance": "TN", "num": "T104752", "surface": 16469 }, "geometry": { "type": "Polygon", "coordinates": [ [ [ -6.942370617204705, 33.899530495436615 ], [ -6.943027461730533, 33.899059708300207 ], [ -6.942814477360167, 33.898881948993363 ], [ -6.94270795352462, 33.898791265738431 ], [ -6.942413491650465, 33.899020377796958 ], [ -6.940921531459066, 33.897775159063272 ], [ -6.9406457388562, 33.898020271815341 ], [ -6.940409300627898, 33.898227920403521 ], [ -6.940720798977384, 33.898472115352497 ], [ -6.941432158904529, 33.899002706950014 ], [ -6.942201373549856, 33.899623676156047 ], [ -6.942370617204705, 33.899530495436615 ] ] ] } },
{ "type": "Feature", "properties": { "fid": 7871, "indice": "38", "complement": "ANNULEE", "Consistance": "TN", "num": "R223", "surface": 5934 }, "geometry": { "type": "Polygon", "coordinates": [ [ [ -6.945532128835662, 33.89678750423932 ], [ -6.945030092291737, 33.897264511171066 ], [ -6.944901682471175, 33.89740318984569 ], [ -6.944112274029716, 33.898082164923245 ], [ -6.943490440167515, 33.89759918809586 ], [ -6.943440416253859, 33.897644901574772 ], [ -6.9432848254505, 33.897775796456799 ], [ -6.943029233540658, 33.898000822970971 ], [ -6.943467744196496, 33.898331833789868 ], [ -6.943691382235976, 33.898500441303298 ], [ -6.94433374704357, 33.897945946259853 ], [ -6.944935652716237, 33.897428024416357 ], [ -6.945064142581756, 33.897293854362708 ], [ -6.945573780560536, 33.896818557261668 ], [ -6.945532128835662, 33.89678750423932 ] ] ] } },
{ "type": "Feature", "properties": { "fid": 7906, "indice": "R", "complement": "SOLDE", "Consistance": "TN", "num": "T32175", "surface": 30067 }, "geometry": { "type": "Polygon", "coordinates": [ [ [ -6.908246406302083, 33.866874561387441 ], [ -6.90914743714667, 33.866086226643013 ], [ -6.907226662581098, 33.865865865039957 ], [ -6.906064027410337, 33.868782289546452 ], [ -6.908246406302083, 33.866874561387441 ] ] ] } },
{ "type": "Feature", "properties": { "fid": 7913, "indice": "38", "complement": "AV.ENROLMT", "Consistance": "TN", "num": "R302015", "surface": 2001 }, "geometry": { "type": "Polygon", "coordinates": [ [ [ -6.945678188712735, 33.910550004155098 ], [ -6.946126426247271, 33.910876375370769 ], [ -6.945988697328125, 33.911161281181236 ], [ -6.945416404994484, 33.91073272018884 ], [ -6.945678188712735, 33.910550004155098 ] ] ] } },
{ "type": "Feature", "properties": { "fid": 7931, "indice": "R", "complement": "", "Consistance": "TN", "num": "T76265", "surface": 27106 }, "geometry": { "type": "Polygon", "coordinates": [ [ [ -6.827299794420091, 33.897042086669011 ], [ -6.826992941579924, 33.896929239599032 ], [ -6.826955716757587, 33.896901704782053 ], [ -6.82646905778759, 33.897828107957089 ], [ -6.826647096216927, 33.897934307830567 ], [ -6.827099252741266, 33.89820152971334 ], [ -6.8284731596489, 33.899010201848824 ], [ -6.82917554605156, 33.898180537839742 ], [ -6.827770775490197, 33.897336148871744 ], [ -6.827299794420091, 33.897042086669011 ] ] ] } },
{ "type": "Feature", "properties": { "fid": 7935, "indice": "38", "complement": "", "Consistance": "TN", "num": "T105431", "surface": 5186 }, "geometry": { "type": "Polygon", "coordinates": [ [ [ -6.895410019221714, 33.935072324807713 ], [ -6.894336856407479, 33.934267107289436 ], [ -6.893993739639702, 33.934008746765542 ], [ -6.893848843048601, 33.934140351114571 ], [ -6.895901114768089, 33.935692383124227 ], [ -6.896061296124804, 33.935568710991909 ], [ -6.895410019221714, 33.935072324807713 ] ] ] } },
{ "type": "Feature", "properties": { "fid": 7952, "indice": "38", "complement": "", "Consistance": "TN", "num": "T106928", "surface": 2277 }, "geometry": { "type": "Polygon", "coordinates": [ [ [ -6.90884699337767, 33.912497577356469 ], [ -6.90970189734408, 33.913138453049662 ], [ -6.9098904682187, 33.912971126904921 ], [ -6.909558218496571, 33.912775810814161 ], [ -6.908992975341706, 33.912369548530123 ], [ -6.90884699337767, 33.912497577356469 ] ] ] } },
{ "type": "Feature", "properties": { "fid": 7960, "indice": "38", "complement": "", "Consistance": "TN", "num": "R2655", "surface": 11007 }, "geometry": { "type": "Polygon", "coordinates": [ [ [ -6.843336014110826, 33.842716515839513 ], [ -6.843120654997707, 33.842961621259398 ], [ -6.843049215570449, 33.843086010437311 ], [ -6.842915818574955, 33.843385187443474 ], [ -6.842799029237278, 33.843577744653309 ], [ -6.842697209682163, 33.843695268661058 ], [ -6.842525995828503, 33.843865003248567 ], [ -6.842168725260479, 33.844156840459824 ], [ -6.842420893062527, 33.844502077681753 ], [ -6.842499839721458, 33.844569713833927 ], [ -6.842804649325572, 33.844308244784891 ], [ -6.843857031606974, 33.843109155077919 ], [ -6.843336014110826, 33.842716515839513 ] ] ] } },
{ "type": "Feature", "properties": { "fid": 8262, "indice": "50", "complement": "", "Consistance": "TN", "num": "T21991", "surface": 4522 }, "geometry": { "type": "Polygon", "coordinates": [ [ [ -6.897209908058036, 33.94710301780426 ], [ -6.897196277054396, 33.947128434202668 ], [ -6.897186896330645, 33.947149290238727 ], [ -6.897179788235714, 33.947176432444799 ], [ -6.897173746590363, 33.947202659990509 ], [ -6.897168817970845, 33.947230678039361 ], [ -6.897169314772108, 33.947259533116281 ], [ -6.897173026463976, 33.947286545934837 ], [ -6.897176800258679, 33.947317165637564 ], [ -6.897186046061415, 33.947351327530868 ], [ -6.89719844466327, 33.947380040280102 ], [ -6.897212960660022, 33.947406021986595 ], [ -6.897232886575097, 33.947431938995763 ], [ -6.897253878958337, 33.947456941341173 ], [ -6.897274824775115, 33.947479238519612 ], [ -6.897298938918829, 33.947496988270139 ], [ -6.897321940036094, 33.94751294751368 ], [ -6.897349284621233, 33.947529756713578 ], [ -6.897379844112383, 33.947544723644214 ], [ -6.897410388086455, 33.947558788846351 ], [ -6.897446248820824, 33.947567379010145 ], [ -6.897479852424987, 33.947570584720189 ], [ -6.897513456031628, 33.94757379042116 ], [ -6.897565437834163, 33.947575874379723 ], [ -6.897636910875474, 33.947578627072417 ], [ -6.897725664599003, 33.947579369189683 ], [ -6.897790568088257, 33.947577690849862 ], [ -6.897848979673231, 33.947576090143102 ], [ -6.897907344657794, 33.947571784246236 ], [ -6.897966807153455, 33.947568367097702 ], [ -6.898028387009352, 33.947562218866132 ], [ -6.898066147688467, 33.947555453704396 ], [ -6.898104928205766, 33.947545068700812 ], [ -6.898145826074287, 33.947531952628445 ], [ -6.898182287249838, 33.947512576285405 ], [ -6.898228284283158, 33.947481361030256 ], [ -6.898264465763269, 33.947445753685763 ], [ -6.898290940453653, 33.947412066306917 ], [ -6.898306610849358, 33.94737941012739 ], [ -6.898316902403673, 33.947348622129986 ], [ -6.898322912640363, 33.94732059108857 ], [ -6.89832559924788, 33.947288090287238 ], [ -6.897261543160188, 33.947022130599485 ], [ -6.897229953290627, 33.947073015163753 ], [ -6.897209908058036, 33.94710301780426 ] ] ] } },
{ "type": "Feature", "properties": { "fid": 8263, "indice": "50", "complement": "", "Consistance": "TN", "num": "T21992", "surface": 50408 }, "geometry": { "type": "Polygon", "coordinates": [ [ [ -6.894540053199822, 33.944832348707834 ], [ -6.894616099660735, 33.944849479020085 ], [ -6.894707014473442, 33.944850197444758 ], [ -6.894822752140513, 33.944847011796199 ], [ -6.894926278321202, 33.944825933708202 ], [ -6.895036001601857, 33.944787645291818 ], [ -6.895544239757342, 33.944513708604887 ], [ -6.894862613801649, 33.944207083505219 ], [ -6.894595244287174, 33.944076793366435 ], [ -6.894393737149188, 33.944000732868069 ], [ -6.894072225590283, 33.943868382152964 ], [ -6.893789031977659, 33.943761728742274 ], [ -6.893524526208583, 33.943671988000375 ], [ -6.893229525529869, 33.943570885630763 ], [ -6.892946612570077, 33.943480461314735 ], [ -6.8926498053309, 33.943400123003585 ], [ -6.892335532993998, 33.943310973106549 ], [ -6.891990148322633, 33.943237525635055 ], [ -6.891663265309417, 33.943170170125256 ], [ -6.891255052575262, 33.943092959668689 ], [ -6.890878494738979, 33.943031605259918 ], [ -6.890481643547072, 33.942985823750924 ], [ -6.890055503488609, 33.942935880051579 ], [ -6.889729349122513, 33.942910900486815 ], [ -6.889195326070064, 33.942880275710529 ], [ -6.888831752438091, 33.942881894222865 ], [ -6.888522522077854, 33.94289729607619 ], [ -6.88817305755963, 33.943533687440208 ], [ -6.88814249928281, 33.943581851743716 ], [ -6.888380509623873, 33.943578120467819 ], [ -6.888606464301169, 33.943565513016488 ], [ -6.888814242147989, 33.943565748014286 ], [ -6.889161774910499, 33.943575143274906 ], [ -6.889513712714015, 33.943588994697549 ], [ -6.889776901031968, 33.943602097441023 ], [ -6.890065282960567, 33.943632937922359 ], [ -6.890341732889762, 33.943662115968678 ], [ -6.890646668855866, 33.943711698101311 ], [ -6.890910275122903, 33.943749144985155 ], [ -6.891183665441302, 33.943789180501234 ], [ -6.89139435000283, 33.943832668147358 ], [ -6.891555141872837, 33.943869534607764 ], [ -6.891837451353634, 33.943924794863328 ], [ -6.89218954688484, 33.944010789484338 ], [ -6.892390603345161, 33.944060703569775 ], [ -6.892651693046796, 33.944140566443615 ], [ -6.892897512189688, 33.94421339561368 ], [ -6.893205312185701, 33.944303523220128 ], [ -6.893510130257767, 33.944409018070772 ], [ -6.893731205526425, 33.944490257957 ], [ -6.894048344598906, 33.944619955997759 ], [ -6.894288170407681, 33.944721715009933 ], [ -6.894476773212569, 33.944802439254403 ], [ -6.894540053199822, 33.944832348707834 ] ] ] } },
{ "type": "Feature", "properties": { "fid": 8264, "indice": "50", "complement": "", "Consistance": "TN", "num": "T21993", "surface": 66367 }, "geometry": { "type": "Polygon", "coordinates": [ [ [ -6.900227608778613, 33.943056109635727 ], [ -6.900226810000254, 33.942821622978386 ], [ -6.900392747098494, 33.94227848916465 ], [ -6.895611726323446, 33.944851117706136 ], [ -6.895115093333628, 33.945107779785609 ], [ -6.897192550819709, 33.946094893326794 ], [ -6.897421892101776, 33.945838714583644 ], [ -6.897570726867436, 33.94568361011784 ], [ -6.897783189510644, 33.945452885953806 ], [ -6.898128906881388, 33.945105122744671 ], [ -6.89846916513057, 33.944754718121409 ], [ -6.899205567419993, 33.944094724424922 ], [ -6.89999208512791, 33.94345486956108 ], [ -6.900236782990341, 33.943274261556091 ], [ -6.900227608778613, 33.943056109635727 ] ] ] } },
{ "type": "Feature", "properties": { "fid": 8306, "indice": "38", "complement": "", "Consistance": "TN", "num": "T106556", "surface": 4165 }, "geometry": { "type": "Polygon", "coordinates": [ [ [ -6.938487402726778, 33.912302660456511 ], [ -6.938351160723506, 33.912306139106185 ], [ -6.938119386997534, 33.912535370612169 ], [ -6.939009231433038, 33.913243263526098 ], [ -6.93927867424043, 33.913125405564664 ], [ -6.938487402726778, 33.912302660456511 ] ] ] } },
{ "type": "Feature", "properties": { "fid": 8322, "indice": "38", "complement": "", "Consistance": "TN", "num": "T106482", "surface": 5278 }, "geometry": { "type": "Polygon", "coordinates": [ [ [ -6.93861862035194, 33.91134230280629 ], [ -6.938353880570722, 33.911603507479256 ], [ -6.938529253709311, 33.911733032400676 ], [ -6.938538865712542, 33.91184836041473 ], [ -6.938691032967176, 33.911950210774414 ], [ -6.938859949992424, 33.912081618456327 ], [ -6.938980817258853, 33.912187461031138 ], [ -6.939091982878512, 33.912295226648922 ], [ -6.939330970998389, 33.912290483442213 ], [ -6.940332050682232, 33.913048408473365 ], [ -6.93861862035194, 33.91134230280629 ] ] ] } },
{ "type": "Feature", "properties": { "fid": 8326, "indice": "38", "complement": "", "Consistance": "TN", "num": "T108837", "surface": 2297 }, "geometry": { "type": "Polygon", "coordinates": [ [ [ -6.938650150288566, 33.924256528062081 ], [ -6.937772923554045, 33.923595378759977 ], [ -6.937611170280792, 33.923747986509944 ], [ -6.938512909339938, 33.924388091470362 ], [ -6.938650150288566, 33.924256528062081 ] ] ] } },
{ "type": "Feature", "properties": { "fid": 8359, "indice": "38", "complement": "", "Consistance": "TN", "num": "T55710", "surface": 6495 }, "geometry": { "type": "Polygon", "coordinates": [ [ [ -6.905862045982996, 33.937163025914487 ], [ -6.905634697597353, 33.937406570761695 ], [ -6.906179641737037, 33.93781940401766 ], [ -6.906822926643287, 33.937287652279473 ], [ -6.906004694181059, 33.936714863846767 ], [ -6.905862045982996, 33.937163025914487 ] ] ] } },
{ "type": "Feature", "properties": { "fid": 8360, "indice": "38", "complement": "LOTB", "Consistance": "TN", "num": "T100221", "surface": 2612 }, "geometry": { "type": "Polygon", "coordinates": [ [ [ -6.941966751915179, 33.922637353128053 ], [ -6.942069296873314, 33.922379944375436 ], [ -6.941868299496178, 33.922210153812593 ], [ -6.941737615918745, 33.922100827416571 ], [ -6.941371628697327, 33.922449868670121 ], [ -6.94180495983066, 33.922787261178904 ], [ -6.941966751915179, 33.922637353128053 ] ] ] } },
{ "type": "Feature", "properties": { "fid": 8370, "indice": "38", "complement": "", "Consistance": "TN", "num": "T123732", "surface": 9626 }, "geometry": { "type": "Polygon", "coordinates": [ [ [ -6.941289263412062, 33.895637569366755 ], [ -6.941039010750161, 33.895797587366225 ], [ -6.943440416253859, 33.897644901574772 ], [ -6.943490440167515, 33.89759918809586 ], [ -6.943718826458714, 33.897425906150119 ], [ -6.941289263412062, 33.895637569366755 ] ] ] } },
{ "type": "Feature", "properties": { "fid": 8383, "indice": "38", "complement": "", "Consistance": "TN", "num": "T112652", "surface": 11932 }, "geometry": { "type": "Polygon", "coordinates": [ [ [ -6.919532045387852, 33.894063758122535 ], [ -6.918604644264739, 33.893104544708741 ], [ -6.917825349682329, 33.892326618866754 ], [ -6.916947039972198, 33.89145157862837 ], [ -6.916685520590756, 33.891649565274093 ], [ -6.917055796978348, 33.892044629745108 ], [ -6.917265172992198, 33.892267572553145 ], [ -6.917462419941665, 33.892477133212154 ], [ -6.917508573481467, 33.892518963994519 ], [ -6.917673378705639, 33.892666684849793 ], [ -6.917797500046941, 33.892776116181672 ], [ -6.918045806592975, 33.892998585406566 ], [ -6.918145794081506, 33.893088466817417 ], [ -6.918308407387214, 33.893234409576579 ], [ -6.918406185599442, 33.893321611808517 ], [ -6.918444707951874, 33.893359927147699 ], [ -6.918653870355057, 33.893570243235828 ], [ -6.919129371118705, 33.89404429575719 ], [ -6.919274922964497, 33.894203973296548 ], [ -6.919532045387852, 33.894063758122535 ] ] ] } },
{ "type": "Feature", "properties": { "fid": 8407, "indice": "38", "complement": "", "Consistance": "TN", "num": "T111180", "surface": 3202 }, "geometry": { "type": "Polygon", "coordinates": [ [ [ -6.928300428286692, 33.899684197048018 ], [ -6.927865787331703, 33.899324224981001 ], [ -6.927723943051119, 33.899438697599315 ], [ -6.928171081065212, 33.899832790698703 ], [ -6.928703046870277, 33.900252903657375 ], [ -6.928758391910806, 33.900201719660316 ], [ -6.928789066936559, 33.900223893029143 ], [ -6.928732672196737, 33.900276893715059 ], [ -6.929033979607866, 33.90006576930913 ], [ -6.928300428286692, 33.899684197048018 ] ] ] } },
{ "type": "Feature", "properties": { "fid": 8455, "indice": "38", "complement": "", "Consistance": "TN", "num": "T108348", "surface": 4826 }, "geometry": { "type": "Polygon", "coordinates": [ [ [ -6.924164591488891, 33.8953152060433 ], [ -6.923679057918505, 33.89519665371072 ], [ -6.923135654386702, 33.895602823254968 ], [ -6.923048294596663, 33.895925874361765 ], [ -6.923040275256049, 33.895962049026402 ], [ -6.923093481804776, 33.895974028336134 ], [ -6.923375782214302, 33.896036432268595 ], [ -6.924181657185343, 33.895425033201434 ], [ -6.923655413841471, 33.895822878607731 ], [ -6.924164591488891, 33.8953152060433 ] ] ] } },
{ "type": "Feature", "properties": { "fid": 8474, "indice": "38", "complement": "", "Consistance": "TN", "num": "T116054", "surface": 30580 }, "geometry": { "type": "Polygon", "coordinates": [ [ [ -6.836795944775475, 33.852436173808925 ], [ -6.836907102208611, 33.852228354972596 ], [ -6.836962885024726, 33.852005839504997 ], [ -6.837089386999452, 33.851876311979836 ], [ -6.837099853091409, 33.851528047080137 ], [ -6.837536648539576, 33.850157505804283 ], [ -6.837710510311274, 33.849426747900893 ], [ -6.837494361951707, 33.849495073557918 ], [ -6.836759250009295, 33.849754257844005 ], [ -6.836470658227307, 33.849821610123179 ], [ -6.836166667333145, 33.849872903845444 ], [ -6.835828790154176, 33.849966976577441 ], [ -6.835954562300753, 33.850186505178684 ], [ -6.836239351893173, 33.851068027429214 ], [ -6.83621341805346, 33.851134166095406 ], [ -6.836239798971454, 33.851291700723053 ], [ -6.836181604801161, 33.851368131088527 ], [ -6.836263175625638, 33.851463700706425 ], [ -6.836237821885415, 33.851565007938078 ], [ -6.836237445515485, 33.851673243742425 ], [ -6.836223787107335, 33.851762691571174 ], [ -6.836231714975578, 33.851850087633395 ], [ -6.836213777947965, 33.85194229037959 ], [ -6.836219772565773, 33.85210907838092 ], [ -6.836247134891567, 33.852129508504767 ], [ -6.836408338701372, 33.852137578271119 ], [ -6.836460916737685, 33.852179365016632 ], [ -6.836483842278031, 33.85225847142712 ], [ -6.836521393265317, 33.852306744254292 ], [ -6.836541071021205, 33.852320047153285 ], [ -6.836561239836015, 33.852363108060047 ], [ -6.836644482548139, 33.852428894557491 ], [ -6.836682935928494, 33.852466333823166 ], [ -6.836791463458242, 33.852492144881616 ], [ -6.836795944775475, 33.852436173808925 ] ] ] } },
{ "type": "Feature", "properties": { "fid": 8477, "indice": "R", "complement": "", "Consistance": "TN", "num": "T73485", "surface": 4260 }, "geometry": { "type": "Polygon", "coordinates": [ [ [ -6.936655270288315, 33.909017817029302 ], [ -6.93560747765605, 33.908182870248005 ], [ -6.935379810851715, 33.908399419723274 ], [ -6.936426490555597, 33.909232578169423 ], [ -6.936655270288315, 33.909017817029302 ] ] ] } },
{ "type": "Feature", "properties": { "fid": 8738, "indice": "03", "complement": "TEST", "Consistance": "TN", "num": "T90636", "surface": 9998 }, "geometry": { "type": "Polygon", "coordinates": [ [ [ -6.808602940334493, 33.808062564215547 ], [ -6.807585134012481, 33.807326323119362 ], [ -6.806251051705893, 33.807945638081904 ], [ -6.808622543343674, 33.808205751505653 ], [ -6.808602940334493, 33.808062564215547 ] ] ] } },
{ "type": "Feature", "properties": { "fid": 8769, "indice": "R", "complement": "P4", "Consistance": "TN", "num": "T15162", "surface": 36609 }, "geometry": { "type": "Polygon", "coordinates": [ [ [ -6.802947872480049, 33.805986767952966 ], [ -6.79870316143001, 33.806813614117452 ], [ -6.798999138859611, 33.807818667827767 ], [ -6.799113023745289, 33.807778609812118 ], [ -6.80048557913914, 33.807398855900381 ], [ -6.800595845014606, 33.807335386684009 ], [ -6.801994783604549, 33.80691743896525 ], [ -6.80308755838127, 33.806542597847475 ], [ -6.802947872480049, 33.805986767952966 ] ] ] } },
{ "type": "Feature", "properties": { "fid": 8801, "indice": "38", "complement": "", "Consistance": "TN", "num": "T102649", "surface": 2189 }, "geometry": { "type": "Polygon", "coordinates": [ [ [ -6.916167051060782, 33.902611532442393 ], [ -6.916197940861927, 33.902584100464836 ], [ -6.915715711648502, 33.901973928880544 ], [ -6.915546921633593, 33.902095027195699 ], [ -6.915531681421855, 33.902337829164054 ], [ -6.915857403082078, 33.902594539646657 ], [ -6.916167051060782, 33.902611532442393 ] ] ] } },
{ "type": "Feature", "properties": { "fid": 8856, "indice": "38", "complement": "", "Consistance": "TN", "num": "T97205", "surface": 2500 }, "geometry": { "type": "Polygon", "coordinates": [ [ [ -6.938253075488393, 33.868216500427373 ], [ -6.937907525996056, 33.867874405824807 ], [ -6.937828133591036, 33.867786992150421 ], [ -6.937605457230663, 33.867973724755103 ], [ -6.938046295152485, 33.868384999566999 ], [ -6.938329682987969, 33.868574529059153 ], [ -6.938490378986781, 33.868429144714042 ], [ -6.938253075488393, 33.868216500427373 ] ] ] } },
{ "type": "Feature", "properties": { "fid": 8857, "indice": "38", "complement": "SOLDE", "Consistance": "TN", "num": "T93949", "surface": 29863 }, "geometry": { "type": "Polygon", "coordinates": [ [ [ -6.938606845270322, 33.868534140666213 ], [ -6.938490378986781, 33.868429144714042 ], [ -6.938329682987969, 33.868574529059153 ], [ -6.938046295152485, 33.868384999566999 ], [ -6.937605457230663, 33.867973724755103 ], [ -6.937828133591036, 33.867786992150421 ], [ -6.937427771737593, 33.867340945434599 ], [ -6.936716486383381, 33.866737271070129 ], [ -6.935972240900247, 33.866103331558598 ], [ -6.935388099975965, 33.865535067648587 ], [ -6.934358599168066, 33.864542041104734 ], [ -6.933905044550255, 33.864940848790809 ], [ -6.934878653475605, 33.866075266963755 ], [ -6.935268646806872, 33.866424941824029 ], [ -6.935571225165345, 33.866599810995424 ], [ -6.936784114071275, 33.867444460578547 ], [ -6.937559277397334, 33.867991429222762 ], [ -6.938009844131455, 33.868402584568457 ], [ -6.938364389184627, 33.868641747460927 ], [ -6.938606845270322, 33.868534140666213 ] ] ] } },
{ "type": "Feature", "properties": { "fid": 8877, "indice": "38", "complement": "(P1)", "Consistance": "TN", "num": "R2641", "surface": 8965 }, "geometry": { "type": "Polygon", "coordinates": [ [ [ -6.841566874265866, 33.852591419775237 ], [ -6.841436382202271, 33.852414341872283 ], [ -6.841165102050565, 33.852548248101904 ], [ -6.840199950563374, 33.853017546581626 ], [ -6.840351409251051, 33.853220540188012 ], [ -6.840345774760485, 33.853272015035749 ], [ -6.840542198059883, 33.853579114292543 ], [ -6.840630243618146, 33.85354292486457 ], [ -6.841741275256164, 33.852939357915837 ], [ -6.841566874265866, 33.852591419775237 ] ] ] } },
{ "type": "Feature", "properties": { "fid": 8879, "indice": "38", "complement": "", "Consistance": "TN", "num": "T2903", "surface": 23402 }, "geometry": { "type": "Polygon", "coordinates": [ [ [ -6.859684154851875, 33.872800029871804 ], [ -6.859536200580076, 33.872681800185788 ], [ -6.860463042248064, 33.871855641557502 ], [ -6.860131724857736, 33.871570893118331 ], [ -6.859414485259591, 33.870968659436144 ], [ -6.858285601935691, 33.872320282925784 ], [ -6.859311196757896, 33.873127270688741 ], [ -6.859373664128911, 33.873177049744278 ], [ -6.859684154851875, 33.872800029871804 ] ] ] } },
{ "type": "Feature", "properties": { "fid": 9305, "indice": "38", "complement": "", "Consistance": "TN", "num": "T121242", "surface": 2240 }, "geometry": { "type": "Polygon", "coordinates": [ [ [ -6.895590369100768, 33.915860312967474 ], [ -6.895170809776162, 33.916248640540381 ], [ -6.895480978008871, 33.916482138704616 ], [ -6.895900537075152, 33.916093810123598 ], [ -6.895590369100768, 33.915860312967474 ] ] ] } },
{ "type": "Feature", "properties": { "fid": 9308, "indice": "38", "complement": "", "Consistance": "TN", "num": "T121245", "surface": 4905 }, "geometry": { "type": "Polygon", "coordinates": [ [ [ -6.89603589456042, 33.915661076022246 ], [ -6.895837084409777, 33.915423542519349 ], [ -6.895677739396381, 33.915216202229928 ], [ -6.895589080719639, 33.91521906557967 ], [ -6.895205678457901, 33.915570884641582 ], [ -6.895590369100768, 33.915860312967474 ], [ -6.895900537075152, 33.916093810123598 ], [ -6.896043020525775, 33.916201238912755 ], [ -6.896168678916006, 33.916085193366627 ], [ -6.896307114423018, 33.915957270009088 ], [ -6.89603589456042, 33.915661076022246 ] ] ] } },
{ "type": "Feature", "properties": { "fid": 9403, "indice": "38", "complement": "", "Consistance": "TN", "num": "T116842", "surface": 10004 }, "geometry": { "type": "Polygon", "coordinates": [ [ [ -6.838596903028109, 33.832810175001732 ], [ -6.83801064752868, 33.832257719446972 ], [ -6.837085982021677, 33.833071974711082 ], [ -6.837747386135443, 33.833593806499437 ], [ -6.838596903028109, 33.832810175001732 ] ] ] } },
{ "type": "Feature", "properties": { "fid": 9404, "indice": "38", "complement": "", "Consistance": "TN", "num": "T116841", "surface": 10007 }, "geometry": { "type": "Polygon", "coordinates": [ [ [ -6.83801064752868, 33.832257719446972 ], [ -6.837957961645265, 33.832208718972687 ], [ -6.837433520238373, 33.831734018106182 ], [ -6.836468388533598, 33.832584811548315 ], [ -6.837085982021677, 33.833071974711082 ], [ -6.83801064752868, 33.832257719446972 ] ] ] } },
{ "type": "Feature", "properties": { "fid": 9405, "indice": "38", "complement": "", "Consistance": "TN", "num": "T116840", "surface": 9847 }, "geometry": { "type": "Polygon", "coordinates": [ [ [ -6.837433520238373, 33.831734018106182 ], [ -6.836850937637299, 33.831206769046297 ], [ -6.835925231587013, 33.832154514302864 ], [ -6.836468388533598, 33.832584811548315 ], [ -6.837433520238373, 33.831734018106182 ] ] ] } },
{ "type": "Feature", "properties": { "fid": 9411, "indice": "38", "complement": "", "Consistance": "TN", "num": "T116913", "surface": 2518 }, "geometry": { "type": "Polygon", "coordinates": [ [ [ -6.931226235347903, 33.933857381508147 ], [ -6.931482266929693, 33.933588184344416 ], [ -6.932051556068092, 33.933964532277322 ], [ -6.931780173304361, 33.934222193525436 ], [ -6.931226235347903, 33.933857381508147 ] ] ] } },
{ "type": "Feature", "properties": { "fid": 9413, "indice": "38", "complement": "MQ M13 DT", "Consistance": "TN", "num": "T63439", "surface": 3099 }, "geometry": { "type": "Polygon", "coordinates": [ [ [ -6.792176201715451, 33.788223550574834 ], [ -6.792127998009613, 33.787640530998146 ], [ -6.791588395014664, 33.787671795486943 ], [ -6.791624426202581, 33.788101620634208 ], [ -6.791823323368413, 33.788245520153822 ], [ -6.792176201715451, 33.788223550574834 ] ] ] } },
{ "type": "Feature", "properties": { "fid": 9425, "indice": "R", "complement": "", "Consistance": "TN", "num": "T5225", "surface": 406731 }, "geometry": { "type": "Polygon", "coordinates": [ [ [ -6.738610080747209, 33.822412968392946 ], [ -6.737981783065309, 33.821891165462048 ], [ -6.737154942430534, 33.821247017277166 ], [ -6.736356390602245, 33.820262534888187 ], [ -6.736184916070957, 33.819017002961786 ], [ -6.735457963745021, 33.818612590228064 ], [ -6.734342806509208, 33.817907466173828 ], [ -6.73292442448037, 33.818216625951926 ], [ -6.730963402143164, 33.818231206478799 ], [ -6.729373879569336, 33.818727042640624 ], [ -6.727722899254507, 33.818453266145163 ], [ -6.72613986467328, 33.817176707055999 ], [ -6.724279821167437, 33.817577038053251 ], [ -6.723249094824111, 33.8174436445561 ], [ -6.72323591091028, 33.817429353292965 ], [ -6.72309071943289, 33.817616686829432 ], [ -6.722975136369659, 33.817832568467431 ], [ -6.72290021237864, 33.818093116008114 ], [ -6.722981848649279, 33.818274441092228 ], [ -6.723102448300539, 33.818459863366783 ], [ -6.723337679067362, 33.818580035389985 ], [ -6.723634274389239, 33.818685126441359 ], [ -6.724062244152457, 33.818831215916013 ], [ -6.724521166284348, 33.8190229742046 ], [ -6.724839619706932, 33.819144065483975 ], [ -6.725118081451912, 33.819193425812863 ], [ -6.725481758922986, 33.819232862767798 ], [ -6.725803749516012, 33.819231252193738 ], [ -6.726166507429693, 33.819210267881751 ], [ -6.726749468131835, 33.819244668961076 ], [ -6.727134801239635, 33.819357829210745 ], [ -6.727267912122075, 33.819370846844691 ], [ -6.727696693627246, 33.819286022279684 ], [ -6.728021896185673, 33.819424170414401 ], [ -6.728321603743317, 33.819520198086046 ], [ -6.728635082243747, 33.819598040166099 ], [ -6.728998948942446, 33.81957883971468 ], [ -6.729456096320293, 33.819653348477146 ], [ -6.729583723307909, 33.819661010414784 ], [ -6.730040003987115, 33.81967870492111 ], [ -6.730203017089363, 33.819739203384351 ], [ -6.730511611531376, 33.819780113775998 ], [ -6.73065674831656, 33.819943621489095 ], [ -6.731052020134931, 33.82007019282976 ], [ -6.731318939725605, 33.820070958280269 ], [ -6.731385450516551, 33.820321887356513 ], [ -6.731614150146331, 33.820579206231102 ], [ -6.731736647487142, 33.820675309378679 ], [ -6.731710826682169, 33.820894752458507 ], [ -6.731601372024306, 33.820874272147734 ], [ -6.731542982293081, 33.820942538524022 ], [ -6.731719800324095, 33.821128255688087 ], [ -6.731871626788719, 33.821163617228294 ], [ -6.732029273945934, 33.821155624120976 ], [ -6.732195458676611, 33.821069974202018 ], [ -6.732490844081038, 33.82088283322183 ], [ -6.732502407276298, 33.820932315906433 ], [ -6.732561045893267, 33.821092233712235 ], [ -6.732700266198512, 33.821151178697342 ], [ -6.732707089753104, 33.821244004334432 ], [ -6.732797755712123, 33.821378326665616 ], [ -6.732909234144322, 33.821389765098282 ], [ -6.732919731006939, 33.821440161034658 ], [ -6.733010401308865, 33.821504132939218 ], [ -6.73313867641519, 33.821624525108156 ], [ -6.733190751173995, 33.821779101040669 ], [ -6.733335312904042, 33.821975081092368 ], [ -6.733524795056102, 33.822211168483854 ], [ -6.733525109253947, 33.82230225963729 ], [ -6.733591220514725, 33.822385433521859 ], [ -6.73353195800529, 33.822467238996104 ], [ -6.733602405020445, 33.822551268548743 ], [ -6.733729532979709, 33.822667162704931 ], [ -6.733835027674727, 33.822711133488106 ], [ -6.733995329612928, 33.822876279341564 ], [ -6.734165535890236, 33.823053044323622 ], [ -6.734273932691575, 33.82328638814451 ], [ -6.734315838630923, 33.823552910850651 ], [ -6.734380890652919, 33.823848950015659 ], [ -6.734459715539093, 33.824056453426756 ], [ -6.734546944529225, 33.824389234684851 ], [ -6.734653111471404, 33.824688442450181 ], [ -6.734813075401695, 33.824760692519156 ], [ -6.735321416755408, 33.824647934926638 ], [ -6.735543800071669, 33.824703282703325 ], [ -6.735703864858088, 33.824641143689647 ], [ -6.735812897955801, 33.824563315084582 ], [ -6.735950590449926, 33.824522159073631 ], [ -6.73616728341738, 33.824417925748392 ], [ -6.736245453692808, 33.82430074187905 ], [ -6.736410726932328, 33.824155569118759 ], [ -6.736560124717215, 33.824032212065298 ], [ -6.736839553646776, 33.823791116040155 ], [ -6.738345438648815, 33.824248515420031 ], [ -6.738610080747209, 33.822412968392946 ] ] ] } },
{ "type": "Feature", "properties": { "fid": 9604, "indice": "R", "complement": "SOLDE", "Consistance": "TN", "num": "T71064", "surface": 41704 }, "geometry": { "type": "Polygon", "coordinates": [ [ [ -6.833887872228633, 33.811997949348623 ], [ -6.83209906685191, 33.812292645863685 ], [ -6.830375588263955, 33.81274982018212 ], [ -6.830960823210895, 33.813448438806851 ], [ -6.832107109606588, 33.812978929966022 ], [ -6.832561212379368, 33.813718728830942 ], [ -6.832745237408899, 33.814067474225254 ], [ -6.833764795425368, 33.813251253940713 ], [ -6.834552921305567, 33.812620774981838 ], [ -6.833887872228633, 33.811997949348623 ] ] ] } },
{ "type": "Feature", "properties": { "fid": 9613, "indice": "R", "complement": "SOLDE", "Consistance": "TN", "num": "T16877", "surface": 169965 }, "geometry": { "type": "Polygon", "coordinates": [ [ [ -6.924527995998457, 33.874635841531529 ], [ -6.924261021300492, 33.87488893035556 ], [ -6.923639052864091, 33.8743824058363 ], [ -6.922779416643472, 33.875185672279052 ], [ -6.921327789234351, 33.876517450045505 ], [ -6.921496150928896, 33.877179224303816 ], [ -6.922333569862105, 33.878256765944947 ], [ -6.923604553522796, 33.879885513750921 ], [ -6.925240818320819, 33.878413464718143 ], [ -6.926990168913327, 33.876857034732438 ], [ -6.924527995998457, 33.874635841531529 ] ] ] } },
{ "type": "Feature", "properties": { "fid": 9655, "indice": "R", "complement": "SOLD", "Consistance": "TN", "num": "T70616", "surface": 8826 }, "geometry": { "type": "Polygon", "coordinates": [ [ [ -6.858515278627898, 33.850150900455951 ], [ -6.859290846232169, 33.851599374831054 ], [ -6.859867529082966, 33.851371670944872 ], [ -6.858925657718074, 33.849998196701605 ], [ -6.858515278627898, 33.850150900455951 ] ] ] } },
{ "type": "Feature", "properties": { "fid": 9662, "indice": "38", "complement": "", "Consistance": "TN", "num": "T123891", "surface": 8399 }, "geometry": { "type": "Polygon", "coordinates": [ [ [ -6.850532436137433, 33.843873402190162 ], [ -6.850753963813638, 33.843804991183426 ], [ -6.850622458521532, 33.843502565343073 ], [ -6.849404813603297, 33.84385941941845 ], [ -6.848348514609655, 33.844169296181427 ], [ -6.848505394426136, 33.844502997982254 ], [ -6.850532436137433, 33.843873402190162 ] ] ] } },
{ "type": "Feature", "properties": { "fid": 9693, "indice": "18", "complement": "AV.ENROLEM", "Consistance": "TN", "num": "R606", "surface": 41161 }, "geometry": { "type": "Polygon", "coordinates": [ [ [ -6.849198882134788, 33.86973634593452 ], [ -6.84767259662837, 33.868071027219933 ], [ -6.847602742313218, 33.867771494480422 ], [ -6.847104307717585, 33.867316378002393 ], [ -6.84477118359506, 33.86634581916671 ], [ -6.84488441934075, 33.866588933000855 ], [ -6.844916614771704, 33.86676984812437 ], [ -6.844912119775744, 33.866889856142592 ], [ -6.844859627115301, 33.866984262764838 ], [ -6.844848223717673, 33.86714403529048 ], [ -6.844999694138173, 33.867215341485426 ], [ -6.846730173861729, 33.868029619317348 ], [ -6.847746135785409, 33.868917083981252 ], [ -6.848405577902204, 33.869560639743199 ], [ -6.849994647231541, 33.871033111399292 ], [ -6.850302905337289, 33.870779704528552 ], [ -6.849198882134788, 33.86973634593452 ] ] ] } },
{ "type": "Feature", "properties": { "fid": 9706, "indice": "38", "complement": "", "Consistance": "TN", "num": "R2695", "surface": 73416 }, "geometry": { "type": "Polygon", "coordinates": [ [ [ -6.899958813281933, 33.91479878798436 ], [ -6.898800800812072, 33.913828669569021 ], [ -6.898675966667033, 33.913929375460683 ], [ -6.898301241311974, 33.913653365863581 ], [ -6.896701218966887, 33.912266421546157 ], [ -6.895530065611979, 33.911282901242259 ], [ -6.895504976907191, 33.911333708465577 ], [ -6.895476783081513, 33.911392670050198 ], [ -6.895447538684547, 33.911453448016616 ], [ -6.895416224178794, 33.911519662218538 ], [ -6.895392309877082, 33.911575866887738 ], [ -6.895366201470501, 33.911630293932248 ], [ -6.895332708263951, 33.911695632222809 ], [ -6.895301300587438, 33.911756435994384 ], [ -6.895275176570625, 33.911809961283829 ], [ -6.8952447573598, 33.911865341720549 ], [ -6.895213132581834, 33.911913521209577 ], [ -6.895180488220335, 33.911965320541938 ], [ -6.895162706441476, 33.912000707779058 ], [ -6.895134295200054, 33.912047045016514 ], [ -6.895103751837629, 33.912095211553748 ], [ -6.895073099961917, 33.912137065954617 ], [ -6.895055132141647, 33.912161632383508 ], [ -6.895026767280165, 33.912210674791638 ], [ -6.897892180270175, 33.914775738172537 ], [ -6.898069563353908, 33.914648248513593 ], [ -6.899829287195467, 33.916258740489951 ], [ -6.900546187163762, 33.915611589802211 ], [ -6.900738998447654, 33.915437913603597 ], [ -6.899958813281933, 33.91479878798436 ] ] ] } },
{ "type": "Feature", "properties": { "fid": 9708, "indice": "38", "complement": "", "Consistance": "TN", "num": "T122879", "surface": 4724 }, "geometry": { "type": "Polygon", "coordinates": [ [ [ -6.942942545287275, 33.923791510753503 ], [ -6.942830698519654, 33.923585447851224 ], [ -6.941954464507986, 33.92292070747223 ], [ -6.941677673237181, 33.923174850915814 ], [ -6.94278447759876, 33.923968431692529 ], [ -6.942942545287275, 33.923791510753503 ] ] ] } },
{ "type": "Feature", "properties": { "fid": 9729, "indice": "38", "complement": "", "Consistance": "TN", "num": "T98", "surface": 10059 }, "geometry": { "type": "Polygon", "coordinates": [ [ [ -6.926410003180925, 33.857835082100983 ], [ -6.925790280265752, 33.857265403645272 ], [ -6.924713921890953, 33.857844045668188 ], [ -6.92532191030546, 33.858422891806022 ], [ -6.926410003180925, 33.857835082100983 ] ] ] } },
{ "type": "Feature", "properties": { "fid": 9730, "indice": "03", "complement": "", "Consistance": "TN", "num": "T96976", "surface": 3472 }, "geometry": { "type": "Polygon", "coordinates": [ [ [ -6.797015716662586, 33.811474754115018 ], [ -6.796876541941142, 33.811218355748252 ], [ -6.795772405327226, 33.811631149233691 ], [ -6.795856524868157, 33.811890869377947 ], [ -6.797015716662586, 33.811474754115018 ] ] ] } },
{ "type": "Feature", "properties": { "fid": 9731, "indice": "03", "complement": "", "Consistance": "TN", "num": "T96977", "surface": 3592 }, "geometry": { "type": "Polygon", "coordinates": [ [ [ -6.797159372566529, 33.811741023524291 ], [ -6.797015716662586, 33.811474754115018 ], [ -6.795856524868157, 33.811890869377947 ], [ -6.795876967705028, 33.811952874666915 ], [ -6.796252895665998, 33.812082162629309 ], [ -6.797159372566529, 33.811741023524291 ] ] ] } },
{ "type": "Feature", "properties": { "fid": 9747, "indice": "R", "complement": "MT-FUS", "Consistance": "TN", "num": "T39952", "surface": 13606 }, "geometry": { "type": "Polygon", "coordinates": [ [ [ -6.903387652784368, 33.911704652080111 ], [ -6.903414332782084, 33.911683587436499 ], [ -6.903376011516053, 33.911656990224387 ], [ -6.90373906377466, 33.911319820279395 ], [ -6.903317026824785, 33.911060628416607 ], [ -6.902943031285997, 33.910827013845363 ], [ -6.902580816786898, 33.910523808936667 ], [ -6.901873021882797, 33.911005812683939 ], [ -6.903036837259088, 33.912061516173033 ], [ -6.903387652784368, 33.911704652080111 ] ] ] } },
{ "type": "Feature", "properties": { "fid": 9766, "indice": "R", "complement": "SOLDE (P2)", "Consistance": "TN", "num": "T47768", "surface": 20475 }, "geometry": { "type": "Polygon", "coordinates": [ [ [ -6.728402208760603, 33.739011516602865 ], [ -6.727740966988943, 33.738905804469617 ], [ -6.727717261011008, 33.738908762330013 ], [ -6.727680876716865, 33.738929893927931 ], [ -6.727650900240707, 33.738946447657227 ], [ -6.727600236267012, 33.738951495959228 ], [ -6.72754093694283, 33.738956636029279 ], [ -6.727485109322947, 33.738977072289948 ], [ -6.72745391605047, 33.738984619422567 ], [ -6.727409659894324, 33.738985089799201 ], [ -6.727354609553085, 33.73898567487992 ], [ -6.727256382471787, 33.73898671878721 ], [ -6.727166859383585, 33.738992179866315 ], [ -6.72709039913734, 33.739004717664244 ], [ -6.727072103932791, 33.739008519856 ], [ -6.727061337201705, 33.739010438154963 ], [ -6.727054874417165, 33.739011408773436 ], [ -6.727024733058075, 33.739017140724989 ], [ -6.726971882714206, 33.739020408105588 ], [ -6.726916873528395, 33.739023698400189 ], [ -6.726882483112377, 33.739033985201218 ], [ -6.72686211141221, 33.739043221111501 ], [ -6.726858955512233, 33.739048666328145 ], [ -6.726846235825242, 33.73906413457788 ], [ -6.726837833812509, 33.73907955695644 ], [ -6.726834938704632, 33.739102136415397 ], [ -6.726830922996959, 33.739122021934769 ], [ -6.726822493524082, 33.739135640707588 ], [ -6.726817247406744, 33.739145617868893 ], [ -6.726813176789686, 33.739161896178494 ], [ -6.726810158140413, 33.739176359416142 ], [ -6.726805977714467, 33.739185423307383 ], [ -6.726802876708772, 33.73919447573136 ], [ -6.726799816879546, 33.739206233561909 ], [ -6.726789489337192, 33.73923700950877 ], [ -6.726786553034835, 33.739256883558916 ], [ -6.726782482406851, 33.739273161866912 ], [ -6.726770814644987, 33.739286815036564 ], [ -6.726754870365475, 33.739303219478714 ], [ -6.726739104506192, 33.739331347347587 ], [ -6.726725483758118, 33.73935855047899 ], [ -6.726709937476198, 33.739401107178836 ], [ -6.726691235254147, 33.739449109087921 ], [ -6.726670264366448, 33.739489919508195 ], [ -6.726641984516187, 33.739547042624089 ], [ -6.726624883161845, 33.739629301536972 ], [ -6.726608655345674, 33.739698021948172 ], [ -6.726586440248572, 33.739728022191407 ], [ -6.726566644736645, 33.739775133740423 ], [ -6.726558681751581, 33.739819413764295 ], [ -6.726559857243704, 33.739825714913941 ], [ -6.726558873877901, 33.739832038993676 ], [ -6.726545211825833, 33.7398565366952 ], [ -6.72652406237327, 33.739885623658914 ], [ -6.726517956313155, 33.739910041103556 ], [ -6.726516972943362, 33.7399163651828 ], [ -6.7265175218592, 33.739952437265821 ], [ -6.726512330549197, 33.739966021620198 ], [ -6.726518084498402, 33.739989411150461 ], [ -6.726523811004742, 33.740010997076233 ], [ -6.726540304382945, 33.740030664749021 ], [ -6.726555608550352, 33.740043129468233 ], [ -6.726577471654239, 33.740060936206611 ], [ -6.726601246603074, 33.740062487573759 ], [ -6.726620731273083, 33.740065888402839 ], [ -6.726622071461034, 33.740083011175727 ], [ -6.72659970530889, 33.740103091595742 ], [ -6.726583609888151, 33.740109576189937 ], [ -6.726570739039227, 33.740115124584598 ], [ -6.726555777940042, 33.740125204918087 ], [ -6.726541868823835, 33.740133470180766 ], [ -6.726530173463014, 33.740145319720426 ], [ -6.726970518485679, 33.740207386117781 ], [ -6.727012328108185, 33.740188000993989 ], [ -6.72706379769609, 33.740164905423867 ], [ -6.727123221433096, 33.740167881799685 ], [ -6.727201407438164, 33.740197717206385 ], [ -6.727243944718633, 33.740226127507178 ], [ -6.727254766518129, 33.740227816400818 ], [ -6.72726788449287, 33.740238500370381 ], [ -6.727275619031025, 33.740250143496681 ], [ -6.72801237595554, 33.740351447434719 ], [ -6.728402208760603, 33.739011516602865 ] ] ] } },
{ "type": "Feature", "properties": { "fid": 9821, "indice": "38", "complement": "", "Consistance": "TN", "num": "T4191", "surface": 40933 }, "geometry": { "type": "Polygon", "coordinates": [ [ [ -6.836113985660973, 33.841436848467204 ], [ -6.836219894591882, 33.842222116689427 ], [ -6.836325139345006, 33.842639404168942 ], [ -6.836319400932219, 33.843077808846971 ], [ -6.83607634541974, 33.843807557143464 ], [ -6.836409666622239, 33.844421551654911 ], [ -6.836880862433674, 33.843630556009948 ], [ -6.83719066063586, 33.842557304879982 ], [ -6.837294123193849, 33.841884176425602 ], [ -6.837245715695549, 33.84124345909904 ], [ -6.83741106910112, 33.840718437688722 ], [ -6.836179894557288, 33.839207416674 ], [ -6.836309433240267, 33.840245856970448 ], [ -6.836113985660973, 33.841436848467204 ] ] ] } },
{ "type": "Feature", "properties": { "fid": 9836, "indice": "38", "complement": "", "Consistance": "TN", "num": "T125056", "surface": 50043 }, "geometry": { "type": "Polygon", "coordinates": [ [ [ -6.77221097103858, 33.799558961744218 ], [ -6.773522130440925, 33.799260449251044 ], [ -6.773006508512535, 33.796842609679466 ], [ -6.771121678301854, 33.797068943794358 ], [ -6.77167060352432, 33.799683949016803 ], [ -6.77221097103858, 33.799558961744218 ] ] ] } },
{ "type": "Feature", "properties": { "fid": 9842, "indice": "38", "complement": "", "Consistance": "TN", "num": "T120909", "surface": 3641 }, "geometry": { "type": "Polygon", "coordinates": [ [ [ -6.915160735492918, 33.877434701756208 ], [ -6.915126797247674, 33.877410760675879 ], [ -6.914827525994436, 33.877674141095831 ], [ -6.914590251428502, 33.877896183271609 ], [ -6.914734011952289, 33.878017105207363 ], [ -6.914912056660614, 33.878181806408172 ], [ -6.915560239665658, 33.877711264784175 ], [ -6.915160735492918, 33.877434701756208 ] ] ] } },
{ "type": "Feature", "properties": { "fid": 10997, "indice": "38", "complement": "EQ2", "Consistance": "TN", "num": "T124396", "surface": 2533 }, "geometry": { "type": "Polygon", "coordinates": [ [ [ -6.808242273703941, 33.794041455695627 ], [ -6.807839581315986, 33.794391436577371 ], [ -6.808206252374529, 33.794686750286544 ], [ -6.808608930073426, 33.794335866477567 ], [ -6.808242273703941, 33.794041455695627 ] ] ] } },
{ "type": "Feature", "properties": { "fid": 11014, "indice": "38", "complement": "", "Consistance": "TN", "num": "T126281", "surface": 4168 }, "geometry": { "type": "Polygon", "coordinates": [ [ [ -6.83545892635877, 33.89106284581424 ], [ -6.835196557981151, 33.891285923402791 ], [ -6.835111244314519, 33.891359055339514 ], [ -6.834945740492729, 33.89148812384834 ], [ -6.834830566456718, 33.891586851711004 ], [ -6.834488227219071, 33.891879390466649 ], [ -6.834454116164085, 33.891909544795567 ], [ -6.834345428824095, 33.892008197816139 ], [ -6.833998199892556, 33.892332358281486 ], [ -6.833722910981636, 33.892625028235756 ], [ -6.833629196846023, 33.89271358793517 ], [ -6.833446330935104, 33.892905085499059 ], [ -6.833591586671863, 33.892990907153163 ], [ -6.834349720802055, 33.892202962589067 ], [ -6.83515653359555, 33.89148209846897 ], [ -6.835614502968475, 33.891118783489439 ], [ -6.83545892635877, 33.89106284581424 ] ] ] } },
{ "type": "Feature", "properties": { "fid": 11191, "indice": "19", "complement": "AV.BGE", "Consistance": "TN", "num": "R5082019", "surface": 4010 }, "geometry": { "type": "Polygon", "coordinates": [ [ [ -6.920030150454888, 33.875214599828603 ], [ -6.919672444323837, 33.875474192685374 ], [ -6.920208084965363, 33.876177504927142 ], [ -6.920565776634729, 33.875917008859638 ], [ -6.920030150454888, 33.875214599828603 ] ] ] } },
{ "type": "Feature", "properties": { "fid": 11198, "indice": "38", "complement": "P3", "Consistance": "TN", "num": "R507", "surface": 3340 }, "geometry": { "type": "Polygon", "coordinates": [ [ [ -6.898638372074827, 33.895859850026909 ], [ -6.898017758312953, 33.895306285495842 ], [ -6.897960030020772, 33.89584813056566 ], [ -6.897963958147336, 33.896264772002439 ], [ -6.898638372074827, 33.895859850026909 ] ] ] } },
{ "type": "Feature", "properties": { "fid": 11199, "indice": "38", "complement": "", "Consistance": "TN", "num": "R2722", "surface": 6259 }, "geometry": { "type": "Polygon", "coordinates": [ [ [ -6.854856610349831, 33.84364638845841 ], [ -6.853787124601618, 33.843100529953951 ], [ -6.853466449237434, 33.843510127817098 ], [ -6.854369118011977, 33.844034479042236 ], [ -6.854856610349831, 33.84364638845841 ] ] ] } },
{ "type": "Feature", "properties": { "fid": 11216, "indice": "38", "complement": " LOT1050", "Consistance": "TN", "num": "T125356", "surface": 36678 }, "geometry": { "type": "Polygon", "coordinates": [ [ [ -6.726144162276853, 33.814336493830098 ], [ -6.724798308849981, 33.815078619480197 ], [ -6.72367790584616, 33.815939201326792 ], [ -6.722705972575315, 33.816829769218053 ], [ -6.722952266035811, 33.817109465847317 ], [ -6.723108397811383, 33.816931035904261 ], [ -6.72340065717496, 33.816751164710134 ], [ -6.723656145957842, 33.816711480741674 ], [ -6.724042665382991, 33.816406144055691 ], [ -6.724392353373549, 33.816094882846606 ], [ -6.724720516960688, 33.815860512468511 ], [ -6.725038725703778, 33.815682166170561 ], [ -6.725596253054817, 33.815467008261741 ], [ -6.726011832911814, 33.815367898344462 ], [ -6.726288346982164, 33.815290104961001 ], [ -6.726409334041661, 33.815287919329847 ], [ -6.726553516941338, 33.81531885873158 ], [ -6.726811256978904, 33.815285457836197 ], [ -6.727018650753807, 33.815351802851993 ], [ -6.727286407896538, 33.815408487346744 ], [ -6.727392522762554, 33.815493945599769 ], [ -6.727558874578563, 33.815703229997183 ], [ -6.727764472318801, 33.815864295192846 ], [ -6.727838405006755, 33.815894175411856 ], [ -6.727832076247863, 33.815762561292836 ], [ -6.727736621160175, 33.815596718683871 ], [ -6.727693422655586, 33.815456476876925 ], [ -6.727649432601407, 33.815335183926955 ], [ -6.727536821749992, 33.815248892945959 ], [ -6.727375616913623, 33.815093669476383 ], [ -6.727164798551038, 33.814944384108856 ], [ -6.727022885151682, 33.81470778191585 ], [ -6.726944489904317, 33.814597677062018 ], [ -6.726838865101826, 33.814260575498309 ], [ -6.726144162276853, 33.814336493830098 ] ] ] } },
{ "type": "Feature", "properties": { "fid": 11224, "indice": "38", "complement": "", "Consistance": "TN", "num": "T128457", "surface": 2249 }, "geometry": { "type": "Polygon", "coordinates": [ [ [ -6.851336997027443, 33.846035019027539 ], [ -6.851330701691602, 33.845787060649734 ], [ -6.850684980409756, 33.845633107316083 ], [ -6.850588185209624, 33.845921946643358 ], [ -6.850655505829066, 33.845940106283166 ], [ -6.851339220216451, 33.846103540092706 ], [ -6.851336997027443, 33.846035019027539 ] ] ] } },
{ "type": "Feature", "properties": { "fid": 11251, "indice": "38", "complement": "", "Consistance": "TN", "num": "T128847", "surface": 2201 }, "geometry": { "type": "Polygon", "coordinates": [ [ [ -6.865067547664871, 33.857946371020908 ], [ -6.864729883660084, 33.858310196300707 ], [ -6.86509074736916, 33.858554000422899 ], [ -6.865431501639322, 33.858181118676995 ], [ -6.865067547664871, 33.857946371020908 ] ] ] } },
{ "type": "Feature", "properties": { "fid": 11252, "indice": "38", "complement": "", "Consistance": "TN", "num": "T128848", "surface": 2209 }, "geometry": { "type": "Polygon", "coordinates": [ [ [ -6.864693731254683, 33.857703620436546 ], [ -6.864365749005457, 33.858064625578557 ], [ -6.864729883660084, 33.858310196300707 ], [ -6.865067547664871, 33.857946371020908 ], [ -6.864693731254683, 33.857703620436546 ] ] ] } }
]
}
