{
  "type": "FeatureCollection",
  "name": "cadastre_temara_exemple_realiste",
  "crs": {
    "type": "name",
    "properties": {
      "name": "urn:ogc:def:crs:OGC:1.3:CRS84"
    }
  },
  "features": [
    {
      "type": "Feature",
      "geometry": {
        "type": "Polygon",
        "coordinates": [
          [
            [
              -6.916849236248733,
              33.92057243997506
            ],
            [
              -6.916131382553173,
              33.92045004492533
            ],
            [
              -6.916115092594006,
              33.92038772905517
            ],
            [
              -6.916103666242905,
              33.9197
            ],
            [
              -6.9177,
              33.9197
            ],
            [
              -6.9177,
              33.920136096960476
            ],
            [
              -6.916849236248733,
              33.92057243997506
            ]
          ]
        ]
      },
      "properties": {
        "id_parcelle": "TEM-0001",
        "num_titre_foncier": "TF61750/S",
        "type_immatriculation": "Non immatriculé",
        "nature_juridique": "Melk",
        "superficie_m2": 11872.01,
        "commune": "Témara",
        "cercle": "Témara",
        "province": "Skhirat-Témara",
        "nature_occupation_code": "HAM",
        "nature_occupation_libelle": "Sol argileux (hamri) - non bâti",
        "zone_amenagement": "Zone résidentielle",
        "statut_foncier": "En instruction",
        "origine": "Morcellement",
        "reference_plan": "PL-TEM-12",
        "echelle_leve": "1/2000",
        "date_creation": "2010-09-07",
        "date_derniere_maj": "2026-01-15"
      }
    },
    {
      "type": "Feature",
      "geometry": {
        "type": "Polygon",
        "coordinates": [
          [
            [
              -6.917418984959895,
              33.92205289957299
            ],
            [
              -6.917167630119006,
              33.92191936576505
            ],
            [
              -6.916849236248733,
              33.92057243997506
            ],
            [
              -6.9177,
              33.920136096960476
            ],
            [
              -6.9177,
              33.92194725062703
            ],
            [
              -6.917418984959895,
              33.92205289957299
            ]
          ]
        ]
      },
      "properties": {
        "id_parcelle": "TEM-0002",
        "num_titre_foncier": null,
        "type_immatriculation": "En cours d'immatriculation",
        "nature_juridique": "Melk",
        "superficie_m2": 11891.99,
        "commune": "Témara",
        "cercle": "Témara",
        "province": "Skhirat-Témara",
        "nature_occupation_code": "PR",
        "nature_occupation_libelle": "Bâtiments à usage professionnel",
        "zone_amenagement": "Zone industrielle",
        "statut_foncier": "Constructible",
        "origine": "Levé initial",
        "reference_plan": "PL-TEM-02",
        "echelle_leve": "1/2000",
        "date_creation": "2011-04-21",
        "date_derniere_maj": "2026-01-15"
      }
    },
    {
      "type": "Feature",
      "geometry": {
        "type": "Polygon",
        "coordinates": [
          [
            [
              -6.9177,
              33.92194725062703
            ],
            [
              -6.9177,
              33.922608725073026
            ],
            [
              -6.917499709735537,
              33.92246259605331
            ],
            [
              -6.917418984959895,
              33.92205289957299
            ],
            [
              -6.9177,
              33.92194725062703
            ]
          ]
        ]
      },
      "properties": {
        "id_parcelle": "TEM-0003",
        "num_titre_foncier": "TF85642/S",
        "type_immatriculation": "Non immatriculé",
        "nature_juridique": "Guich",
        "superficie_m2": 1316.87,
        "commune": "Témara",
        "cercle": "Témara",
        "province": "Skhirat-Témara",
        "nature_occupation_code": "AGR",
        "nature_occupation_libelle": "Usage agricole",
        "zone_amenagement": "Zone résidentielle",
        "statut_foncier": "Constructible",
        "origine": "Morcellement",
        "reference_plan": "PL-TEM-18",
        "echelle_leve": "1/500",
        "date_creation": "2014-07-05",
        "date_derniere_maj": "2026-01-15"
      }
    },
    {
      "type": "Feature",
      "geometry": {
        "type": "Polygon",
        "coordinates": [
          [
            [
              -6.917220380341285,
              33.92308169994911
            ],
            [
              -6.917499709735537,
              33.92246259605331
            ],
            [
              -6.9177,
              33.922608725073026
            ],
            [
              -6.9177,
              33.92362542608137
            ],
            [
              -6.917220380341285,
              33.92308169994911
            ]
          ]
        ]
      },
      "properties": {
        "id_parcelle": "TEM-0004",
        "num_titre_foncier": null,
        "type_immatriculation": "En cours d'immatriculation",
        "nature_juridique": "Habous",
        "superficie_m2": 3354.29,
        "commune": "Témara",
        "cercle": "Témara",
        "province": "Skhirat-Témara",
        "nature_occupation_code": "AGR",
        "nature_occupation_libelle": "Usage agricole",
        "zone_amenagement": "Zone industrielle",
        "statut_foncier": "Constructible",
        "origine": "Lotissement",
        "reference_plan": "PL-TEM-12",
        "echelle_leve": "1/500",
        "date_creation": "2018-12-03",
        "date_derniere_maj": "2026-01-15"
      }
    },
    {
      "type": "Feature",
      "geometry": {
        "type": "Polygon",
        "coordinates": [
          [
            [
              -6.917348124712675,
              33.92623988870318
            ],
            [
              -6.915984159438416,
              33.92458526655805
            ],
            [
              -6.9159981792912415,
              33.924530621595196
            ],
            [
              -6.9177,
              33.924533089911456
            ],
            [
              -6.9177,
              33.92593330301718
            ],
            [
              -6.917348124712675,
              33.92623988870318
            ]
          ]
        ]
      },
      "properties": {
        "id_parcelle": "TEM-0005",
        "num_titre_foncier": null,
        "type_immatriculation": "Immatriculé",
        "nature_juridique": "Guich",
        "superficie_m2": 17973.05,
        "commune": "Témara",
        "cercle": "Témara",
        "province": "Skhirat-Témara",
        "nature_occupation_code": "AGR",
        "nature_occupation_libelle": "Usage agricole",
        "zone_amenagement": "Zone équipements publics",
        "statut_foncier": "Non constructible",
        "origine": "Levé initial",
        "reference_plan": "PL-TEM-19",
        "echelle_leve": "1/1000",
        "date_creation": "2015-05-08",
        "date_derniere_maj": "2026-01-15"
      }
    },
    {
      "type": "Feature",
      "geometry": {
        "type": "Polygon",
        "coordinates": [
          [
            [
              -6.917037800790951,
              33.92689632772882
            ],
            [
              -6.917348124712675,
              33.92623988870318
            ],
            [
              -6.9177,
              33.92593330301718
            ],
            [
              -6.9177,
              33.927202696985084
            ],
            [
              -6.917037800790951,
              33.92689632772882
            ]
          ]
        ]
      },
      "properties": {
        "id_parcelle": "TEM-0006",
        "num_titre_foncier": "TF41994/S",
        "type_immatriculation": "Immatriculé",
        "nature_juridique": "Habous",
        "superficie_m2": 5019.94,
        "commune": "Témara",
        "cercle": "Témara",
        "province": "Skhirat-Témara",
        "nature_occupation_code": "NO",
        "nature_occupation_libelle": "Constructions légères / noualas (habitat)",
        "zone_amenagement": "Zone agricole",
        "statut_foncier": "En instruction",
        "origine": "Levé initial",
        "reference_plan": "PL-TEM-11",
        "echelle_leve": "1/2000",
        "date_creation": "2017-05-20",
        "date_derniere_maj": "2026-01-15"
      }
    },
    {
      "type": "Feature",
      "geometry": {
        "type": "Polygon",
        "coordinates": [
          [
            [
              -6.916741968449986,
              33.92874386098977
            ],
            [
              -6.916492771180526,
              33.92837399468744
            ],
            [
              -6.916468134235325,
              33.92711121642732
            ],
            [
              -6.917037800790951,
              33.92689632772882
            ],
            [
              -6.9177,
              33.927202696985084
            ],
            [
              -6.9177,
              33.92827919638862
            ],
            [
              -6.916741968449986,
              33.92874386098977
            ]
          ]
        ]
      },
      "properties": {
        "id_parcelle": "TEM-0007",
        "num_titre_foncier": null,
        "type_immatriculation": "En cours d'immatriculation",
        "nature_juridique": "Domanial privé",
        "superficie_m2": 18712.85,
        "commune": "Témara",
        "cercle": "Témara",
        "province": "Skhirat-Témara",
        "nature_occupation_code": "PR",
        "nature_occupation_libelle": "Bâtiments à usage professionnel",
        "zone_amenagement": "Zone agricole",
        "statut_foncier": "Constructible",
        "origine": "Levé initial",
        "reference_plan": "PL-TEM-14",
        "echelle_leve": "1/500",
        "date_creation": "2020-02-25",
        "date_derniere_maj": "2026-01-15"
      }
    },
    {
      "type": "Feature",
      "geometry": {
        "type": "Polygon",
        "coordinates": [
          [
            [
              -6.916765030558263,
              33.928900318703015
            ],
            [
              -6.916741968449986,
              33.92874386098977
            ],
            [
              -6.9177,
              33.92827919638862
            ],
            [
              -6.9177,
              33.929575526205554
            ],
            [
              -6.916765030558263,
              33.928900318703015
            ]
          ]
        ]
      },
      "properties": {
        "id_parcelle": "TEM-0008",
        "num_titre_foncier": "TF51123/S",
        "type_immatriculation": "En cours d'immatriculation",
        "nature_juridique": "Collectif",
        "superficie_m2": 7056.84,
        "commune": "Témara",
        "cercle": "Témara",
        "province": "Skhirat-Témara",
        "nature_occupation_code": "AGR",
        "nature_occupation_libelle": "Usage agricole",
        "zone_amenagement": "Zone équipements publics",
        "statut_foncier": "En instruction",
        "origine": "Levé initial",
        "reference_plan": "PL-TEM-03",
        "echelle_leve": "1/500",
        "date_creation": "2014-08-23",
        "date_derniere_maj": "2026-01-15"
      }
    },
    {
      "type": "Feature",
      "geometry": {
        "type": "Polygon",
        "coordinates": [
          [
            [
              -6.915903622648432,
              33.93153005550197
            ],
            [
              -6.915900586650261,
              33.931527982447506
            ],
            [
              -6.915819388329046,
              33.93109699880529
            ],
            [
              -6.9177,
              33.93012604515431
            ],
            [
              -6.9177,
              33.93109891847786
            ],
            [
              -6.915903622648432,
              33.93153005550197
            ]
          ]
        ]
      },
      "properties": {
        "id_parcelle": "TEM-0009",
        "num_titre_foncier": null,
        "type_immatriculation": "Non immatriculé",
        "nature_juridique": "Collectif",
        "superficie_m2": 13598.1,
        "commune": "Témara",
        "cercle": "Témara",
        "province": "Skhirat-Témara",
        "nature_occupation_code": "PR",
        "nature_occupation_libelle": "Bâtiments à usage professionnel",
        "zone_amenagement": "Zone équipements publics",
        "statut_foncier": "Non constructible",
        "origine": "Levé initial",
        "reference_plan": "PL-TEM-22",
        "echelle_leve": "1/1000",
        "date_creation": "2010-08-12",
        "date_derniere_maj": "2026-01-15"
      }
    },
    {
      "type": "Feature",
      "geometry": {
        "type": "Polygon",
        "coordinates": [
          [
            [
              -6.9167399832276075,
              33.932392869678
            ],
            [
              -6.915903622648432,
              33.93153005550197
            ],
            [
              -6.9177,
              33.93109891847786
            ],
            [
              -6.9177,
              33.93273227484994
            ],
            [
              -6.9167399832276075,
              33.932392869678
            ]
          ]
        ]
      },
      "properties": {
        "id_parcelle": "TEM-0010",
        "num_titre_foncier": "TF74709/S",
        "type_immatriculation": "Immatriculé",
        "nature_juridique": "Domanial privé",
        "superficie_m2": 17883.65,
        "commune": "Témara",
        "cercle": "Témara",
        "province": "Skhirat-Témara",
        "nature_occupation_code": "NO",
        "nature_occupation_libelle": "Constructions légères / noualas (habitat)",
        "zone_amenagement": "Zone agricole",
        "statut_foncier": "Constructible",
        "origine": "Lotissement",
        "reference_plan": "PL-TEM-13",
        "echelle_leve": "1/1000",
        "date_creation": "2023-08-03",
        "date_derniere_maj": "2026-01-15"
      }
    },
    {
      "type": "Feature",
      "geometry": {
        "type": "Polygon",
        "coordinates": [
          [
            [
              -6.916414149001063,
              33.93502389730789
            ],
            [
              -6.915992688170609,
              33.93447970379172
            ],
            [
              -6.916498462338286,
              33.93293584455238
            ],
            [
              -6.9167399832276075,
              33.932392869678
            ],
            [
              -6.9177,
              33.93273227484994
            ],
            [
              -6.9177,
              33.93443790929721
            ],
            [
              -6.916414149001063,
              33.93502389730789
            ]
          ]
        ]
      },
      "properties": {
        "id_parcelle": "TEM-0011",
        "num_titre_foncier": "TF82016/S",
        "type_immatriculation": "En cours d'immatriculation",
        "nature_juridique": "Domanial privé",
        "superficie_m2": 31946.98,
        "commune": "Témara",
        "cercle": "Témara",
        "province": "Skhirat-Témara",
        "nature_occupation_code": "NO",
        "nature_occupation_libelle": "Constructions légères / noualas (habitat)",
        "zone_amenagement": "Zone équipements publics",
        "statut_foncier": "En instruction",
        "origine": "Fusion de parcelles",
        "reference_plan": "PL-TEM-23",
        "echelle_leve": "1/1000",
        "date_creation": "2015-11-13",
        "date_derniere_maj": "2026-01-15"
      }
    },
    {
      "type": "Feature",
      "geometry": {
        "type": "Polygon",
        "coordinates": [
          [
            [
              -6.917326173730835,
              33.93626417823223
            ],
            [
              -6.9177,
              33.93587655124325
            ],
            [
              -6.9177,
              33.936259678079686
            ],
            [
              -6.917326173730835,
              33.93626417823223
            ]
          ]
        ]
      },
      "properties": {
        "id_parcelle": "TEM-0012",
        "num_titre_foncier": "TF33097/S",
        "type_immatriculation": "Immatriculé",
        "nature_juridique": "Domanial privé",
        "superficie_m2": 736.32,
        "commune": "Témara",
        "cercle": "Témara",
        "province": "Skhirat-Témara",
        "nature_occupation_code": "NO",
        "nature_occupation_libelle": "Constructions légères / noualas (habitat)",
        "zone_amenagement": "Zone industrielle",
        "statut_foncier": "Constructible",
        "origine": "Levé initial",
        "reference_plan": "PL-TEM-19",
        "echelle_leve": "1/500",
        "date_creation": "2014-05-01",
        "date_derniere_maj": "2026-01-15"
      }
    },
    {
      "type": "Feature",
      "geometry": {
        "type": "Polygon",
        "coordinates": [
          [
            [
              -6.917326173730835,
              33.93626417823223
            ],
            [
              -6.916963611790228,
              33.936335387141604
            ],
            [
              -6.916408154685405,
              33.93505045235113
            ],
            [
              -6.916414149001063,
              33.93502389730789
            ],
            [
              -6.9177,
              33.93443790929721
            ],
            [
              -6.9177,
              33.93587655124325
            ],
            [
              -6.917326173730835,
              33.93626417823223
            ]
          ]
        ]
      },
      "properties": {
        "id_parcelle": "TEM-0013",
        "num_titre_foncier": "TF58398/S",
        "type_immatriculation": "Non immatriculé",
        "nature_juridique": "Habous",
        "superficie_m2": 16472.7,
        "commune": "Témara",
        "cercle": "Témara",
        "province": "Skhirat-Témara",
        "nature_occupation_code": "NO",
        "nature_occupation_libelle": "Constructions légères / noualas (habitat)",
        "zone_amenagement": "Zone agricole",
        "statut_foncier": "Constructible",
        "origine": "Morcellement",
        "reference_plan": "PL-TEM-15",
        "echelle_leve": "1/2000",
        "date_creation": "2022-09-13",
        "date_derniere_maj": "2026-01-15"
      }
    },
    {
      "type": "Feature",
      "geometry": {
        "type": "Polygon",
        "coordinates": [
          [
            [
              -6.916895122594195,
              33.93689501671112
            ],
            [
              -6.916963611790228,
              33.936335387141604
            ],
            [
              -6.917326173730835,
              33.93626417823223
            ],
            [
              -6.9177,
              33.936259678079686
            ],
            [
              -6.9177,
              33.9377
            ],
            [
              -6.91728419606992,
              33.9377
            ],
            [
              -6.916895122594195,
              33.93689501671112
            ]
          ]
        ]
      },
      "properties": {
        "id_parcelle": "TEM-0014",
        "num_titre_foncier": "TF23570/S",
        "type_immatriculation": "En cours d'immatriculation",
        "nature_juridique": "Guich",
        "superficie_m2": 9901.24,
        "commune": "Témara",
        "cercle": "Témara",
        "province": "Skhirat-Témara",
        "nature_occupation_code": "NU",
        "nature_occupation_libelle": "Terrain nu",
        "zone_amenagement": "Zone résidentielle",
        "statut_foncier": "Constructible",
        "origine": "Morcellement",
        "reference_plan": "PL-TEM-07",
        "echelle_leve": "1/1000",
        "date_creation": "2012-02-11",
        "date_derniere_maj": "2026-01-15"
      }
    },
    {
      "type": "Feature",
      "geometry": {
        "type": "Polygon",
        "coordinates": [
          [
            [
              -6.916115092594006,
              33.92038772905517
            ],
            [
              -6.915243282542561,
              33.9197
            ],
            [
              -6.916103666242905,
              33.9197
            ],
            [
              -6.916115092594006,
              33.92038772905517
            ]
          ]
        ]
      },
      "properties": {
        "id_parcelle": "TEM-0015",
        "num_titre_foncier": null,
        "type_immatriculation": "Immatriculé",
        "nature_juridique": "Habous",
        "superficie_m2": 3042.03,
        "commune": "Témara",
        "cercle": "Témara",
        "province": "Skhirat-Témara",
        "nature_occupation_code": "AGR",
        "nature_occupation_libelle": "Usage agricole",
        "zone_amenagement": "Zone industrielle",
        "statut_foncier": "En instruction",
        "origine": "Morcellement",
        "reference_plan": "PL-TEM-12",
        "echelle_leve": "1/2000",
        "date_creation": "2010-02-28",
        "date_derniere_maj": "2026-01-15"
      }
    },
    {
      "type": "Feature",
      "geometry": {
        "type": "Polygon",
        "coordinates": [
          [
            [
              -6.915453270785202,
              33.92099182600934
            ],
            [
              -6.916131382553173,
              33.92045004492533
            ],
            [
              -6.916849236248733,
              33.92057243997506
            ],
            [
              -6.917167630119006,
              33.92191936576505
            ],
            [
              -6.915491880172906,
              33.922651989993355
            ],
            [
              -6.915453270785202,
              33.92099182600934
            ]
          ]
        ]
      },
      "properties": {
        "id_parcelle": "TEM-0016",
        "num_titre_foncier": "TF29470/S",
        "type_immatriculation": "Non immatriculé",
        "nature_juridique": "Collectif",
        "superficie_m2": 27227.25,
        "commune": "Témara",
        "cercle": "Témara",
        "province": "Skhirat-Témara",
        "nature_occupation_code": "NO",
        "nature_occupation_libelle": "Constructions légères / noualas (habitat)",
        "zone_amenagement": "Zone agricole",
        "statut_foncier": "En instruction",
        "origine": "Fusion de parcelles",
        "reference_plan": "PL-TEM-16",
        "echelle_leve": "1/500",
        "date_creation": "2011-08-15",
        "date_derniere_maj": "2026-01-15"
      }
    },
    {
      "type": "Feature",
      "geometry": {
        "type": "Polygon",
        "coordinates": [
          [
            [
              -6.915261243279848,
              33.923155228451954
            ],
            [
              -6.915491880172906,
              33.922651989993355
            ],
            [
              -6.917167630119006,
              33.92191936576505
            ],
            [
              -6.917418984959895,
              33.92205289957299
            ],
            [
              -6.917499709735537,
              33.92246259605331
            ],
            [
              -6.917220380341285,
              33.92308169994911
            ],
            [
              -6.915543969130289,
              33.923532343626604
            ],
            [
              -6.915261243279848,
              33.923155228451954
            ]
          ]
        ]
      },
      "properties": {
        "id_parcelle": "TEM-0017",
        "num_titre_foncier": "TF21257/S",
        "type_immatriculation": "Immatriculé",
        "nature_juridique": "Melk",
        "superficie_m2": 21410.16,
        "commune": "Témara",
        "cercle": "Témara",
        "province": "Skhirat-Témara",
        "nature_occupation_code": "NU",
        "nature_occupation_libelle": "Terrain nu",
        "zone_amenagement": "Zone agricole",
        "statut_foncier": "En instruction",
        "origine": "Fusion de parcelles",
        "reference_plan": "PL-TEM-16",
        "echelle_leve": "1/2000",
        "date_creation": "2012-09-01",
        "date_derniere_maj": "2026-01-15"
      }
    },
    {
      "type": "Feature",
      "geometry": {
        "type": "Polygon",
        "coordinates": [
          [
            [
              -6.9159981792912415,
              33.924530621595196
            ],
            [
              -6.9156693495348085,
              33.923859484703115
            ],
            [
              -6.915543969130289,
              33.923532343626604
            ],
            [
              -6.917220380341285,
              33.92308169994911
            ],
            [
              -6.9177,
              33.92362542608137
            ],
            [
              -6.9177,
              33.924533089911456
            ],
            [
              -6.9159981792912415,
              33.924530621595196
            ]
          ]
        ]
      },
      "properties": {
        "id_parcelle": "TEM-0018",
        "num_titre_foncier": "TF79239/S",
        "type_immatriculation": "En cours d'immatriculation",
        "nature_juridique": "Domanial privé",
        "superficie_m2": 24706.98,
        "commune": "Témara",
        "cercle": "Témara",
        "province": "Skhirat-Témara",
        "nature_occupation_code": "NO",
        "nature_occupation_libelle": "Constructions légères / noualas (habitat)",
        "zone_amenagement": "Zone résidentielle",
        "statut_foncier": "En instruction",
        "origine": "Fusion de parcelles",
        "reference_plan": "PL-TEM-21",
        "echelle_leve": "1/500",
        "date_creation": "2021-05-17",
        "date_derniere_maj": "2026-01-15"
      }
    },
    {
      "type": "Feature",
      "geometry": {
        "type": "Polygon",
        "coordinates": [
          [
            [
              -6.9156937102355265,
              33.92517360143498
            ],
            [
              -6.915984159438416,
              33.92458526655805
            ],
            [
              -6.917348124712675,
              33.92623988870318
            ],
            [
              -6.917037800790951,
              33.92689632772882
            ],
            [
              -6.916468134235325,
              33.92711121642732
            ],
            [
              -6.916110830824265,
              33.926913285914445
            ],
            [
              -6.915839386399506,
              33.92614670190777
            ],
            [
              -6.9156937102355265,
              33.92517360143498
            ]
          ]
        ]
      },
      "properties": {
        "id_parcelle": "TEM-0019",
        "num_titre_foncier": "TF56621/S",
        "type_immatriculation": "Immatriculé",
        "nature_juridique": "Habous",
        "superficie_m2": 23966.1,
        "commune": "Témara",
        "cercle": "Témara",
        "province": "Skhirat-Témara",
        "nature_occupation_code": "HAM",
        "nature_occupation_libelle": "Sol argileux (hamri) - non bâti",
        "zone_amenagement": "Zone agricole",
        "statut_foncier": "En instruction",
        "origine": "Lotissement",
        "reference_plan": "PL-TEM-20",
        "echelle_leve": "1/500",
        "date_creation": "2022-04-27",
        "date_derniere_maj": "2026-01-15"
      }
    },
    {
      "type": "Feature",
      "geometry": {
        "type": "Polygon",
        "coordinates": [
          [
            [
              -6.914013328566963,
              33.92650960114696
            ],
            [
              -6.915839386399506,
              33.92614670190777
            ],
            [
              -6.916110830824265,
              33.926913285914445
            ],
            [
              -6.915213074784869,
              33.927228016854926
            ],
            [
              -6.91401662158739,
              33.92656424739381
            ],
            [
              -6.914013328566963,
              33.92650960114696
            ]
          ]
        ]
      },
      "properties": {
        "id_parcelle": "TEM-0020",
        "num_titre_foncier": "TF39719/S",
        "type_immatriculation": "Immatriculé",
        "nature_juridique": "Habous",
        "superficie_m2": 13285.02,
        "commune": "Témara",
        "cercle": "Témara",
        "province": "Skhirat-Témara",
        "nature_occupation_code": "NU",
        "nature_occupation_libelle": "Terrain nu",
        "zone_amenagement": "Zone équipements publics",
        "statut_foncier": "Non constructible",
        "origine": "Morcellement",
        "reference_plan": "PL-TEM-01",
        "echelle_leve": "1/1000",
        "date_creation": "2017-05-07",
        "date_derniere_maj": "2026-01-15"
      }
    },
    {
      "type": "Feature",
      "geometry": {
        "type": "Polygon",
        "coordinates": [
          [
            [
              -6.915213074784869,
              33.927228016854926
            ],
            [
              -6.916110830824265,
              33.926913285914445
            ],
            [
              -6.916468134235325,
              33.92711121642732
            ],
            [
              -6.916492771180526,
              33.92837399468744
            ],
            [
              -6.914623639045425,
              33.928622755997324
            ],
            [
              -6.915213074784869,
              33.927228016854926
            ]
          ]
        ]
      },
      "properties": {
        "id_parcelle": "TEM-0021",
        "num_titre_foncier": "TF68619/S",
        "type_immatriculation": "Non immatriculé",
        "nature_juridique": "Collectif",
        "superficie_m2": 22303.1,
        "commune": "Témara",
        "cercle": "Témara",
        "province": "Skhirat-Témara",
        "nature_occupation_code": "AGR",
        "nature_occupation_libelle": "Usage agricole",
        "zone_amenagement": "Zone agricole",
        "statut_foncier": "Constructible",
        "origine": "Lotissement",
        "reference_plan": "PL-TEM-04",
        "echelle_leve": "1/500",
        "date_creation": "2017-04-11",
        "date_derniere_maj": "2026-01-15"
      }
    },
    {
      "type": "Feature",
      "geometry": {
        "type": "Polygon",
        "coordinates": [
          [
            [
              -6.914623639045425,
              33.928622755997324
            ],
            [
              -6.916492771180526,
              33.92837399468744
            ],
            [
              -6.916741968449986,
              33.92874386098977
            ],
            [
              -6.916765030558263,
              33.928900318703015
            ],
            [
              -6.915540203611482,
              33.93058180158795
            ],
            [
              -6.914679892147878,
              33.93005934716154
            ],
            [
              -6.914547575052297,
              33.92868135457916
            ],
            [
              -6.914623639045425,
              33.928622755997324
            ]
          ]
        ]
      },
      "properties": {
        "id_parcelle": "TEM-0022",
        "num_titre_foncier": "TF89988/S",
        "type_immatriculation": "Immatriculé",
        "nature_juridique": "Guich",
        "superficie_m2": 32603.37,
        "commune": "Témara",
        "cercle": "Témara",
        "province": "Skhirat-Témara",
        "nature_occupation_code": "NO",
        "nature_occupation_libelle": "Constructions légères / noualas (habitat)",
        "zone_amenagement": "Zone agricole",
        "statut_foncier": "En instruction",
        "origine": "Morcellement",
        "reference_plan": "PL-TEM-22",
        "echelle_leve": "1/500",
        "date_creation": "2016-12-25",
        "date_derniere_maj": "2026-01-15"
      }
    },
    {
      "type": "Feature",
      "geometry": {
        "type": "Polygon",
        "coordinates": [
          [
            [
              -6.915819388329046,
              33.93109699880529
            ],
            [
              -6.915540203611482,
              33.93058180158795
            ],
            [
              -6.916765030558263,
              33.928900318703015
            ],
            [
              -6.9177,
              33.929575526205554
            ],
            [
              -6.9177,
              33.93012604515431
            ],
            [
              -6.915819388329046,
              33.93109699880529
            ]
          ]
        ]
      },
      "properties": {
        "id_parcelle": "TEM-0023",
        "num_titre_foncier": "TF33399/S",
        "type_immatriculation": "En cours d'immatriculation",
        "nature_juridique": "Collectif",
        "superficie_m2": 24821.76,
        "commune": "Témara",
        "cercle": "Témara",
        "province": "Skhirat-Témara",
        "nature_occupation_code": "NO",
        "nature_occupation_libelle": "Constructions légères / noualas (habitat)",
        "zone_amenagement": "Zone résidentielle",
        "statut_foncier": "En instruction",
        "origine": "Levé initial",
        "reference_plan": "PL-TEM-15",
        "echelle_leve": "1/1000",
        "date_creation": "2021-02-24",
        "date_derniere_maj": "2026-01-15"
      }
    },
    {
      "type": "Feature",
      "geometry": {
        "type": "Polygon",
        "coordinates": [
          [
            [
              -6.914878205603343,
              33.93332001912124
            ],
            [
              -6.914610388355285,
              33.93268689303696
            ],
            [
              -6.914628482929937,
              33.932649165634786
            ],
            [
              -6.915900586650261,
              33.931527982447506
            ],
            [
              -6.915903622648432,
              33.93153005550197
            ],
            [
              -6.9167399832276075,
              33.932392869678
            ],
            [
              -6.916498462338286,
              33.93293584455238
            ],
            [
              -6.915065696059251,
              33.93358930487034
            ],
            [
              -6.914878205603343,
              33.93332001912124
            ]
          ]
        ]
      },
      "properties": {
        "id_parcelle": "TEM-0024",
        "num_titre_foncier": "TF26651/S",
        "type_immatriculation": "Immatriculé",
        "nature_juridique": "Domanial privé",
        "superficie_m2": 24880.86,
        "commune": "Témara",
        "cercle": "Témara",
        "province": "Skhirat-Témara",
        "nature_occupation_code": "NO",
        "nature_occupation_libelle": "Constructions légères / noualas (habitat)",
        "zone_amenagement": "Zone équipements publics",
        "statut_foncier": "En instruction",
        "origine": "Lotissement",
        "reference_plan": "PL-TEM-20",
        "echelle_leve": "1/2000",
        "date_creation": "2017-11-12",
        "date_derniere_maj": "2026-01-15"
      }
    },
    {
      "type": "Feature",
      "geometry": {
        "type": "Polygon",
        "coordinates": [
          [
            [
              -6.916498462338286,
              33.93293584455238
            ],
            [
              -6.915992688170609,
              33.93447970379172
            ],
            [
              -6.915395584183724,
              33.934167430350726
            ],
            [
              -6.915065696059251,
              33.93358930487034
            ],
            [
              -6.916498462338286,
              33.93293584455238
            ]
          ]
        ]
      },
      "properties": {
        "id_parcelle": "TEM-0025",
        "num_titre_foncier": "TF27168/S",
        "type_immatriculation": "Immatriculé",
        "nature_juridique": "Melk",
        "superficie_m2": 10917.97,
        "commune": "Témara",
        "cercle": "Témara",
        "province": "Skhirat-Témara",
        "nature_occupation_code": "NO",
        "nature_occupation_libelle": "Constructions légères / noualas (habitat)",
        "zone_amenagement": "Zone résidentielle",
        "statut_foncier": "En instruction",
        "origine": "Lotissement",
        "reference_plan": "PL-TEM-14",
        "echelle_leve": "1/500",
        "date_creation": "2023-04-01",
        "date_derniere_maj": "2026-01-15"
      }
    },
    {
      "type": "Feature",
      "geometry": {
        "type": "Polygon",
        "coordinates": [
          [
            [
              -6.916408154685405,
              33.93505045235113
            ],
            [
              -6.914890416406993,
              33.936136624146364
            ],
            [
              -6.913480102967734,
              33.935296636536606
            ],
            [
              -6.915395584183724,
              33.934167430350726
            ],
            [
              -6.915992688170609,
              33.93447970379172
            ],
            [
              -6.916414149001063,
              33.93502389730789
            ],
            [
              -6.916408154685405,
              33.93505045235113
            ]
          ]
        ]
      },
      "properties": {
        "id_parcelle": "TEM-0026",
        "num_titre_foncier": "TF75688/S",
        "type_immatriculation": "Immatriculé",
        "nature_juridique": "Habous",
        "superficie_m2": 30162.98,
        "commune": "Témara",
        "cercle": "Témara",
        "province": "Skhirat-Témara",
        "nature_occupation_code": "HAM",
        "nature_occupation_libelle": "Sol argileux (hamri) - non bâti",
        "zone_amenagement": "Zone agricole",
        "statut_foncier": "Non constructible",
        "origine": "Levé initial",
        "reference_plan": "PL-TEM-05",
        "echelle_leve": "1/500",
        "date_creation": "2021-06-15",
        "date_derniere_maj": "2026-01-15"
      }
    },
    {
      "type": "Feature",
      "geometry": {
        "type": "Polygon",
        "coordinates": [
          [
            [
              -6.916895122594195,
              33.93689501671112
            ],
            [
              -6.915128984292381,
              33.93709570627816
            ],
            [
              -6.9149831476434835,
              33.93677772101021
            ],
            [
              -6.914890416406993,
              33.936136624146364
            ],
            [
              -6.916408154685405,
              33.93505045235113
            ],
            [
              -6.916963611790228,
              33.936335387141604
            ],
            [
              -6.916895122594195,
              33.93689501671112
            ]
          ]
        ]
      },
      "properties": {
        "id_parcelle": "TEM-0027",
        "num_titre_foncier": "TF77732/S",
        "type_immatriculation": "En cours d'immatriculation",
        "nature_juridique": "Habous",
        "superficie_m2": 28446.18,
        "commune": "Témara",
        "cercle": "Témara",
        "province": "Skhirat-Témara",
        "nature_occupation_code": "AGR",
        "nature_occupation_libelle": "Usage agricole",
        "zone_amenagement": "Zone industrielle",
        "statut_foncier": "En instruction",
        "origine": "Lotissement",
        "reference_plan": "PL-TEM-17",
        "echelle_leve": "1/2000",
        "date_creation": "2010-08-25",
        "date_derniere_maj": "2026-01-15"
      }
    },
    {
      "type": "Feature",
      "geometry": {
        "type": "Polygon",
        "coordinates": [
          [
            [
              -6.91728419606992,
              33.9377
            ],
            [
              -6.915045225539739,
              33.9377
            ],
            [
              -6.915128984292381,
              33.93709570627816
            ],
            [
              -6.916895122594195,
              33.93689501671112
            ],
            [
              -6.91728419606992,
              33.9377
            ]
          ]
        ]
      },
      "properties": {
        "id_parcelle": "TEM-0028",
        "num_titre_foncier": "TF29634/S",
        "type_immatriculation": "Immatriculé",
        "nature_juridique": "Domanial privé",
        "superficie_m2": 14666.43,
        "commune": "Témara",
        "cercle": "Témara",
        "province": "Skhirat-Témara",
        "nature_occupation_code": "NO",
        "nature_occupation_libelle": "Constructions légères / noualas (habitat)",
        "zone_amenagement": "Zone équipements publics",
        "statut_foncier": "En instruction",
        "origine": "Morcellement",
        "reference_plan": "PL-TEM-18",
        "echelle_leve": "1/500",
        "date_creation": "2015-11-17",
        "date_derniere_maj": "2026-01-15"
      }
    },
    {
      "type": "Feature",
      "geometry": {
        "type": "Polygon",
        "coordinates": [
          [
            [
              -6.916115092594006,
              33.92038772905517
            ],
            [
              -6.916131382553173,
              33.92045004492533
            ],
            [
              -6.915453270785202,
              33.92099182600934
            ],
            [
              -6.914375633993005,
              33.92061694949959
            ],
            [
              -6.913777545099734,
              33.920356977609856
            ],
            [
              -6.913913599441395,
              33.9197
            ],
            [
              -6.915243282542561,
              33.9197
            ],
            [
              -6.916115092594006,
              33.92038772905517
            ]
          ]
        ]
      },
      "properties": {
        "id_parcelle": "TEM-0029",
        "num_titre_foncier": "TF23907/S",
        "type_immatriculation": "Non immatriculé",
        "nature_juridique": "Melk",
        "superficie_m2": 20532.7,
        "commune": "Témara",
        "cercle": "Témara",
        "province": "Skhirat-Témara",
        "nature_occupation_code": "AGR",
        "nature_occupation_libelle": "Usage agricole",
        "zone_amenagement": "Zone industrielle",
        "statut_foncier": "Constructible",
        "origine": "Fusion de parcelles",
        "reference_plan": "PL-TEM-02",
        "echelle_leve": "1/500",
        "date_creation": "2018-08-18",
        "date_derniere_maj": "2026-01-15"
      }
    },
    {
      "type": "Feature",
      "geometry": {
        "type": "Polygon",
        "coordinates": [
          [
            [
              -6.914544017573164,
              33.92311991555958
            ],
            [
              -6.913630534485687,
              33.92312072609096
            ],
            [
              -6.913621132784065,
              33.92311314252707
            ],
            [
              -6.913544781051581,
              33.920531136304795
            ],
            [
              -6.913777545099734,
              33.920356977609856
            ],
            [
              -6.914375633993005,
              33.92061694949959
            ],
            [
              -6.914544017573164,
              33.92311991555958
            ]
          ]
        ]
      },
      "properties": {
        "id_parcelle": "TEM-0030",
        "num_titre_foncier": "TF18305/S",
        "type_immatriculation": "En cours d'immatriculation",
        "nature_juridique": "Collectif",
        "superficie_m2": 23747.35,
        "commune": "Témara",
        "cercle": "Témara",
        "province": "Skhirat-Témara",
        "nature_occupation_code": "PR",
        "nature_occupation_libelle": "Bâtiments à usage professionnel",
        "zone_amenagement": "Zone industrielle",
        "statut_foncier": "En instruction",
        "origine": "Fusion de parcelles",
        "reference_plan": "PL-TEM-15",
        "echelle_leve": "1/2000",
        "date_creation": "2018-08-17",
        "date_derniere_maj": "2026-01-15"
      }
    },
    {
      "type": "Feature",
      "geometry": {
        "type": "Polygon",
        "coordinates": [
          [
            [
              -6.914544017573164,
              33.92311991555958
            ],
            [
              -6.914375633993005,
              33.92061694949959
            ],
            [
              -6.915453270785202,
              33.92099182600934
            ],
            [
              -6.915491880172906,
              33.922651989993355
            ],
            [
              -6.915261243279848,
              33.923155228451954
            ],
            [
              -6.914544017573164,
              33.92311991555958
            ]
          ]
        ]
      },
      "properties": {
        "id_parcelle": "TEM-0031",
        "num_titre_foncier": "TF44025/S",
        "type_immatriculation": "Non immatriculé",
        "nature_juridique": "Domanial privé",
        "superficie_m2": 23622.86,
        "commune": "Témara",
        "cercle": "Témara",
        "province": "Skhirat-Témara",
        "nature_occupation_code": "NO",
        "nature_occupation_libelle": "Constructions légères / noualas (habitat)",
        "zone_amenagement": "Zone équipements publics",
        "statut_foncier": "Constructible",
        "origine": "Levé initial",
        "reference_plan": "PL-TEM-04",
        "echelle_leve": "1/1000",
        "date_creation": "2017-06-03",
        "date_derniere_maj": "2026-01-15"
      }
    },
    {
      "type": "Feature",
      "geometry": {
        "type": "Polygon",
        "coordinates": [
          [
            [
              -6.9156693495348085,
              33.923859484703115
            ],
            [
              -6.913633452481483,
              33.925308046785275
            ],
            [
              -6.913337002318381,
              33.924427281871125
            ],
            [
              -6.913630534485687,
              33.92312072609096
            ],
            [
              -6.914544017573164,
              33.92311991555958
            ],
            [
              -6.915261243279848,
              33.923155228451954
            ],
            [
              -6.915543969130289,
              33.923532343626604
            ],
            [
              -6.9156693495348085,
              33.923859484703115
            ]
          ]
        ]
      },
      "properties": {
        "id_parcelle": "TEM-0032",
        "num_titre_foncier": "TF37877/S",
        "type_immatriculation": "Non immatriculé",
        "nature_juridique": "Collectif",
        "superficie_m2": 32469.29,
        "commune": "Témara",
        "cercle": "Témara",
        "province": "Skhirat-Témara",
        "nature_occupation_code": "NO",
        "nature_occupation_libelle": "Constructions légères / noualas (habitat)",
        "zone_amenagement": "Zone résidentielle",
        "statut_foncier": "Constructible",
        "origine": "Fusion de parcelles",
        "reference_plan": "PL-TEM-05",
        "echelle_leve": "1/1000",
        "date_creation": "2012-08-08",
        "date_derniere_maj": "2026-01-15"
      }
    },
    {
      "type": "Feature",
      "geometry": {
        "type": "Polygon",
        "coordinates": [
          [
            [
              -6.915984159438416,
              33.92458526655805
            ],
            [
              -6.9156937102355265,
              33.92517360143498
            ],
            [
              -6.913852554716873,
              33.925798651784795
            ],
            [
              -6.913703086961851,
              33.925668482066634
            ],
            [
              -6.913633452481483,
              33.925308046785275
            ],
            [
              -6.9156693495348085,
              33.923859484703115
            ],
            [
              -6.9159981792912415,
              33.924530621595196
            ],
            [
              -6.915984159438416,
              33.92458526655805
            ]
          ]
        ]
      },
      "properties": {
        "id_parcelle": "TEM-0033",
        "num_titre_foncier": "TF73866/S",
        "type_immatriculation": "Immatriculé",
        "nature_juridique": "Domanial privé",
        "superficie_m2": 21690.89,
        "commune": "Témara",
        "cercle": "Témara",
        "province": "Skhirat-Témara",
        "nature_occupation_code": "PR",
        "nature_occupation_libelle": "Bâtiments à usage professionnel",
        "zone_amenagement": "Zone industrielle",
        "statut_foncier": "En instruction",
        "origine": "Levé initial",
        "reference_plan": "PL-TEM-17",
        "echelle_leve": "1/1000",
        "date_creation": "2015-07-07",
        "date_derniere_maj": "2026-01-15"
      }
    },
    {
      "type": "Feature",
      "geometry": {
        "type": "Polygon",
        "coordinates": [
          [
            [
              -6.913852554716873,
              33.925798651784795
            ],
            [
              -6.9156937102355265,
              33.92517360143498
            ],
            [
              -6.915839386399506,
              33.92614670190777
            ],
            [
              -6.914013328566963,
              33.92650960114696
            ],
            [
              -6.913852554716873,
              33.925798651784795
            ]
          ]
        ]
      },
      "properties": {
        "id_parcelle": "TEM-0034",
        "num_titre_foncier": "TF57966/S",
        "type_immatriculation": "Immatriculé",
        "nature_juridique": "Collectif",
        "superficie_m2": 16653.32,
        "commune": "Témara",
        "cercle": "Témara",
        "province": "Skhirat-Témara",
        "nature_occupation_code": "HAM",
        "nature_occupation_libelle": "Sol argileux (hamri) - non bâti",
        "zone_amenagement": "Zone équipements publics",
        "statut_foncier": "Non constructible",
        "origine": "Morcellement",
        "reference_plan": "PL-TEM-13",
        "echelle_leve": "1/1000",
        "date_creation": "2018-10-10",
        "date_derniere_maj": "2026-01-15"
      }
    },
    {
      "type": "Feature",
      "geometry": {
        "type": "Polygon",
        "coordinates": [
          [
            [
              -6.91401662158739,
              33.92656424739381
            ],
            [
              -6.915213074784869,
              33.927228016854926
            ],
            [
              -6.914623639045425,
              33.928622755997324
            ],
            [
              -6.914547575052297,
              33.92868135457916
            ],
            [
              -6.9133051993353245,
              33.927994452104684
            ],
            [
              -6.913220454812057,
              33.9279113987722
            ],
            [
              -6.91401662158739,
              33.92656424739381
            ]
          ]
        ]
      },
      "properties": {
        "id_parcelle": "TEM-0035",
        "num_titre_foncier": "TF24791/S",
        "type_immatriculation": "Immatriculé",
        "nature_juridique": "Melk",
        "superficie_m2": 24152.58,
        "commune": "Témara",
        "cercle": "Témara",
        "province": "Skhirat-Témara",
        "nature_occupation_code": "AGR",
        "nature_occupation_libelle": "Usage agricole",
        "zone_amenagement": "Zone résidentielle",
        "statut_foncier": "Non constructible",
        "origine": "Fusion de parcelles",
        "reference_plan": "PL-TEM-02",
        "echelle_leve": "1/500",
        "date_creation": "2014-03-27",
        "date_derniere_maj": "2026-01-15"
      }
    },
    {
      "type": "Feature",
      "geometry": {
        "type": "Polygon",
        "coordinates": [
          [
            [
              -6.914547575052297,
              33.92868135457916
            ],
            [
              -6.914679892147878,
              33.93005934716154
            ],
            [
              -6.914050595892381,
              33.930282017685464
            ],
            [
              -6.913048190663412,
              33.9300474823072
            ],
            [
              -6.9133051993353245,
              33.927994452104684
            ],
            [
              -6.914547575052297,
              33.92868135457916
            ]
          ]
        ]
      },
      "properties": {
        "id_parcelle": "TEM-0036",
        "num_titre_foncier": "TF98601/S",
        "type_immatriculation": "En cours d'immatriculation",
        "nature_juridique": "Guich",
        "superficie_m2": 27478.45,
        "commune": "Témara",
        "cercle": "Témara",
        "province": "Skhirat-Témara",
        "nature_occupation_code": "NU",
        "nature_occupation_libelle": "Terrain nu",
        "zone_amenagement": "Zone industrielle",
        "statut_foncier": "En instruction",
        "origine": "Levé initial",
        "reference_plan": "PL-TEM-23",
        "echelle_leve": "1/1000",
        "date_creation": "2011-05-02",
        "date_derniere_maj": "2026-01-15"
      }
    },
    {
      "type": "Feature",
      "geometry": {
        "type": "Polygon",
        "coordinates": [
          [
            [
              -6.914628482929937,
              33.932649165634786
            ],
            [
              -6.913586537353957,
              33.93140361255685
            ],
            [
              -6.914050595892381,
              33.930282017685464
            ],
            [
              -6.914679892147878,
              33.93005934716154
            ],
            [
              -6.915540203611482,
              33.93058180158795
            ],
            [
              -6.915819388329046,
              33.93109699880529
            ],
            [
              -6.915900586650261,
              33.931527982447506
            ],
            [
              -6.914628482929937,
              33.932649165634786
            ]
          ]
        ]
      },
      "properties": {
        "id_parcelle": "TEM-0037",
        "num_titre_foncier": "TF19491/S",
        "type_immatriculation": "En cours d'immatriculation",
        "nature_juridique": "Melk",
        "superficie_m2": 37561.08,
        "commune": "Témara",
        "cercle": "Témara",
        "province": "Skhirat-Témara",
        "nature_occupation_code": "NO",
        "nature_occupation_libelle": "Constructions légères / noualas (habitat)",
        "zone_amenagement": "Zone résidentielle",
        "statut_foncier": "Non constructible",
        "origine": "Morcellement",
        "reference_plan": "PL-TEM-20",
        "echelle_leve": "1/500",
        "date_creation": "2011-05-28",
        "date_derniere_maj": "2026-01-15"
      }
    },
    {
      "type": "Feature",
      "geometry": {
        "type": "Polygon",
        "coordinates": [
          [
            [
              -6.9130498483309655,
              33.931590431703825
            ],
            [
              -6.913586537353957,
              33.93140361255685
            ],
            [
              -6.914628482929937,
              33.932649165634786
            ],
            [
              -6.914610388355285,
              33.93268689303696
            ],
            [
              -6.913397852169631,
              33.933118211267605
            ],
            [
              -6.912630870702553,
              33.93240832084164
            ],
            [
              -6.9130498483309655,
              33.931590431703825
            ]
          ]
        ]
      },
      "properties": {
        "id_parcelle": "TEM-0038",
        "num_titre_foncier": "TF54453/S",
        "type_immatriculation": "Non immatriculé",
        "nature_juridique": "Guich",
        "superficie_m2": 19891.71,
        "commune": "Témara",
        "cercle": "Témara",
        "province": "Skhirat-Témara",
        "nature_occupation_code": "PR",
        "nature_occupation_libelle": "Bâtiments à usage professionnel",
        "zone_amenagement": "Zone agricole",
        "statut_foncier": "En instruction",
        "origine": "Lotissement",
        "reference_plan": "PL-TEM-02",
        "echelle_leve": "1/2000",
        "date_creation": "2021-04-04",
        "date_derniere_maj": "2026-01-15"
      }
    },
    {
      "type": "Feature",
      "geometry": {
        "type": "Polygon",
        "coordinates": [
          [
            [
              -6.913310903386154,
              33.93510293894237
            ],
            [
              -6.9129712242226615,
              33.934409819822235
            ],
            [
              -6.913397852169631,
              33.933118211267605
            ],
            [
              -6.914610388355285,
              33.93268689303696
            ],
            [
              -6.914878205603343,
              33.93332001912124
            ],
            [
              -6.913310903386154,
              33.93510293894237
            ]
          ]
        ]
      },
      "properties": {
        "id_parcelle": "TEM-0039",
        "num_titre_foncier": "TF33743/S",
        "type_immatriculation": "Immatriculé",
        "nature_juridique": "Collectif",
        "superficie_m2": 23511.64,
        "commune": "Témara",
        "cercle": "Témara",
        "province": "Skhirat-Témara",
        "nature_occupation_code": "NO",
        "nature_occupation_libelle": "Constructions légères / noualas (habitat)",
        "zone_amenagement": "Zone agricole",
        "statut_foncier": "En instruction",
        "origine": "Lotissement",
        "reference_plan": "PL-TEM-10",
        "echelle_leve": "1/1000",
        "date_creation": "2018-11-06",
        "date_derniere_maj": "2026-01-15"
      }
    },
    {
      "type": "Feature",
      "geometry": {
        "type": "Polygon",
        "coordinates": [
          [
            [
              -6.915395584183724,
              33.934167430350726
            ],
            [
              -6.913480102967734,
              33.935296636536606
            ],
            [
              -6.913369474788934,
              33.93527670352566
            ],
            [
              -6.913310903386154,
              33.93510293894237
            ],
            [
              -6.914878205603343,
              33.93332001912124
            ],
            [
              -6.915065696059251,
              33.93358930487034
            ],
            [
              -6.915395584183724,
              33.934167430350726
            ]
          ]
        ]
      },
      "properties": {
        "id_parcelle": "TEM-0040",
        "num_titre_foncier": "TF12380/S",
        "type_immatriculation": "En cours d'immatriculation",
        "nature_juridique": "Melk",
        "superficie_m2": 14653.6,
        "commune": "Témara",
        "cercle": "Témara",
        "province": "Skhirat-Témara",
        "nature_occupation_code": "HAM",
        "nature_occupation_libelle": "Sol argileux (hamri) - non bâti",
        "zone_amenagement": "Zone résidentielle",
        "statut_foncier": "Constructible",
        "origine": "Lotissement",
        "reference_plan": "PL-TEM-17",
        "echelle_leve": "1/1000",
        "date_creation": "2013-08-04",
        "date_derniere_maj": "2026-01-15"
      }
    },
    {
      "type": "Feature",
      "geometry": {
        "type": "Polygon",
        "coordinates": [
          [
            [
              -6.913480102967734,
              33.935296636536606
            ],
            [
              -6.914890416406993,
              33.936136624146364
            ],
            [
              -6.9149831476434835,
              33.93677772101021
            ],
            [
              -6.913271975637113,
              33.937175073454085
            ],
            [
              -6.912757703185383,
              33.93663467106528
            ],
            [
              -6.9129983308520355,
              33.93573442755515
            ],
            [
              -6.913369474788934,
              33.93527670352566
            ],
            [
              -6.913480102967734,
              33.935296636536606
            ]
          ]
        ]
      },
      "properties": {
        "id_parcelle": "TEM-0041",
        "num_titre_foncier": "TF81553/S",
        "type_immatriculation": "En cours d'immatriculation",
        "nature_juridique": "Habous",
        "superficie_m2": 27879.0,
        "commune": "Témara",
        "cercle": "Témara",
        "province": "Skhirat-Témara",
        "nature_occupation_code": "NU",
        "nature_occupation_libelle": "Terrain nu",
        "zone_amenagement": "Zone agricole",
        "statut_foncier": "En instruction",
        "origine": "Lotissement",
        "reference_plan": "PL-TEM-08",
        "echelle_leve": "1/1000",
        "date_creation": "2013-12-24",
        "date_derniere_maj": "2026-01-15"
      }
    },
    {
      "type": "Feature",
      "geometry": {
        "type": "Polygon",
        "coordinates": [
          [
            [
              -6.913271975637113,
              33.937175073454085
            ],
            [
              -6.9149831476434835,
              33.93677772101021
            ],
            [
              -6.915128984292381,
              33.93709570627816
            ],
            [
              -6.915045225539739,
              33.9377
            ],
            [
              -6.91349334755121,
              33.9377
            ],
            [
              -6.913271975637113,
              33.937175073454085
            ]
          ]
        ]
      },
      "properties": {
        "id_parcelle": "TEM-0042",
        "num_titre_foncier": "TF55554/S",
        "type_immatriculation": "Immatriculé",
        "nature_juridique": "Domanial privé",
        "superficie_m2": 13018.4,
        "commune": "Témara",
        "cercle": "Témara",
        "province": "Skhirat-Témara",
        "nature_occupation_code": "NO",
        "nature_occupation_libelle": "Constructions légères / noualas (habitat)",
        "zone_amenagement": "Zone résidentielle",
        "statut_foncier": "Constructible",
        "origine": "Fusion de parcelles",
        "reference_plan": "PL-TEM-14",
        "echelle_leve": "1/500",
        "date_creation": "2010-02-22",
        "date_derniere_maj": "2026-01-15"
      }
    },
    {
      "type": "Feature",
      "geometry": {
        "type": "Polygon",
        "coordinates": [
          [
            [
              -6.913777545099734,
              33.920356977609856
            ],
            [
              -6.913544781051581,
              33.920531136304795
            ],
            [
              -6.912564915034367,
              33.92055614816283
            ],
            [
              -6.911591010625863,
              33.91992570364926
            ],
            [
              -6.911541668959548,
              33.9197
            ],
            [
              -6.913913599441395,
              33.9197
            ],
            [
              -6.913777545099734,
              33.920356977609856
            ]
          ]
        ]
      },
      "properties": {
        "id_parcelle": "TEM-0043",
        "num_titre_foncier": "TF97889/S",
        "type_immatriculation": "En cours d'immatriculation",
        "nature_juridique": "Habous",
        "superficie_m2": 16214.12,
        "commune": "Témara",
        "cercle": "Témara",
        "province": "Skhirat-Témara",
        "nature_occupation_code": "NU",
        "nature_occupation_libelle": "Terrain nu",
        "zone_amenagement": "Zone industrielle",
        "statut_foncier": "En instruction",
        "origine": "Fusion de parcelles",
        "reference_plan": "PL-TEM-02",
        "echelle_leve": "1/1000",
        "date_creation": "2012-03-09",
        "date_derniere_maj": "2026-01-15"
      }
    },
    {
      "type": "Feature",
      "geometry": {
        "type": "Polygon",
        "coordinates": [
          [
            [
              -6.913171831214845,
              33.92302894280749
            ],
            [
              -6.911977062761165,
              33.9219383891629
            ],
            [
              -6.912564915034367,
              33.92055614816283
            ],
            [
              -6.913544781051581,
              33.920531136304795
            ],
            [
              -6.913621132784065,
              33.92311314252707
            ],
            [
              -6.913171831214845,
              33.92302894280749
            ]
          ]
        ]
      },
      "properties": {
        "id_parcelle": "TEM-0044",
        "num_titre_foncier": null,
        "type_immatriculation": "En cours d'immatriculation",
        "nature_juridique": "Collectif",
        "superficie_m2": 30252.19,
        "commune": "Témara",
        "cercle": "Témara",
        "province": "Skhirat-Témara",
        "nature_occupation_code": "NU",
        "nature_occupation_libelle": "Terrain nu",
        "zone_amenagement": "Zone agricole",
        "statut_foncier": "Constructible",
        "origine": "Morcellement",
        "reference_plan": "PL-TEM-10",
        "echelle_leve": "1/500",
        "date_creation": "2015-03-01",
        "date_derniere_maj": "2026-01-15"
      }
    },
    {
      "type": "Feature",
      "geometry": {
        "type": "Polygon",
        "coordinates": [
          [
            [
              -6.91166592601299,
              33.9219718789117
            ],
            [
              -6.911977062761165,
              33.9219383891629
            ],
            [
              -6.913171831214845,
              33.92302894280749
            ],
            [
              -6.911473283840703,
              33.92368916536438
            ],
            [
              -6.910786597589796,
              33.923507528649075
            ],
            [
              -6.91166592601299,
              33.9219718789117
            ]
          ]
        ]
      },
      "properties": {
        "id_parcelle": "TEM-0045",
        "num_titre_foncier": "TF72212/S",
        "type_immatriculation": "En cours d'immatriculation",
        "nature_juridique": "Habous",
        "superficie_m2": 22534.69,
        "commune": "Témara",
        "cercle": "Témara",
        "province": "Skhirat-Témara",
        "nature_occupation_code": "HAM",
        "nature_occupation_libelle": "Sol argileux (hamri) - non bâti",
        "zone_amenagement": "Zone industrielle",
        "statut_foncier": "Constructible",
        "origine": "Morcellement",
        "reference_plan": "PL-TEM-03",
        "echelle_leve": "1/1000",
        "date_creation": "2023-02-05",
        "date_derniere_maj": "2026-01-15"
      }
    },
    {
      "type": "Feature",
      "geometry": {
        "type": "Polygon",
        "coordinates": [
          [
            [
              -6.913337002318381,
              33.924427281871125
            ],
            [
              -6.912000952327896,
              33.924821350591216
            ],
            [
              -6.911473283840703,
              33.92368916536438
            ],
            [
              -6.913171831214845,
              33.92302894280749
            ],
            [
              -6.913621132784065,
              33.92311314252707
            ],
            [
              -6.913630534485687,
              33.92312072609096
            ],
            [
              -6.913337002318381,
              33.924427281871125
            ]
          ]
        ]
      },
      "properties": {
        "id_parcelle": "TEM-0046",
        "num_titre_foncier": "TF61639/S",
        "type_immatriculation": "Immatriculé",
        "nature_juridique": "Collectif",
        "superficie_m2": 24850.29,
        "commune": "Témara",
        "cercle": "Témara",
        "province": "Skhirat-Témara",
        "nature_occupation_code": "NU",
        "nature_occupation_libelle": "Terrain nu",
        "zone_amenagement": "Zone agricole",
        "statut_foncier": "En instruction",
        "origine": "Lotissement",
        "reference_plan": "PL-TEM-03",
        "echelle_leve": "1/2000",
        "date_creation": "2018-03-22",
        "date_derniere_maj": "2026-01-15"
      }
    },
    {
      "type": "Feature",
      "geometry": {
        "type": "Polygon",
        "coordinates": [
          [
            [
              -6.911657644917035,
              33.92601604605786
            ],
            [
              -6.911856165359169,
              33.92516591513023
            ],
            [
              -6.912000952327896,
              33.924821350591216
            ],
            [
              -6.913337002318381,
              33.924427281871125
            ],
            [
              -6.913633452481483,
              33.925308046785275
            ],
            [
              -6.913703086961851,
              33.925668482066634
            ],
            [
              -6.9117707299598745,
              33.92617291320865
            ],
            [
              -6.911657644917035,
              33.92601604605786
            ]
          ]
        ]
      },
      "properties": {
        "id_parcelle": "TEM-0047",
        "num_titre_foncier": "TF52747/S",
        "type_immatriculation": "Non immatriculé",
        "nature_juridique": "Guich",
        "superficie_m2": 23583.68,
        "commune": "Témara",
        "cercle": "Témara",
        "province": "Skhirat-Témara",
        "nature_occupation_code": "AGR",
        "nature_occupation_libelle": "Usage agricole",
        "zone_amenagement": "Zone industrielle",
        "statut_foncier": "Non constructible",
        "origine": "Lotissement",
        "reference_plan": "PL-TEM-02",
        "echelle_leve": "1/2000",
        "date_creation": "2018-11-14",
        "date_derniere_maj": "2026-01-15"
      }
    },
    {
      "type": "Feature",
      "geometry": {
        "type": "Polygon",
        "coordinates": [
          [
            [
              -6.9117707299598745,
              33.92617291320865
            ],
            [
              -6.913703086961851,
              33.925668482066634
            ],
            [
              -6.913852554716873,
              33.925798651784795
            ],
            [
              -6.914013328566963,
              33.92650960114696
            ],
            [
              -6.91401662158739,
              33.92656424739381
            ],
            [
              -6.913220454812057,
              33.9279113987722
            ],
            [
              -6.912598861721825,
              33.92786750202258
            ],
            [
              -6.91180492269697,
              33.92715616003571
            ],
            [
              -6.9117707299598745,
              33.92617291320865
            ]
          ]
        ]
      },
      "properties": {
        "id_parcelle": "TEM-0048",
        "num_titre_foncier": null,
        "type_immatriculation": "Non immatriculé",
        "nature_juridique": "Habous",
        "superficie_m2": 36496.79,
        "commune": "Témara",
        "cercle": "Témara",
        "province": "Skhirat-Témara",
        "nature_occupation_code": "AGR",
        "nature_occupation_libelle": "Usage agricole",
        "zone_amenagement": "Zone résidentielle",
        "statut_foncier": "En instruction",
        "origine": "Lotissement",
        "reference_plan": "PL-TEM-03",
        "echelle_leve": "1/500",
        "date_creation": "2010-03-21",
        "date_derniere_maj": "2026-01-15"
      }
    },
    {
      "type": "Feature",
      "geometry": {
        "type": "Polygon",
        "coordinates": [
          [
            [
              -6.91180492269697,
              33.92715616003571
            ],
            [
              -6.912598861721825,
              33.92786750202258
            ],
            [
              -6.911747152234941,
              33.92942784707784
            ],
            [
              -6.9111128470698375,
              33.929034012829426
            ],
            [
              -6.911270620920466,
              33.92740504266106
            ],
            [
              -6.91180492269697,
              33.92715616003571
            ]
          ]
        ]
      },
      "properties": {
        "id_parcelle": "TEM-0049",
        "num_titre_foncier": "TF59364/S",
        "type_immatriculation": "En cours d'immatriculation",
        "nature_juridique": "Habous",
        "superficie_m2": 21281.33,
        "commune": "Témara",
        "cercle": "Témara",
        "province": "Skhirat-Témara",
        "nature_occupation_code": "HAM",
        "nature_occupation_libelle": "Sol argileux (hamri) - non bâti",
        "zone_amenagement": "Zone résidentielle",
        "statut_foncier": "En instruction",
        "origine": "Morcellement",
        "reference_plan": "PL-TEM-21",
        "echelle_leve": "1/2000",
        "date_creation": "2020-04-16",
        "date_derniere_maj": "2026-01-15"
      }
    },
    {
      "type": "Feature",
      "geometry": {
        "type": "Polygon",
        "coordinates": [
          [
            [
              -6.913220454812057,
              33.9279113987722
            ],
            [
              -6.9133051993353245,
              33.927994452104684
            ],
            [
              -6.913048190663412,
              33.9300474823072
            ],
            [
              -6.911932921060357,
              33.93022897872802
            ],
            [
              -6.911885638106002,
              33.93022079786251
            ],
            [
              -6.911747152234941,
              33.92942784707784
            ],
            [
              -6.912598861721825,
              33.92786750202258
            ],
            [
              -6.913220454812057,
              33.9279113987722
            ]
          ]
        ]
      },
      "properties": {
        "id_parcelle": "TEM-0050",
        "num_titre_foncier": null,
        "type_immatriculation": "Immatriculé",
        "nature_juridique": "Habous",
        "superficie_m2": 25972.95,
        "commune": "Témara",
        "cercle": "Témara",
        "province": "Skhirat-Témara",
        "nature_occupation_code": "HAM",
        "nature_occupation_libelle": "Sol argileux (hamri) - non bâti",
        "zone_amenagement": "Zone résidentielle",
        "statut_foncier": "En instruction",
        "origine": "Morcellement",
        "reference_plan": "PL-TEM-24",
        "echelle_leve": "1/2000",
        "date_creation": "2017-05-26",
        "date_derniere_maj": "2026-01-15"
      }
    },
    {
      "type": "Feature",
      "geometry": {
        "type": "Polygon",
        "coordinates": [
          [
            [
              -6.914050595892381,
              33.930282017685464
            ],
            [
              -6.913586537353957,
              33.93140361255685
            ],
            [
              -6.9130498483309655,
              33.931590431703825
            ],
            [
              -6.911932921060357,
              33.93022897872802
            ],
            [
              -6.913048190663412,
              33.9300474823072
            ],
            [
              -6.914050595892381,
              33.930282017685464
            ]
          ]
        ]
      },
      "properties": {
        "id_parcelle": "TEM-0051",
        "num_titre_foncier": "TF40773/S",
        "type_immatriculation": "Non immatriculé",
        "nature_juridique": "Domanial privé",
        "superficie_m2": 19446.82,
        "commune": "Témara",
        "cercle": "Témara",
        "province": "Skhirat-Témara",
        "nature_occupation_code": "PR",
        "nature_occupation_libelle": "Bâtiments à usage professionnel",
        "zone_amenagement": "Zone industrielle",
        "statut_foncier": "En instruction",
        "origine": "Levé initial",
        "reference_plan": "PL-TEM-16",
        "echelle_leve": "1/1000",
        "date_creation": "2011-08-22",
        "date_derniere_maj": "2026-01-15"
      }
    },
    {
      "type": "Feature",
      "geometry": {
        "type": "Polygon",
        "coordinates": [
          [
            [
              -6.911885638106002,
              33.93022079786251
            ],
            [
              -6.911932921060357,
              33.93022897872802
            ],
            [
              -6.9130498483309655,
              33.931590431703825
            ],
            [
              -6.912630870702553,
              33.93240832084164
            ],
            [
              -6.912111565911739,
              33.93239309179481
            ],
            [
              -6.911487394744411,
              33.930933138817764
            ],
            [
              -6.911635454740922,
              33.93044398696782
            ],
            [
              -6.911885638106002,
              33.93022079786251
            ]
          ]
        ]
      },
      "properties": {
        "id_parcelle": "TEM-0052",
        "num_titre_foncier": "TF90868/S",
        "type_immatriculation": "Non immatriculé",
        "nature_juridique": "Domanial privé",
        "superficie_m2": 19645.57,
        "commune": "Témara",
        "cercle": "Témara",
        "province": "Skhirat-Témara",
        "nature_occupation_code": "HAM",
        "nature_occupation_libelle": "Sol argileux (hamri) - non bâti",
        "zone_amenagement": "Zone résidentielle",
        "statut_foncier": "En instruction",
        "origine": "Lotissement",
        "reference_plan": "PL-TEM-11",
        "echelle_leve": "1/1000",
        "date_creation": "2020-12-23",
        "date_derniere_maj": "2026-01-15"
      }
    },
    {
      "type": "Feature",
      "geometry": {
        "type": "Polygon",
        "coordinates": [
          [
            [
              -6.912111565911739,
              33.93239309179481
            ],
            [
              -6.912630870702553,
              33.93240832084164
            ],
            [
              -6.913397852169631,
              33.933118211267605
            ],
            [
              -6.9129712242226615,
              33.934409819822235
            ],
            [
              -6.912497580119701,
              33.93426668187296
            ],
            [
              -6.911820891053598,
              33.93357702298717
            ],
            [
              -6.911590988753614,
              33.9328306818376
            ],
            [
              -6.912111565911739,
              33.93239309179481
            ]
          ]
        ]
      },
      "properties": {
        "id_parcelle": "TEM-0053",
        "num_titre_foncier": "TF27490/S",
        "type_immatriculation": "Immatriculé",
        "nature_juridique": "Guich",
        "superficie_m2": 23909.21,
        "commune": "Témara",
        "cercle": "Témara",
        "province": "Skhirat-Témara",
        "nature_occupation_code": "HAM",
        "nature_occupation_libelle": "Sol argileux (hamri) - non bâti",
        "zone_amenagement": "Zone résidentielle",
        "statut_foncier": "Non constructible",
        "origine": "Fusion de parcelles",
        "reference_plan": "PL-TEM-22",
        "echelle_leve": "1/500",
        "date_creation": "2021-04-22",
        "date_derniere_maj": "2026-01-15"
      }
    },
    {
      "type": "Feature",
      "geometry": {
        "type": "Polygon",
        "coordinates": [
          [
            [
              -6.913369474788934,
              33.93527670352566
            ],
            [
              -6.9129983308520355,
              33.93573442755515
            ],
            [
              -6.911477383001652,
              33.93551469665963
            ],
            [
              -6.910952163744382,
              33.93481001068912
            ],
            [
              -6.912497580119701,
              33.93426668187296
            ],
            [
              -6.9129712242226615,
              33.934409819822235
            ],
            [
              -6.913310903386154,
              33.93510293894237
            ],
            [
              -6.913369474788934,
              33.93527670352566
            ]
          ]
        ]
      },
      "properties": {
        "id_parcelle": "TEM-0054",
        "num_titre_foncier": "TF77703/S",
        "type_immatriculation": "En cours d'immatriculation",
        "nature_juridique": "Guich",
        "superficie_m2": 23868.52,
        "commune": "Témara",
        "cercle": "Témara",
        "province": "Skhirat-Témara",
        "nature_occupation_code": "NU",
        "nature_occupation_libelle": "Terrain nu",
        "zone_amenagement": "Zone équipements publics",
        "statut_foncier": "Non constructible",
        "origine": "Morcellement",
        "reference_plan": "PL-TEM-18",
        "echelle_leve": "1/500",
        "date_creation": "2014-02-16",
        "date_derniere_maj": "2026-01-15"
      }
    },
    {
      "type": "Feature",
      "geometry": {
        "type": "Polygon",
        "coordinates": [
          [
            [
              -6.9129983308520355,
              33.93573442755515
            ],
            [
              -6.912757703185383,
              33.93663467106528
            ],
            [
              -6.9123521461259525,
              33.93689392288688
            ],
            [
              -6.910784047864281,
              33.93718460871033
            ],
            [
              -6.910696455753871,
              33.937087391501656
            ],
            [
              -6.911477383001652,
              33.93551469665963
            ],
            [
              -6.9129983308520355,
              33.93573442755515
            ]
          ]
        ]
      },
      "properties": {
        "id_parcelle": "TEM-0055",
        "num_titre_foncier": "TF20022/S",
        "type_immatriculation": "Non immatriculé",
        "nature_juridique": "Guich",
        "superficie_m2": 24877.47,
        "commune": "Témara",
        "cercle": "Témara",
        "province": "Skhirat-Témara",
        "nature_occupation_code": "PR",
        "nature_occupation_libelle": "Bâtiments à usage professionnel",
        "zone_amenagement": "Zone agricole",
        "statut_foncier": "Non constructible",
        "origine": "Lotissement",
        "reference_plan": "PL-TEM-07",
        "echelle_leve": "1/500",
        "date_creation": "2019-02-05",
        "date_derniere_maj": "2026-01-15"
      }
    },
    {
      "type": "Feature",
      "geometry": {
        "type": "Polygon",
        "coordinates": [
          [
            [
              -6.913271975637113,
              33.937175073454085
            ],
            [
              -6.91349334755121,
              33.9377
            ],
            [
              -6.912386464443232,
              33.9377
            ],
            [
              -6.9123521461259525,
              33.93689392288688
            ],
            [
              -6.912757703185383,
              33.93663467106528
            ],
            [
              -6.913271975637113,
              33.937175073454085
            ]
          ]
        ]
      },
      "properties": {
        "id_parcelle": "TEM-0056",
        "num_titre_foncier": "TF57127/S",
        "type_immatriculation": "Immatriculé",
        "nature_juridique": "Habous",
        "superficie_m2": 8561.59,
        "commune": "Témara",
        "cercle": "Témara",
        "province": "Skhirat-Témara",
        "nature_occupation_code": "AGR",
        "nature_occupation_libelle": "Usage agricole",
        "zone_amenagement": "Zone agricole",
        "statut_foncier": "Constructible",
        "origine": "Fusion de parcelles",
        "reference_plan": "PL-TEM-08",
        "echelle_leve": "1/1000",
        "date_creation": "2017-07-01",
        "date_derniere_maj": "2026-01-15"
      }
    },
    {
      "type": "Feature",
      "geometry": {
        "type": "Polygon",
        "coordinates": [
          [
            [
              -6.910000180484391,
              33.9197
            ],
            [
              -6.911541668959548,
              33.9197
            ],
            [
              -6.911591010625863,
              33.91992570364926
            ],
            [
              -6.910524603850842,
              33.921033398985294
            ],
            [
              -6.909973562662966,
              33.92031091357006
            ],
            [
              -6.910000180484391,
              33.9197
            ]
          ]
        ]
      },
      "properties": {
        "id_parcelle": "TEM-0057",
        "num_titre_foncier": null,
        "type_immatriculation": "En cours d'immatriculation",
        "nature_juridique": "Guich",
        "superficie_m2": 13915.04,
        "commune": "Témara",
        "cercle": "Témara",
        "province": "Skhirat-Témara",
        "nature_occupation_code": "NO",
        "nature_occupation_libelle": "Constructions légères / noualas (habitat)",
        "zone_amenagement": "Zone équipements publics",
        "statut_foncier": "Non constructible",
        "origine": "Lotissement",
        "reference_plan": "PL-TEM-14",
        "echelle_leve": "1/1000",
        "date_creation": "2016-06-04",
        "date_derniere_maj": "2026-01-15"
      }
    },
    {
      "type": "Feature",
      "geometry": {
        "type": "Polygon",
        "coordinates": [
          [
            [
              -6.91166592601299,
              33.9219718789117
            ],
            [
              -6.910469876325894,
              33.92122714648364
            ],
            [
              -6.910524603850842,
              33.921033398985294
            ],
            [
              -6.911591010625863,
              33.91992570364926
            ],
            [
              -6.912564915034367,
              33.92055614816283
            ],
            [
              -6.911977062761165,
              33.9219383891629
            ],
            [
              -6.91166592601299,
              33.9219718789117
            ]
          ]
        ]
      },
      "properties": {
        "id_parcelle": "TEM-0058",
        "num_titre_foncier": null,
        "type_immatriculation": "En cours d'immatriculation",
        "nature_juridique": "Guich",
        "superficie_m2": 25157.66,
        "commune": "Témara",
        "cercle": "Témara",
        "province": "Skhirat-Témara",
        "nature_occupation_code": "HAM",
        "nature_occupation_libelle": "Sol argileux (hamri) - non bâti",
        "zone_amenagement": "Zone résidentielle",
        "statut_foncier": "Constructible",
        "origine": "Morcellement",
        "reference_plan": "PL-TEM-24",
        "echelle_leve": "1/1000",
        "date_creation": "2014-06-03",
        "date_derniere_maj": "2026-01-15"
      }
    },
    {
      "type": "Feature",
      "geometry": {
        "type": "Polygon",
        "coordinates": [
          [
            [
              -6.910384939346318,
              33.92317277836897
            ],
            [
              -6.91046009241957,
              33.92123515222167
            ],
            [
              -6.910469876325894,
              33.92122714648364
            ],
            [
              -6.91166592601299,
              33.9219718789117
            ],
            [
              -6.910786597589796,
              33.923507528649075
            ],
            [
              -6.910664167438041,
              33.9235266221587
            ],
            [
              -6.910384939346318,
              33.92317277836897
            ]
          ]
        ]
      },
      "properties": {
        "id_parcelle": "TEM-0059",
        "num_titre_foncier": "TF87224/S",
        "type_immatriculation": "Immatriculé",
        "nature_juridique": "Collectif",
        "superficie_m2": 17317.73,
        "commune": "Témara",
        "cercle": "Témara",
        "province": "Skhirat-Témara",
        "nature_occupation_code": "NU",
        "nature_occupation_libelle": "Terrain nu",
        "zone_amenagement": "Zone équipements publics",
        "statut_foncier": "Non constructible",
        "origine": "Morcellement",
        "reference_plan": "PL-TEM-09",
        "echelle_leve": "1/500",
        "date_creation": "2010-11-10",
        "date_derniere_maj": "2026-01-15"
      }
    },
    {
      "type": "Feature",
      "geometry": {
        "type": "Polygon",
        "coordinates": [
          [
            [
              -6.911856165359169,
              33.92516591513023
            ],
            [
              -6.910359931441948,
              33.92419099665249
            ],
            [
              -6.910368755760593,
              33.92401134741219
            ],
            [
              -6.910664167438041,
              33.9235266221587
            ],
            [
              -6.910786597589796,
              33.923507528649075
            ],
            [
              -6.911473283840703,
              33.92368916536438
            ],
            [
              -6.912000952327896,
              33.924821350591216
            ],
            [
              -6.911856165359169,
              33.92516591513023
            ]
          ]
        ]
      },
      "properties": {
        "id_parcelle": "TEM-0060",
        "num_titre_foncier": "TF44829/S",
        "type_immatriculation": "En cours d'immatriculation",
        "nature_juridique": "Habous",
        "superficie_m2": 14668.42,
        "commune": "Témara",
        "cercle": "Témara",
        "province": "Skhirat-Témara",
        "nature_occupation_code": "NO",
        "nature_occupation_libelle": "Constructions légères / noualas (habitat)",
        "zone_amenagement": "Zone agricole",
        "statut_foncier": "Constructible",
        "origine": "Fusion de parcelles",
        "reference_plan": "PL-TEM-14",
        "echelle_leve": "1/500",
        "date_creation": "2022-11-13",
        "date_derniere_maj": "2026-01-15"
      }
    },
    {
      "type": "Feature",
      "geometry": {
        "type": "Polygon",
        "coordinates": [
          [
            [
              -6.910320537337156,
              33.92560178773341
            ],
            [
              -6.910164993337723,
              33.92529090884411
            ],
            [
              -6.910359931441948,
              33.92419099665249
            ],
            [
              -6.911856165359169,
              33.92516591513023
            ],
            [
              -6.911657644917035,
              33.92601604605786
            ],
            [
              -6.910320537337156,
              33.92560178773341
            ]
          ]
        ]
      },
      "properties": {
        "id_parcelle": "TEM-0061",
        "num_titre_foncier": "TF20561/S",
        "type_immatriculation": "Immatriculé",
        "nature_juridique": "Guich",
        "superficie_m2": 18507.5,
        "commune": "Témara",
        "cercle": "Témara",
        "province": "Skhirat-Témara",
        "nature_occupation_code": "AGR",
        "nature_occupation_libelle": "Usage agricole",
        "zone_amenagement": "Zone équipements publics",
        "statut_foncier": "En instruction",
        "origine": "Lotissement",
        "reference_plan": "PL-TEM-21",
        "echelle_leve": "1/1000",
        "date_creation": "2017-01-18",
        "date_derniere_maj": "2026-01-15"
      }
    },
    {
      "type": "Feature",
      "geometry": {
        "type": "Polygon",
        "coordinates": [
          [
            [
              -6.910174550339206,
              33.92766125736549
            ],
            [
              -6.909461086330165,
              33.92712373927485
            ],
            [
              -6.909444738004822,
              33.92696704938703
            ],
            [
              -6.910320537337156,
              33.92560178773341
            ],
            [
              -6.911657644917035,
              33.92601604605786
            ],
            [
              -6.9117707299598745,
              33.92617291320865
            ],
            [
              -6.91180492269697,
              33.92715616003571
            ],
            [
              -6.911270620920466,
              33.92740504266106
            ],
            [
              -6.910174550339206,
              33.92766125736549
            ]
          ]
        ]
      },
      "properties": {
        "id_parcelle": "TEM-0062",
        "num_titre_foncier": "TF64377/S",
        "type_immatriculation": "En cours d'immatriculation",
        "nature_juridique": "Collectif",
        "superficie_m2": 34427.31,
        "commune": "Témara",
        "cercle": "Témara",
        "province": "Skhirat-Témara",
        "nature_occupation_code": "NO",
        "nature_occupation_libelle": "Constructions légères / noualas (habitat)",
        "zone_amenagement": "Zone agricole",
        "statut_foncier": "Non constructible",
        "origine": "Fusion de parcelles",
        "reference_plan": "PL-TEM-13",
        "echelle_leve": "1/2000",
        "date_creation": "2013-05-16",
        "date_derniere_maj": "2026-01-15"
      }
    },
    {
      "type": "Feature",
      "geometry": {
        "type": "Polygon",
        "coordinates": [
          [
            [
              -6.9111128470698375,
              33.929034012829426
            ],
            [
              -6.910148476515715,
              33.92878369763664
            ],
            [
              -6.910174550339206,
              33.92766125736549
            ],
            [
              -6.911270620920466,
              33.92740504266106
            ],
            [
              -6.9111128470698375,
              33.929034012829426
            ]
          ]
        ]
      },
      "properties": {
        "id_parcelle": "TEM-0063",
        "num_titre_foncier": "TF25694/S",
        "type_immatriculation": "Immatriculé",
        "nature_juridique": "Domanial privé",
        "superficie_m2": 14569.92,
        "commune": "Témara",
        "cercle": "Témara",
        "province": "Skhirat-Témara",
        "nature_occupation_code": "AGR",
        "nature_occupation_libelle": "Usage agricole",
        "zone_amenagement": "Zone résidentielle",
        "statut_foncier": "Constructible",
        "origine": "Levé initial",
        "reference_plan": "PL-TEM-18",
        "echelle_leve": "1/500",
        "date_creation": "2017-06-25",
        "date_derniere_maj": "2026-01-15"
      }
    },
    {
      "type": "Feature",
      "geometry": {
        "type": "Polygon",
        "coordinates": [
          [
            [
              -6.911747152234941,
              33.92942784707784
            ],
            [
              -6.911885638106002,
              33.93022079786251
            ],
            [
              -6.911635454740922,
              33.93044398696782
            ],
            [
              -6.909713659291452,
              33.93007143122347
            ],
            [
              -6.90952621155838,
              33.9294478855166
            ],
            [
              -6.910148476515715,
              33.92878369763664
            ],
            [
              -6.9111128470698375,
              33.929034012829426
            ],
            [
              -6.911747152234941,
              33.92942784707784
            ]
          ]
        ]
      },
      "properties": {
        "id_parcelle": "TEM-0064",
        "num_titre_foncier": "TF81799/S",
        "type_immatriculation": "Immatriculé",
        "nature_juridique": "Domanial privé",
        "superficie_m2": 27227.23,
        "commune": "Témara",
        "cercle": "Témara",
        "province": "Skhirat-Témara",
        "nature_occupation_code": "NU",
        "nature_occupation_libelle": "Terrain nu",
        "zone_amenagement": "Zone résidentielle",
        "statut_foncier": "Constructible",
        "origine": "Fusion de parcelles",
        "reference_plan": "PL-TEM-18",
        "echelle_leve": "1/500",
        "date_creation": "2015-04-12",
        "date_derniere_maj": "2026-01-15"
      }
    },
    {
      "type": "Feature",
      "geometry": {
        "type": "Polygon",
        "coordinates": [
          [
            [
              -6.911487394744411,
              33.930933138817764
            ],
            [
              -6.910654982273137,
              33.931594850047894
            ],
            [
              -6.909667496148128,
              33.93018126870671
            ],
            [
              -6.909713659291452,
              33.93007143122347
            ],
            [
              -6.911635454740922,
              33.93044398696782
            ],
            [
              -6.911487394744411,
              33.930933138817764
            ]
          ]
        ]
      },
      "properties": {
        "id_parcelle": "TEM-0065",
        "num_titre_foncier": "TF36495/S",
        "type_immatriculation": "Immatriculé",
        "nature_juridique": "Guich",
        "superficie_m2": 15731.33,
        "commune": "Témara",
        "cercle": "Témara",
        "province": "Skhirat-Témara",
        "nature_occupation_code": "HAM",
        "nature_occupation_libelle": "Sol argileux (hamri) - non bâti",
        "zone_amenagement": "Zone équipements publics",
        "statut_foncier": "Non constructible",
        "origine": "Lotissement",
        "reference_plan": "PL-TEM-13",
        "echelle_leve": "1/1000",
        "date_creation": "2015-01-16",
        "date_derniere_maj": "2026-01-15"
      }
    },
    {
      "type": "Feature",
      "geometry": {
        "type": "Polygon",
        "coordinates": [
          [
            [
              -6.910428139597968,
              33.93279330938752
            ],
            [
              -6.910023526464051,
              33.93243830287626
            ],
            [
              -6.910654982273137,
              33.931594850047894
            ],
            [
              -6.911487394744411,
              33.930933138817764
            ],
            [
              -6.912111565911739,
              33.93239309179481
            ],
            [
              -6.911590988753614,
              33.9328306818376
            ],
            [
              -6.910428139597968,
              33.93279330938752
            ]
          ]
        ]
      },
      "properties": {
        "id_parcelle": "TEM-0066",
        "num_titre_foncier": "TF57204/S",
        "type_immatriculation": "Immatriculé",
        "nature_juridique": "Habous",
        "superficie_m2": 23899.79,
        "commune": "Témara",
        "cercle": "Témara",
        "province": "Skhirat-Témara",
        "nature_occupation_code": "HAM",
        "nature_occupation_libelle": "Sol argileux (hamri) - non bâti",
        "zone_amenagement": "Zone industrielle",
        "statut_foncier": "Constructible",
        "origine": "Fusion de parcelles",
        "reference_plan": "PL-TEM-08",
        "echelle_leve": "1/1000",
        "date_creation": "2016-11-15",
        "date_derniere_maj": "2026-01-15"
      }
    },
    {
      "type": "Feature",
      "geometry": {
        "type": "Polygon",
        "coordinates": [
          [
            [
              -6.911820891053598,
              33.93357702298717
            ],
            [
              -6.910529341094711,
              33.934426751953126
            ],
            [
              -6.910428139597968,
              33.93279330938752
            ],
            [
              -6.911590988753614,
              33.9328306818376
            ],
            [
              -6.911820891053598,
              33.93357702298717
            ]
          ]
        ]
      },
      "properties": {
        "id_parcelle": "TEM-0067",
        "num_titre_foncier": "TF12858/S",
        "type_immatriculation": "Immatriculé",
        "nature_juridique": "Melk",
        "superficie_m2": 15705.79,
        "commune": "Témara",
        "cercle": "Témara",
        "province": "Skhirat-Témara",
        "nature_occupation_code": "NU",
        "nature_occupation_libelle": "Terrain nu",
        "zone_amenagement": "Zone équipements publics",
        "statut_foncier": "En instruction",
        "origine": "Levé initial",
        "reference_plan": "PL-TEM-19",
        "echelle_leve": "1/1000",
        "date_creation": "2010-02-13",
        "date_derniere_maj": "2026-01-15"
      }
    },
    {
      "type": "Feature",
      "geometry": {
        "type": "Polygon",
        "coordinates": [
          [
            [
              -6.912497580119701,
              33.93426668187296
            ],
            [
              -6.910952163744382,
              33.93481001068912
            ],
            [
              -6.910487539124442,
              33.934624661431776
            ],
            [
              -6.910529341094711,
              33.934426751953126
            ],
            [
              -6.911820891053598,
              33.93357702298717
            ],
            [
              -6.912497580119701,
              33.93426668187296
            ]
          ]
        ]
      },
      "properties": {
        "id_parcelle": "TEM-0068",
        "num_titre_foncier": "TF68844/S",
        "type_immatriculation": "Immatriculé",
        "nature_juridique": "Melk",
        "superficie_m2": 12274.13,
        "commune": "Témara",
        "cercle": "Témara",
        "province": "Skhirat-Témara",
        "nature_occupation_code": "AGR",
        "nature_occupation_libelle": "Usage agricole",
        "zone_amenagement": "Zone industrielle",
        "statut_foncier": "Constructible",
        "origine": "Lotissement",
        "reference_plan": "PL-TEM-17",
        "echelle_leve": "1/2000",
        "date_creation": "2011-12-23",
        "date_derniere_maj": "2026-01-15"
      }
    },
    {
      "type": "Feature",
      "geometry": {
        "type": "Polygon",
        "coordinates": [
          [
            [
              -6.910696455753871,
              33.937087391501656
            ],
            [
              -6.910265079983672,
              33.93684551388019
            ],
            [
              -6.909374312952316,
              33.935304964786674
            ],
            [
              -6.9094094668986745,
              33.935240617941695
            ],
            [
              -6.910487539124442,
              33.934624661431776
            ],
            [
              -6.910952163744382,
              33.93481001068912
            ],
            [
              -6.911477383001652,
              33.93551469665963
            ],
            [
              -6.910696455753871,
              33.937087391501656
            ]
          ]
        ]
      },
      "properties": {
        "id_parcelle": "TEM-0069",
        "num_titre_foncier": null,
        "type_immatriculation": "Immatriculé",
        "nature_juridique": "Melk",
        "superficie_m2": 30138.88,
        "commune": "Témara",
        "cercle": "Témara",
        "province": "Skhirat-Témara",
        "nature_occupation_code": "NU",
        "nature_occupation_libelle": "Terrain nu",
        "zone_amenagement": "Zone industrielle",
        "statut_foncier": "Constructible",
        "origine": "Morcellement",
        "reference_plan": "PL-TEM-21",
        "echelle_leve": "1/2000",
        "date_creation": "2014-03-21",
        "date_derniere_maj": "2026-01-15"
      }
    },
    {
      "type": "Feature",
      "geometry": {
        "type": "Polygon",
        "coordinates": [
          [
            [
              -6.9123521461259525,
              33.93689392288688
            ],
            [
              -6.912386464443232,
              33.9377
            ],
            [
              -6.910804453048182,
              33.9377
            ],
            [
              -6.910784047864281,
              33.93718460871033
            ],
            [
              -6.9123521461259525,
              33.93689392288688
            ]
          ]
        ]
      },
      "properties": {
        "id_parcelle": "TEM-0070",
        "num_titre_foncier": "TF67334/S",
        "type_immatriculation": "Non immatriculé",
        "nature_juridique": "Melk",
        "superficie_m2": 10741.47,
        "commune": "Témara",
        "cercle": "Témara",
        "province": "Skhirat-Témara",
        "nature_occupation_code": "HAM",
        "nature_occupation_libelle": "Sol argileux (hamri) - non bâti",
        "zone_amenagement": "Zone résidentielle",
        "statut_foncier": "Constructible",
        "origine": "Fusion de parcelles",
        "reference_plan": "PL-TEM-17",
        "echelle_leve": "1/2000",
        "date_creation": "2013-07-09",
        "date_derniere_maj": "2026-01-15"
      }
    },
    {
      "type": "Feature",
      "geometry": {
        "type": "Polygon",
        "coordinates": [
          [
            [
              -6.908854323975783,
              33.9197
            ],
            [
              -6.910000180484391,
              33.9197
            ],
            [
              -6.909973562662966,
              33.92031091357006
            ],
            [
              -6.908689986756375,
              33.920117129119554
            ],
            [
              -6.908854323975783,
              33.9197
            ]
          ]
        ]
      },
      "properties": {
        "id_parcelle": "TEM-0071",
        "num_titre_foncier": "TF10150/S",
        "type_immatriculation": "Immatriculé",
        "nature_juridique": "Habous",
        "superficie_m2": 6515.2,
        "commune": "Témara",
        "cercle": "Témara",
        "province": "Skhirat-Témara",
        "nature_occupation_code": "NO",
        "nature_occupation_libelle": "Constructions légères / noualas (habitat)",
        "zone_amenagement": "Zone agricole",
        "statut_foncier": "Non constructible",
        "origine": "Fusion de parcelles",
        "reference_plan": "PL-TEM-11",
        "echelle_leve": "1/2000",
        "date_creation": "2023-04-16",
        "date_derniere_maj": "2026-01-15"
      }
    },
    {
      "type": "Feature",
      "geometry": {
        "type": "Polygon",
        "coordinates": [
          [
            [
              -6.908536894222372,
              33.92028867058881
            ],
            [
              -6.908689986756375,
              33.920117129119554
            ],
            [
              -6.909973562662966,
              33.92031091357006
            ],
            [
              -6.910524603850842,
              33.921033398985294
            ],
            [
              -6.910469876325894,
              33.92122714648364
            ],
            [
              -6.91046009241957,
              33.92123515222167
            ],
            [
              -6.9090317241758115,
              33.92157287498885
            ],
            [
              -6.908536894222372,
              33.92028867058881
            ]
          ]
        ]
      },
      "properties": {
        "id_parcelle": "TEM-0072",
        "num_titre_foncier": "TF42382/S",
        "type_immatriculation": "Immatriculé",
        "nature_juridique": "Guich",
        "superficie_m2": 19163.54,
        "commune": "Témara",
        "cercle": "Témara",
        "province": "Skhirat-Témara",
        "nature_occupation_code": "AGR",
        "nature_occupation_libelle": "Usage agricole",
        "zone_amenagement": "Zone agricole",
        "statut_foncier": "Constructible",
        "origine": "Morcellement",
        "reference_plan": "PL-TEM-07",
        "echelle_leve": "1/1000",
        "date_creation": "2020-11-14",
        "date_derniere_maj": "2026-01-15"
      }
    },
    {
      "type": "Feature",
      "geometry": {
        "type": "Polygon",
        "coordinates": [
          [
            [
              -6.908664865747014,
              33.92223576624321
            ],
            [
              -6.9090317241758115,
              33.92157287498885
            ],
            [
              -6.91046009241957,
              33.92123515222167
            ],
            [
              -6.910384939346318,
              33.92317277836897
            ],
            [
              -6.908729674106452,
              33.92246381710434
            ],
            [
              -6.908664865747014,
              33.92223576624321
            ]
          ]
        ]
      },
      "properties": {
        "id_parcelle": "TEM-0073",
        "num_titre_foncier": "TF97471/S",
        "type_immatriculation": "En cours d'immatriculation",
        "nature_juridique": "Collectif",
        "superficie_m2": 23431.89,
        "commune": "Témara",
        "cercle": "Témara",
        "province": "Skhirat-Témara",
        "nature_occupation_code": "PR",
        "nature_occupation_libelle": "Bâtiments à usage professionnel",
        "zone_amenagement": "Zone industrielle",
        "statut_foncier": "Non constructible",
        "origine": "Morcellement",
        "reference_plan": "PL-TEM-23",
        "echelle_leve": "1/1000",
        "date_creation": "2021-07-12",
        "date_derniere_maj": "2026-01-15"
      }
    },
    {
      "type": "Feature",
      "geometry": {
        "type": "Polygon",
        "coordinates": [
          [
            [
              -6.910384939346318,
              33.92317277836897
            ],
            [
              -6.910664167438041,
              33.9235266221587
            ],
            [
              -6.910368755760593,
              33.92401134741219
            ],
            [
              -6.90881501361649,
              33.92401755230858
            ],
            [
              -6.908567057628998,
              33.92296237652996
            ],
            [
              -6.908729674106452,
              33.92246381710434
            ],
            [
              -6.910384939346318,
              33.92317277836897
            ]
          ]
        ]
      },
      "properties": {
        "id_parcelle": "TEM-0074",
        "num_titre_foncier": "TF48287/S",
        "type_immatriculation": "Non immatriculé",
        "nature_juridique": "Habous",
        "superficie_m2": 22359.85,
        "commune": "Témara",
        "cercle": "Témara",
        "province": "Skhirat-Témara",
        "nature_occupation_code": "NU",
        "nature_occupation_libelle": "Terrain nu",
        "zone_amenagement": "Zone résidentielle",
        "statut_foncier": "Constructible",
        "origine": "Levé initial",
        "reference_plan": "PL-TEM-07",
        "echelle_leve": "1/1000",
        "date_creation": "2022-04-08",
        "date_derniere_maj": "2026-01-15"
      }
    },
    {
      "type": "Feature",
      "geometry": {
        "type": "Polygon",
        "coordinates": [
          [
            [
              -6.910359931441948,
              33.92419099665249
            ],
            [
              -6.910164993337723,
              33.92529090884411
            ],
            [
              -6.908234469733227,
              33.92504352461522
            ],
            [
              -6.90881501361649,
              33.92401755230858
            ],
            [
              -6.910368755760593,
              33.92401134741219
            ],
            [
              -6.910359931441948,
              33.92419099665249
            ]
          ]
        ]
      },
      "properties": {
        "id_parcelle": "TEM-0075",
        "num_titre_foncier": "TF48657/S",
        "type_immatriculation": "Immatriculé",
        "nature_juridique": "Habous",
        "superficie_m2": 21265.78,
        "commune": "Témara",
        "cercle": "Témara",
        "province": "Skhirat-Témara",
        "nature_occupation_code": "NU",
        "nature_occupation_libelle": "Terrain nu",
        "zone_amenagement": "Zone équipements publics",
        "statut_foncier": "En instruction",
        "origine": "Lotissement",
        "reference_plan": "PL-TEM-08",
        "echelle_leve": "1/1000",
        "date_creation": "2016-11-02",
        "date_derniere_maj": "2026-01-15"
      }
    },
    {
      "type": "Feature",
      "geometry": {
        "type": "Polygon",
        "coordinates": [
          [
            [
              -6.910164993337723,
              33.92529090884411
            ],
            [
              -6.910320537337156,
              33.92560178773341
            ],
            [
              -6.909444738004822,
              33.92696704938703
            ],
            [
              -6.908101493375861,
              33.92580674798608
            ],
            [
              -6.908211693728869,
              33.92505667734865
            ],
            [
              -6.908234469733227,
              33.92504352461522
            ],
            [
              -6.910164993337723,
              33.92529090884411
            ]
          ]
        ]
      },
      "properties": {
        "id_parcelle": "TEM-0076",
        "num_titre_foncier": null,
        "type_immatriculation": "En cours d'immatriculation",
        "nature_juridique": "Melk",
        "superficie_m2": 26187.43,
        "commune": "Témara",
        "cercle": "Témara",
        "province": "Skhirat-Témara",
        "nature_occupation_code": "AGR",
        "nature_occupation_libelle": "Usage agricole",
        "zone_amenagement": "Zone industrielle",
        "statut_foncier": "Constructible",
        "origine": "Lotissement",
        "reference_plan": "PL-TEM-14",
        "echelle_leve": "1/500",
        "date_creation": "2021-01-06",
        "date_derniere_maj": "2026-01-15"
      }
    },
    {
      "type": "Feature",
      "geometry": {
        "type": "Polygon",
        "coordinates": [
          [
            [
              -6.910148476515715,
              33.92878369763664
            ],
            [
              -6.90952621155838,
              33.9294478855166
            ],
            [
              -6.908503696646124,
              33.92905538269487
            ],
            [
              -6.9086215293948765,
              33.92776605915944
            ],
            [
              -6.909461086330165,
              33.92712373927485
            ],
            [
              -6.910174550339206,
              33.92766125736549
            ],
            [
              -6.910148476515715,
              33.92878369763664
            ]
          ]
        ]
      },
      "properties": {
        "id_parcelle": "TEM-0077",
        "num_titre_foncier": "TF51182/S",
        "type_immatriculation": "Non immatriculé",
        "nature_juridique": "Melk",
        "superficie_m2": 29108.88,
        "commune": "Témara",
        "cercle": "Témara",
        "province": "Skhirat-Témara",
        "nature_occupation_code": "NU",
        "nature_occupation_libelle": "Terrain nu",
        "zone_amenagement": "Zone résidentielle",
        "statut_foncier": "Constructible",
        "origine": "Fusion de parcelles",
        "reference_plan": "PL-TEM-07",
        "echelle_leve": "1/500",
        "date_creation": "2020-09-24",
        "date_derniere_maj": "2026-01-15"
      }
    },
    {
      "type": "Feature",
      "geometry": {
        "type": "Polygon",
        "coordinates": [
          [
            [
              -6.909713659291452,
              33.93007143122347
            ],
            [
              -6.909667496148128,
              33.93018126870671
            ],
            [
              -6.9088775448807285,
              33.931386610035375
            ],
            [
              -6.907833971777403,
              33.9312348723444
            ],
            [
              -6.908228853002665,
              33.92917024773227
            ],
            [
              -6.908503696646124,
              33.92905538269487
            ],
            [
              -6.90952621155838,
              33.9294478855166
            ],
            [
              -6.909713659291452,
              33.93007143122347
            ]
          ]
        ]
      },
      "properties": {
        "id_parcelle": "TEM-0078",
        "num_titre_foncier": null,
        "type_immatriculation": "Non immatriculé",
        "nature_juridique": "Guich",
        "superficie_m2": 30507.99,
        "commune": "Témara",
        "cercle": "Témara",
        "province": "Skhirat-Témara",
        "nature_occupation_code": "NU",
        "nature_occupation_libelle": "Terrain nu",
        "zone_amenagement": "Zone agricole",
        "statut_foncier": "Non constructible",
        "origine": "Levé initial",
        "reference_plan": "PL-TEM-06",
        "echelle_leve": "1/500",
        "date_creation": "2010-02-09",
        "date_derniere_maj": "2026-01-15"
      }
    },
    {
      "type": "Feature",
      "geometry": {
        "type": "Polygon",
        "coordinates": [
          [
            [
              -6.910654982273137,
              33.931594850047894
            ],
            [
              -6.910023526464051,
              33.93243830287626
            ],
            [
              -6.909880739813067,
              33.93241946054676
            ],
            [
              -6.908898709901672,
              33.93141429379502
            ],
            [
              -6.9088775448807285,
              33.931386610035375
            ],
            [
              -6.909667496148128,
              33.93018126870671
            ],
            [
              -6.910654982273137,
              33.931594850047894
            ]
          ]
        ]
      },
      "properties": {
        "id_parcelle": "TEM-0079",
        "num_titre_foncier": "TF26214/S",
        "type_immatriculation": "Non immatriculé",
        "nature_juridique": "Domanial privé",
        "superficie_m2": 20934.92,
        "commune": "Témara",
        "cercle": "Témara",
        "province": "Skhirat-Témara",
        "nature_occupation_code": "PR",
        "nature_occupation_libelle": "Bâtiments à usage professionnel",
        "zone_amenagement": "Zone équipements publics",
        "statut_foncier": "Non constructible",
        "origine": "Fusion de parcelles",
        "reference_plan": "PL-TEM-14",
        "echelle_leve": "1/500",
        "date_creation": "2010-12-16",
        "date_derniere_maj": "2026-01-15"
      }
    },
    {
      "type": "Feature",
      "geometry": {
        "type": "Polygon",
        "coordinates": [
          [
            [
              -6.909880739813067,
              33.93241946054676
            ],
            [
              -6.9088208899856545,
              33.9335224208951
            ],
            [
              -6.908238980561624,
              33.93339593108875
            ],
            [
              -6.908120623076815,
              33.933323818347276
            ],
            [
              -6.908898709901672,
              33.93141429379502
            ],
            [
              -6.909880739813067,
              33.93241946054676
            ]
          ]
        ]
      },
      "properties": {
        "id_parcelle": "TEM-0080",
        "num_titre_foncier": "TF68503/S",
        "type_immatriculation": "Immatriculé",
        "nature_juridique": "Collectif",
        "superficie_m2": 18853.2,
        "commune": "Témara",
        "cercle": "Témara",
        "province": "Skhirat-Témara",
        "nature_occupation_code": "NO",
        "nature_occupation_libelle": "Constructions légères / noualas (habitat)",
        "zone_amenagement": "Zone agricole",
        "statut_foncier": "En instruction",
        "origine": "Levé initial",
        "reference_plan": "PL-TEM-01",
        "echelle_leve": "1/2000",
        "date_creation": "2016-04-26",
        "date_derniere_maj": "2026-01-15"
      }
    },
    {
      "type": "Feature",
      "geometry": {
        "type": "Polygon",
        "coordinates": [
          [
            [
              -6.910529341094711,
              33.934426751953126
            ],
            [
              -6.910487539124442,
              33.934624661431776
            ],
            [
              -6.9094094668986745,
              33.935240617941695
            ],
            [
              -6.9088208899856545,
              33.9335224208951
            ],
            [
              -6.909880739813067,
              33.93241946054676
            ],
            [
              -6.910023526464051,
              33.93243830287626
            ],
            [
              -6.910428139597968,
              33.93279330938752
            ],
            [
              -6.910529341094711,
              33.934426751953126
            ]
          ]
        ]
      },
      "properties": {
        "id_parcelle": "TEM-0081",
        "num_titre_foncier": null,
        "type_immatriculation": "Immatriculé",
        "nature_juridique": "Guich",
        "superficie_m2": 32558.42,
        "commune": "Témara",
        "cercle": "Témara",
        "province": "Skhirat-Témara",
        "nature_occupation_code": "NU",
        "nature_occupation_libelle": "Terrain nu",
        "zone_amenagement": "Zone résidentielle",
        "statut_foncier": "Constructible",
        "origine": "Fusion de parcelles",
        "reference_plan": "PL-TEM-07",
        "echelle_leve": "1/2000",
        "date_creation": "2011-10-11",
        "date_derniere_maj": "2026-01-15"
      }
    },
    {
      "type": "Feature",
      "geometry": {
        "type": "Polygon",
        "coordinates": [
          [
            [
              -6.908238980561624,
              33.93339593108875
            ],
            [
              -6.9088208899856545,
              33.9335224208951
            ],
            [
              -6.9094094668986745,
              33.935240617941695
            ],
            [
              -6.909374312952316,
              33.935304964786674
            ],
            [
              -6.908298361864282,
              33.93562496201757
            ],
            [
              -6.907829219509663,
              33.93448285173744
            ],
            [
              -6.908238980561624,
              33.93339593108875
            ]
          ]
        ]
      },
      "properties": {
        "id_parcelle": "TEM-0082",
        "num_titre_foncier": "TF90868/S",
        "type_immatriculation": "Immatriculé",
        "nature_juridique": "Collectif",
        "superficie_m2": 22933.32,
        "commune": "Témara",
        "cercle": "Témara",
        "province": "Skhirat-Témara",
        "nature_occupation_code": "HAM",
        "nature_occupation_libelle": "Sol argileux (hamri) - non bâti",
        "zone_amenagement": "Zone agricole",
        "statut_foncier": "Non constructible",
        "origine": "Fusion de parcelles",
        "reference_plan": "PL-TEM-01",
        "echelle_leve": "1/2000",
        "date_creation": "2022-10-26",
        "date_derniere_maj": "2026-01-15"
      }
    },
    {
      "type": "Feature",
      "geometry": {
        "type": "Polygon",
        "coordinates": [
          [
            [
              -6.909374312952316,
              33.935304964786674
            ],
            [
              -6.910265079983672,
              33.93684551388019
            ],
            [
              -6.908746579440869,
              33.9377
            ],
            [
              -6.90869158214166,
              33.9377
            ],
            [
              -6.907554742319815,
              33.93751100310934
            ],
            [
              -6.907527549887104,
              33.93740659407566
            ],
            [
              -6.908282550917354,
              33.935636208658444
            ],
            [
              -6.908298361864282,
              33.93562496201757
            ],
            [
              -6.909374312952316,
              33.935304964786674
            ]
          ]
        ]
      },
      "properties": {
        "id_parcelle": "TEM-0083",
        "num_titre_foncier": null,
        "type_immatriculation": "Immatriculé",
        "nature_juridique": "Melk",
        "superficie_m2": 41250.81,
        "commune": "Témara",
        "cercle": "Témara",
        "province": "Skhirat-Témara",
        "nature_occupation_code": "PR",
        "nature_occupation_libelle": "Bâtiments à usage professionnel",
        "zone_amenagement": "Zone équipements publics",
        "statut_foncier": "En instruction",
        "origine": "Levé initial",
        "reference_plan": "PL-TEM-25",
        "echelle_leve": "1/1000",
        "date_creation": "2022-05-14",
        "date_derniere_maj": "2026-01-15"
      }
    },
    {
      "type": "Feature",
      "geometry": {
        "type": "Polygon",
        "coordinates": [
          [
            [
              -6.910265079983672,
              33.93684551388019
            ],
            [
              -6.910696455753871,
              33.937087391501656
            ],
            [
              -6.910784047864281,
              33.93718460871033
            ],
            [
              -6.910804453048182,
              33.9377
            ],
            [
              -6.908746579440869,
              33.9377
            ],
            [
              -6.910265079983672,
              33.93684551388019
            ]
          ]
        ]
      },
      "properties": {
        "id_parcelle": "TEM-0084",
        "num_titre_foncier": null,
        "type_immatriculation": "En cours d'immatriculation",
        "nature_juridique": "Domanial privé",
        "superficie_m2": 10486.41,
        "commune": "Témara",
        "cercle": "Témara",
        "province": "Skhirat-Témara",
        "nature_occupation_code": "NU",
        "nature_occupation_libelle": "Terrain nu",
        "zone_amenagement": "Zone résidentielle",
        "statut_foncier": "En instruction",
        "origine": "Fusion de parcelles",
        "reference_plan": "PL-TEM-23",
        "echelle_leve": "1/500",
        "date_creation": "2019-04-11",
        "date_derniere_maj": "2026-01-15"
      }
    },
    {
      "type": "Feature",
      "geometry": {
        "type": "Polygon",
        "coordinates": [
          [
            [
              -6.908689986756375,
              33.920117129119554
            ],
            [
              -6.908536894222372,
              33.92028867058881
            ],
            [
              -6.907824091245845,
              33.92023449309261
            ],
            [
              -6.907540907778179,
              33.9197
            ],
            [
              -6.908854323975783,
              33.9197
            ],
            [
              -6.908689986756375,
              33.920117129119554
            ]
          ]
        ]
      },
      "properties": {
        "id_parcelle": "TEM-0085",
        "num_titre_foncier": "TF88081/S",
        "type_immatriculation": "Immatriculé",
        "nature_juridique": "Habous",
        "superficie_m2": 6038.12,
        "commune": "Témara",
        "cercle": "Témara",
        "province": "Skhirat-Témara",
        "nature_occupation_code": "HAM",
        "nature_occupation_libelle": "Sol argileux (hamri) - non bâti",
        "zone_amenagement": "Zone industrielle",
        "statut_foncier": "Non constructible",
        "origine": "Lotissement",
        "reference_plan": "PL-TEM-08",
        "echelle_leve": "1/1000",
        "date_creation": "2011-11-02",
        "date_derniere_maj": "2026-01-15"
      }
    },
    {
      "type": "Feature",
      "geometry": {
        "type": "Polygon",
        "coordinates": [
          [
            [
              -6.90715351933619,
              33.921886366654995
            ],
            [
              -6.906663556953588,
              33.92154689703466
            ],
            [
              -6.906665438508219,
              33.921301239231646
            ],
            [
              -6.907824091245845,
              33.92023449309261
            ],
            [
              -6.908536894222372,
              33.92028867058881
            ],
            [
              -6.9090317241758115,
              33.92157287498885
            ],
            [
              -6.908664865747014,
              33.92223576624321
            ],
            [
              -6.90715351933619,
              33.921886366654995
            ]
          ]
        ]
      },
      "properties": {
        "id_parcelle": "TEM-0086",
        "num_titre_foncier": "TF52697/S",
        "type_immatriculation": "Immatriculé",
        "nature_juridique": "Guich",
        "superficie_m2": 32031.89,
        "commune": "Témara",
        "cercle": "Témara",
        "province": "Skhirat-Témara",
        "nature_occupation_code": "NU",
        "nature_occupation_libelle": "Terrain nu",
        "zone_amenagement": "Zone résidentielle",
        "statut_foncier": "Constructible",
        "origine": "Fusion de parcelles",
        "reference_plan": "PL-TEM-20",
        "echelle_leve": "1/500",
        "date_creation": "2013-02-14",
        "date_derniere_maj": "2026-01-15"
      }
    },
    {
      "type": "Feature",
      "geometry": {
        "type": "Polygon",
        "coordinates": [
          [
            [
              -6.908567057628998,
              33.92296237652996
            ],
            [
              -6.907320244456333,
              33.92361224317141
            ],
            [
              -6.9072005704169115,
              33.923288169134146
            ],
            [
              -6.90715351933619,
              33.921886366654995
            ],
            [
              -6.908664865747014,
              33.92223576624321
            ],
            [
              -6.908729674106452,
              33.92246381710434
            ],
            [
              -6.908567057628998,
              33.92296237652996
            ]
          ]
        ]
      },
      "properties": {
        "id_parcelle": "TEM-0087",
        "num_titre_foncier": "TF68584/S",
        "type_immatriculation": "Immatriculé",
        "nature_juridique": "Domanial privé",
        "superficie_m2": 18582.12,
        "commune": "Témara",
        "cercle": "Témara",
        "province": "Skhirat-Témara",
        "nature_occupation_code": "NU",
        "nature_occupation_libelle": "Terrain nu",
        "zone_amenagement": "Zone industrielle",
        "statut_foncier": "Non constructible",
        "origine": "Levé initial",
        "reference_plan": "PL-TEM-20",
        "echelle_leve": "1/2000",
        "date_creation": "2013-12-18",
        "date_derniere_maj": "2026-01-15"
      }
    },
    {
      "type": "Feature",
      "geometry": {
        "type": "Polygon",
        "coordinates": [
          [
            [
              -6.90881501361649,
              33.92401755230858
            ],
            [
              -6.908234469733227,
              33.92504352461522
            ],
            [
              -6.908211693728869,
              33.92505667734865
            ],
            [
              -6.9070417739201115,
              33.9243353269887
            ],
            [
              -6.907320244456333,
              33.92361224317141
            ],
            [
              -6.908567057628998,
              33.92296237652996
            ],
            [
              -6.90881501361649,
              33.92401755230858
            ]
          ]
        ]
      },
      "properties": {
        "id_parcelle": "TEM-0088",
        "num_titre_foncier": "TF48525/S",
        "type_immatriculation": "En cours d'immatriculation",
        "nature_juridique": "Collectif",
        "superficie_m2": 22297.32,
        "commune": "Témara",
        "cercle": "Témara",
        "province": "Skhirat-Témara",
        "nature_occupation_code": "PR",
        "nature_occupation_libelle": "Bâtiments à usage professionnel",
        "zone_amenagement": "Zone agricole",
        "statut_foncier": "Non constructible",
        "origine": "Fusion de parcelles",
        "reference_plan": "PL-TEM-24",
        "echelle_leve": "1/1000",
        "date_creation": "2013-08-08",
        "date_derniere_maj": "2026-01-15"
      }
    },
    {
      "type": "Feature",
      "geometry": {
        "type": "Polygon",
        "coordinates": [
          [
            [
              -6.908211693728869,
              33.92505667734865
            ],
            [
              -6.908101493375861,
              33.92580674798608
            ],
            [
              -6.906977653097709,
              33.926793631704
            ],
            [
              -6.906635881159916,
              33.92649028812259
            ],
            [
              -6.9064179516169615,
              33.92443853677733
            ],
            [
              -6.9070417739201115,
              33.9243353269887
            ],
            [
              -6.908211693728869,
              33.92505667734865
            ]
          ]
        ]
      },
      "properties": {
        "id_parcelle": "TEM-0089",
        "num_titre_foncier": "TF30096/S",
        "type_immatriculation": "En cours d'immatriculation",
        "nature_juridique": "Habous",
        "superficie_m2": 29913.54,
        "commune": "Témara",
        "cercle": "Témara",
        "province": "Skhirat-Témara",
        "nature_occupation_code": "NO",
        "nature_occupation_libelle": "Constructions légères / noualas (habitat)",
        "zone_amenagement": "Zone industrielle",
        "statut_foncier": "Non constructible",
        "origine": "Morcellement",
        "reference_plan": "PL-TEM-13",
        "echelle_leve": "1/1000",
        "date_creation": "2013-09-17",
        "date_derniere_maj": "2026-01-15"
      }
    },
    {
      "type": "Feature",
      "geometry": {
        "type": "Polygon",
        "coordinates": [
          [
            [
              -6.9086215293948765,
              33.92776605915944
            ],
            [
              -6.907079611741083,
              33.92719591129547
            ],
            [
              -6.906982531434456,
              33.92698621521052
            ],
            [
              -6.906977653097709,
              33.926793631704
            ],
            [
              -6.908101493375861,
              33.92580674798608
            ],
            [
              -6.909444738004822,
              33.92696704938703
            ],
            [
              -6.909461086330165,
              33.92712373927485
            ],
            [
              -6.9086215293948765,
              33.92776605915944
            ]
          ]
        ]
      },
      "properties": {
        "id_parcelle": "TEM-0090",
        "num_titre_foncier": "TF23178/S",
        "type_immatriculation": "Non immatriculé",
        "nature_juridique": "Guich",
        "superficie_m2": 28098.48,
        "commune": "Témara",
        "cercle": "Témara",
        "province": "Skhirat-Témara",
        "nature_occupation_code": "NO",
        "nature_occupation_libelle": "Constructions légères / noualas (habitat)",
        "zone_amenagement": "Zone résidentielle",
        "statut_foncier": "Constructible",
        "origine": "Morcellement",
        "reference_plan": "PL-TEM-16",
        "echelle_leve": "1/500",
        "date_creation": "2023-08-12",
        "date_derniere_maj": "2026-01-15"
      }
    },
    {
      "type": "Feature",
      "geometry": {
        "type": "Polygon",
        "coordinates": [
          [
            [
              -6.908503696646124,
              33.92905538269487
            ],
            [
              -6.908228853002665,
              33.92917024773227
            ],
            [
              -6.907446888298956,
              33.92902498816451
            ],
            [
              -6.907379897941524,
              33.92900867707528
            ],
            [
              -6.906901197797047,
              33.928412873320966
            ],
            [
              -6.907079611741083,
              33.92719591129547
            ],
            [
              -6.9086215293948765,
              33.92776605915944
            ],
            [
              -6.908503696646124,
              33.92905538269487
            ]
          ]
        ]
      },
      "properties": {
        "id_parcelle": "TEM-0091",
        "num_titre_foncier": "TF40525/S",
        "type_immatriculation": "Immatriculé",
        "nature_juridique": "Melk",
        "superficie_m2": 25253.91,
        "commune": "Témara",
        "cercle": "Témara",
        "province": "Skhirat-Témara",
        "nature_occupation_code": "PR",
        "nature_occupation_libelle": "Bâtiments à usage professionnel",
        "zone_amenagement": "Zone industrielle",
        "statut_foncier": "En instruction",
        "origine": "Lotissement",
        "reference_plan": "PL-TEM-03",
        "echelle_leve": "1/1000",
        "date_creation": "2018-03-15",
        "date_derniere_maj": "2026-01-15"
      }
    },
    {
      "type": "Feature",
      "geometry": {
        "type": "Polygon",
        "coordinates": [
          [
            [
              -6.907407277355589,
              33.93137178628341
            ],
            [
              -6.907100964797263,
              33.931482173739106
            ],
            [
              -6.906801307501843,
              33.93120910340908
            ],
            [
              -6.906435048114567,
              33.93024086411751
            ],
            [
              -6.907379897941524,
              33.92900867707528
            ],
            [
              -6.907446888298956,
              33.92902498816451
            ],
            [
              -6.907407277355589,
              33.93137178628341
            ]
          ]
        ]
      },
      "properties": {
        "id_parcelle": "TEM-0092",
        "num_titre_foncier": "TF97130/S",
        "type_immatriculation": "Immatriculé",
        "nature_juridique": "Melk",
        "superficie_m2": 15774.09,
        "commune": "Témara",
        "cercle": "Témara",
        "province": "Skhirat-Témara",
        "nature_occupation_code": "AGR",
        "nature_occupation_libelle": "Usage agricole",
        "zone_amenagement": "Zone agricole",
        "statut_foncier": "Constructible",
        "origine": "Morcellement",
        "reference_plan": "PL-TEM-12",
        "echelle_leve": "1/1000",
        "date_creation": "2012-01-07",
        "date_derniere_maj": "2026-01-15"
      }
    },
    {
      "type": "Feature",
      "geometry": {
        "type": "Polygon",
        "coordinates": [
          [
            [
              -6.908228853002665,
              33.92917024773227
            ],
            [
              -6.907833971777403,
              33.9312348723444
            ],
            [
              -6.907407277355589,
              33.93137178628341
            ],
            [
              -6.907446888298956,
              33.92902498816451
            ],
            [
              -6.908228853002665,
              33.92917024773227
            ]
          ]
        ]
      },
      "properties": {
        "id_parcelle": "TEM-0093",
        "num_titre_foncier": null,
        "type_immatriculation": "Non immatriculé",
        "nature_juridique": "Domanial privé",
        "superficie_m2": 13715.21,
        "commune": "Témara",
        "cercle": "Témara",
        "province": "Skhirat-Témara",
        "nature_occupation_code": "HAM",
        "nature_occupation_libelle": "Sol argileux (hamri) - non bâti",
        "zone_amenagement": "Zone résidentielle",
        "statut_foncier": "Non constructible",
        "origine": "Levé initial",
        "reference_plan": "PL-TEM-22",
        "echelle_leve": "1/1000",
        "date_creation": "2012-10-10",
        "date_derniere_maj": "2026-01-15"
      }
    },
    {
      "type": "Feature",
      "geometry": {
        "type": "Polygon",
        "coordinates": [
          [
            [
              -6.907833971777403,
              33.9312348723444
            ],
            [
              -6.9088775448807285,
              33.931386610035375
            ],
            [
              -6.908898709901672,
              33.93141429379502
            ],
            [
              -6.908120623076815,
              33.933323818347276
            ],
            [
              -6.907210025848428,
              33.93296871381353
            ],
            [
              -6.906908001047919,
              33.93237212981598
            ],
            [
              -6.907100964797263,
              33.931482173739106
            ],
            [
              -6.907407277355589,
              33.93137178628341
            ],
            [
              -6.907833971777403,
              33.9312348723444
            ]
          ]
        ]
      },
      "properties": {
        "id_parcelle": "TEM-0094",
        "num_titre_foncier": "TF74962/S",
        "type_immatriculation": "Non immatriculé",
        "nature_juridique": "Guich",
        "superficie_m2": 28299.15,
        "commune": "Témara",
        "cercle": "Témara",
        "province": "Skhirat-Témara",
        "nature_occupation_code": "PR",
        "nature_occupation_libelle": "Bâtiments à usage professionnel",
        "zone_amenagement": "Zone résidentielle",
        "statut_foncier": "Non constructible",
        "origine": "Morcellement",
        "reference_plan": "PL-TEM-13",
        "echelle_leve": "1/2000",
        "date_creation": "2018-03-21",
        "date_derniere_maj": "2026-01-15"
      }
    },
    {
      "type": "Feature",
      "geometry": {
        "type": "Polygon",
        "coordinates": [
          [
            [
              -6.907210025848428,
              33.93296871381353
            ],
            [
              -6.908120623076815,
              33.933323818347276
            ],
            [
              -6.908238980561624,
              33.93339593108875
            ],
            [
              -6.907829219509663,
              33.93448285173744
            ],
            [
              -6.906883117337256,
              33.93396608163025
            ],
            [
              -6.907210025848428,
              33.93296871381353
            ]
          ]
        ]
      },
      "properties": {
        "id_parcelle": "TEM-0095",
        "num_titre_foncier": null,
        "type_immatriculation": "Immatriculé",
        "nature_juridique": "Guich",
        "superficie_m2": 12490.95,
        "commune": "Témara",
        "cercle": "Témara",
        "province": "Skhirat-Témara",
        "nature_occupation_code": "AGR",
        "nature_occupation_libelle": "Usage agricole",
        "zone_amenagement": "Zone agricole",
        "statut_foncier": "Non constructible",
        "origine": "Fusion de parcelles",
        "reference_plan": "PL-TEM-22",
        "echelle_leve": "1/1000",
        "date_creation": "2016-01-10",
        "date_derniere_maj": "2026-01-15"
      }
    },
    {
      "type": "Feature",
      "geometry": {
        "type": "Polygon",
        "coordinates": [
          [
            [
              -6.906883117337256,
              33.93396608163025
            ],
            [
              -6.907829219509663,
              33.93448285173744
            ],
            [
              -6.908298361864282,
              33.93562496201757
            ],
            [
              -6.908282550917354,
              33.935636208658444
            ],
            [
              -6.906783438903645,
              33.93514517497999
            ],
            [
              -6.906485087567999,
              33.93443606874452
            ],
            [
              -6.906883117337256,
              33.93396608163025
            ]
          ]
        ]
      },
      "properties": {
        "id_parcelle": "TEM-0096",
        "num_titre_foncier": "TF64274/S",
        "type_immatriculation": "En cours d'immatriculation",
        "nature_juridique": "Melk",
        "superficie_m2": 16036.4,
        "commune": "Témara",
        "cercle": "Témara",
        "province": "Skhirat-Témara",
        "nature_occupation_code": "AGR",
        "nature_occupation_libelle": "Usage agricole",
        "zone_amenagement": "Zone agricole",
        "statut_foncier": "En instruction",
        "origine": "Lotissement",
        "reference_plan": "PL-TEM-13",
        "echelle_leve": "1/2000",
        "date_creation": "2016-04-01",
        "date_derniere_maj": "2026-01-15"
      }
    },
    {
      "type": "Feature",
      "geometry": {
        "type": "Polygon",
        "coordinates": [
          [
            [
              -6.908282550917354,
              33.935636208658444
            ],
            [
              -6.907527549887104,
              33.93740659407566
            ],
            [
              -6.906764559704985,
              33.93695396779038
            ],
            [
              -6.906006636914562,
              33.93616394354081
            ],
            [
              -6.906783438903645,
              33.93514517497999
            ],
            [
              -6.908282550917354,
              33.935636208658444
            ]
          ]
        ]
      },
      "properties": {
        "id_parcelle": "TEM-0097",
        "num_titre_foncier": "TF65542/S",
        "type_immatriculation": "Immatriculé",
        "nature_juridique": "Melk",
        "superficie_m2": 29814.24,
        "commune": "Témara",
        "cercle": "Témara",
        "province": "Skhirat-Témara",
        "nature_occupation_code": "NU",
        "nature_occupation_libelle": "Terrain nu",
        "zone_amenagement": "Zone équipements publics",
        "statut_foncier": "En instruction",
        "origine": "Fusion de parcelles",
        "reference_plan": "PL-TEM-15",
        "echelle_leve": "1/500",
        "date_creation": "2012-01-02",
        "date_derniere_maj": "2026-01-15"
      }
    },
    {
      "type": "Feature",
      "geometry": {
        "type": "Polygon",
        "coordinates": [
          [
            [
              -6.907554742319815,
              33.93751100310934
            ],
            [
              -6.90869158214166,
              33.9377
            ],
            [
              -6.907482589792185,
              33.9377
            ],
            [
              -6.907554742319815,
              33.93751100310934
            ]
          ]
        ]
      },
      "properties": {
        "id_parcelle": "TEM-0098",
        "num_titre_foncier": null,
        "type_immatriculation": "En cours d'immatriculation",
        "nature_juridique": "Melk",
        "superficie_m2": 1174.72,
        "commune": "Témara",
        "cercle": "Témara",
        "province": "Skhirat-Témara",
        "nature_occupation_code": "AGR",
        "nature_occupation_libelle": "Usage agricole",
        "zone_amenagement": "Zone agricole",
        "statut_foncier": "En instruction",
        "origine": "Lotissement",
        "reference_plan": "PL-TEM-05",
        "echelle_leve": "1/1000",
        "date_creation": "2014-03-17",
        "date_derniere_maj": "2026-01-15"
      }
    },
    {
      "type": "Feature",
      "geometry": {
        "type": "Polygon",
        "coordinates": [
          [
            [
              -6.907824091245845,
              33.92023449309261
            ],
            [
              -6.906665438508219,
              33.921301239231646
            ],
            [
              -6.905785099446552,
              33.920116313799575
            ],
            [
              -6.905838047992654,
              33.9197
            ],
            [
              -6.907540907778179,
              33.9197
            ],
            [
              -6.907824091245845,
              33.92023449309261
            ]
          ]
        ]
      },
      "properties": {
        "id_parcelle": "TEM-0099",
        "num_titre_foncier": "TF24259/S",
        "type_immatriculation": "En cours d'immatriculation",
        "nature_juridique": "Guich",
        "superficie_m2": 20961.74,
        "commune": "Témara",
        "cercle": "Témara",
        "province": "Skhirat-Témara",
        "nature_occupation_code": "NO",
        "nature_occupation_libelle": "Constructions légères / noualas (habitat)",
        "zone_amenagement": "Zone industrielle",
        "statut_foncier": "Non constructible",
        "origine": "Lotissement",
        "reference_plan": "PL-TEM-02",
        "echelle_leve": "1/1000",
        "date_creation": "2015-01-20",
        "date_derniere_maj": "2026-01-15"
      }
    },
    {
      "type": "Feature",
      "geometry": {
        "type": "Polygon",
        "coordinates": [
          [
            [
              -6.90436988394521,
              33.92169654050465
            ],
            [
              -6.9046546256311085,
              33.92059020112199
            ],
            [
              -6.905785099446552,
              33.920116313799575
            ],
            [
              -6.906665438508219,
              33.921301239231646
            ],
            [
              -6.906663556953588,
              33.92154689703466
            ],
            [
              -6.905503326191091,
              33.922489514502864
            ],
            [
              -6.90436988394521,
              33.92169654050465
            ]
          ]
        ]
      },
      "properties": {
        "id_parcelle": "TEM-0100",
        "num_titre_foncier": null,
        "type_immatriculation": "Non immatriculé",
        "nature_juridique": "Habous",
        "superficie_m2": 34627.38,
        "commune": "Témara",
        "cercle": "Témara",
        "province": "Skhirat-Témara",
        "nature_occupation_code": "NU",
        "nature_occupation_libelle": "Terrain nu",
        "zone_amenagement": "Zone industrielle",
        "statut_foncier": "En instruction",
        "origine": "Lotissement",
        "reference_plan": "PL-TEM-20",
        "echelle_leve": "1/1000",
        "date_creation": "2019-04-27",
        "date_derniere_maj": "2026-01-15"
      }
    },
    {
      "type": "Feature",
      "geometry": {
        "type": "Polygon",
        "coordinates": [
          [
            [
              -6.9072005704169115,
              33.923288169134146
            ],
            [
              -6.905498275015279,
              33.92258761243461
            ],
            [
              -6.905503326191091,
              33.922489514502864
            ],
            [
              -6.906663556953588,
              33.92154689703466
            ],
            [
              -6.90715351933619,
              33.921886366654995
            ],
            [
              -6.9072005704169115,
              33.923288169134146
            ]
          ]
        ]
      },
      "properties": {
        "id_parcelle": "TEM-0101",
        "num_titre_foncier": "TF38591/S",
        "type_immatriculation": "Immatriculé",
        "nature_juridique": "Guich",
        "superficie_m2": 17314.47,
        "commune": "Témara",
        "cercle": "Témara",
        "province": "Skhirat-Témara",
        "nature_occupation_code": "NU",
        "nature_occupation_libelle": "Terrain nu",
        "zone_amenagement": "Zone industrielle",
        "statut_foncier": "Non constructible",
        "origine": "Fusion de parcelles",
        "reference_plan": "PL-TEM-04",
        "echelle_leve": "1/500",
        "date_creation": "2013-12-27",
        "date_derniere_maj": "2026-01-15"
      }
    },
    {
      "type": "Feature",
      "geometry": {
        "type": "Polygon",
        "coordinates": [
          [
            [
              -6.907320244456333,
              33.92361224317141
            ],
            [
              -6.9070417739201115,
              33.9243353269887
            ],
            [
              -6.9064179516169615,
              33.92443853677733
            ],
            [
              -6.905559812278915,
              33.92422110521231
            ],
            [
              -6.905394606529817,
              33.923145611534494
            ],
            [
              -6.905498275015279,
              33.92258761243461
            ],
            [
              -6.9072005704169115,
              33.923288169134146
            ],
            [
              -6.907320244456333,
              33.92361224317141
            ]
          ]
        ]
      },
      "properties": {
        "id_parcelle": "TEM-0102",
        "num_titre_foncier": null,
        "type_immatriculation": "Non immatriculé",
        "nature_juridique": "Melk",
        "superficie_m2": 25254.18,
        "commune": "Témara",
        "cercle": "Témara",
        "province": "Skhirat-Témara",
        "nature_occupation_code": "NO",
        "nature_occupation_libelle": "Constructions légères / noualas (habitat)",
        "zone_amenagement": "Zone agricole",
        "statut_foncier": "Constructible",
        "origine": "Levé initial",
        "reference_plan": "PL-TEM-20",
        "echelle_leve": "1/1000",
        "date_creation": "2018-11-25",
        "date_derniere_maj": "2026-01-15"
      }
    },
    {
      "type": "Feature",
      "geometry": {
        "type": "Polygon",
        "coordinates": [
          [
            [
              -6.905559812278915,
              33.92422110521231
            ],
            [
              -6.9064179516169615,
              33.92443853677733
            ],
            [
              -6.906635881159916,
              33.92649028812259
            ],
            [
              -6.904767111966647,
              33.926002565181975
            ],
            [
              -6.904919800357872,
              33.924811932289
            ],
            [
              -6.905559812278915,
              33.92422110521231
            ]
          ]
        ]
      },
      "properties": {
        "id_parcelle": "TEM-0103",
        "num_titre_foncier": "TF50397/S",
        "type_immatriculation": "Non immatriculé",
        "nature_juridique": "Domanial privé",
        "superficie_m2": 31365.06,
        "commune": "Témara",
        "cercle": "Témara",
        "province": "Skhirat-Témara",
        "nature_occupation_code": "HAM",
        "nature_occupation_libelle": "Sol argileux (hamri) - non bâti",
        "zone_amenagement": "Zone équipements publics",
        "statut_foncier": "Non constructible",
        "origine": "Fusion de parcelles",
        "reference_plan": "PL-TEM-15",
        "echelle_leve": "1/2000",
        "date_creation": "2017-03-01",
        "date_derniere_maj": "2026-01-15"
      }
    },
    {
      "type": "Feature",
      "geometry": {
        "type": "Polygon",
        "coordinates": [
          [
            [
              -6.904892754627137,
              33.92789343143712
            ],
            [
              -6.904722013751057,
              33.926057092395574
            ],
            [
              -6.904767111966647,
              33.926002565181975
            ],
            [
              -6.906635881159916,
              33.92649028812259
            ],
            [
              -6.906977653097709,
              33.926793631704
            ],
            [
              -6.906982531434456,
              33.92698621521052
            ],
            [
              -6.904892754627137,
              33.92789343143712
            ]
          ]
        ]
      },
      "properties": {
        "id_parcelle": "TEM-0104",
        "num_titre_foncier": "TF74159/S",
        "type_immatriculation": "En cours d'immatriculation",
        "nature_juridique": "Domanial privé",
        "superficie_m2": 25600.76,
        "commune": "Témara",
        "cercle": "Témara",
        "province": "Skhirat-Témara",
        "nature_occupation_code": "PR",
        "nature_occupation_libelle": "Bâtiments à usage professionnel",
        "zone_amenagement": "Zone équipements publics",
        "statut_foncier": "En instruction",
        "origine": "Levé initial",
        "reference_plan": "PL-TEM-06",
        "echelle_leve": "1/1000",
        "date_creation": "2016-02-03",
        "date_derniere_maj": "2026-01-15"
      }
    },
    {
      "type": "Feature",
      "geometry": {
        "type": "Polygon",
        "coordinates": [
          [
            [
              -6.907079611741083,
              33.92719591129547
            ],
            [
              -6.906901197797047,
              33.928412873320966
            ],
            [
              -6.905393389453683,
              33.92884872500101
            ],
            [
              -6.904804072252164,
              33.92823817487086
            ],
            [
              -6.904807418783395,
              33.928129134082276
            ],
            [
              -6.904892754627137,
              33.92789343143712
            ],
            [
              -6.906982531434456,
              33.92698621521052
            ],
            [
              -6.907079611741083,
              33.92719591129547
            ]
          ]
        ]
      },
      "properties": {
        "id_parcelle": "TEM-0105",
        "num_titre_foncier": "TF57884/S",
        "type_immatriculation": "Immatriculé",
        "nature_juridique": "Guich",
        "superficie_m2": 25641.63,
        "commune": "Témara",
        "cercle": "Témara",
        "province": "Skhirat-Témara",
        "nature_occupation_code": "NO",
        "nature_occupation_libelle": "Constructions légères / noualas (habitat)",
        "zone_amenagement": "Zone résidentielle",
        "statut_foncier": "Constructible",
        "origine": "Lotissement",
        "reference_plan": "PL-TEM-03",
        "echelle_leve": "1/2000",
        "date_creation": "2015-12-17",
        "date_derniere_maj": "2026-01-15"
      }
    },
    {
      "type": "Feature",
      "geometry": {
        "type": "Polygon",
        "coordinates": [
          [
            [
              -6.907379897941524,
              33.92900867707528
            ],
            [
              -6.906435048114567,
              33.93024086411751
            ],
            [
              -6.90549318133689,
              33.92959708408803
            ],
            [
              -6.905393389453683,
              33.92884872500101
            ],
            [
              -6.906901197797047,
              33.928412873320966
            ],
            [
              -6.907379897941524,
              33.92900867707528
            ]
          ]
        ]
      },
      "properties": {
        "id_parcelle": "TEM-0106",
        "num_titre_foncier": null,
        "type_immatriculation": "Non immatriculé",
        "nature_juridique": "Guich",
        "superficie_m2": 22345.68,
        "commune": "Témara",
        "cercle": "Témara",
        "province": "Skhirat-Témara",
        "nature_occupation_code": "PR",
        "nature_occupation_libelle": "Bâtiments à usage professionnel",
        "zone_amenagement": "Zone industrielle",
        "statut_foncier": "Constructible",
        "origine": "Morcellement",
        "reference_plan": "PL-TEM-20",
        "echelle_leve": "1/2000",
        "date_creation": "2021-02-07",
        "date_derniere_maj": "2026-01-15"
      }
    },
    {
      "type": "Feature",
      "geometry": {
        "type": "Polygon",
        "coordinates": [
          [
            [
              -6.904997400617107,
              33.93007312960675
            ],
            [
              -6.90549318133689,
              33.92959708408803
            ],
            [
              -6.906435048114567,
              33.93024086411751
            ],
            [
              -6.906801307501843,
              33.93120910340908
            ],
            [
              -6.904437845326856,
              33.9313303480156
            ],
            [
              -6.904357708974336,
              33.931221933331436
            ],
            [
              -6.904997400617107,
              33.93007312960675
            ]
          ]
        ]
      },
      "properties": {
        "id_parcelle": "TEM-0107",
        "num_titre_foncier": "TF74470/S",
        "type_immatriculation": "En cours d'immatriculation",
        "nature_juridique": "Domanial privé",
        "superficie_m2": 26543.7,
        "commune": "Témara",
        "cercle": "Témara",
        "province": "Skhirat-Témara",
        "nature_occupation_code": "NO",
        "nature_occupation_libelle": "Constructions légères / noualas (habitat)",
        "zone_amenagement": "Zone industrielle",
        "statut_foncier": "Constructible",
        "origine": "Fusion de parcelles",
        "reference_plan": "PL-TEM-20",
        "echelle_leve": "1/1000",
        "date_creation": "2012-06-20",
        "date_derniere_maj": "2026-01-15"
      }
    },
    {
      "type": "Feature",
      "geometry": {
        "type": "Polygon",
        "coordinates": [
          [
            [
              -6.904437845326856,
              33.9313303480156
            ],
            [
              -6.906801307501843,
              33.93120910340908
            ],
            [
              -6.907100964797263,
              33.931482173739106
            ],
            [
              -6.906908001047919,
              33.93237212981598
            ],
            [
              -6.905025000406239,
              33.93303826078352
            ],
            [
              -6.904554562304317,
              33.932263543682005
            ],
            [
              -6.904437845326856,
              33.9313303480156
            ]
          ]
        ]
      },
      "properties": {
        "id_parcelle": "TEM-0108",
        "num_titre_foncier": "TF69821/S",
        "type_immatriculation": "Immatriculé",
        "nature_juridique": "Collectif",
        "superficie_m2": 36176.73,
        "commune": "Témara",
        "cercle": "Témara",
        "province": "Skhirat-Témara",
        "nature_occupation_code": "HAM",
        "nature_occupation_libelle": "Sol argileux (hamri) - non bâti",
        "zone_amenagement": "Zone équipements publics",
        "statut_foncier": "Constructible",
        "origine": "Fusion de parcelles",
        "reference_plan": "PL-TEM-20",
        "echelle_leve": "1/2000",
        "date_creation": "2013-06-12",
        "date_derniere_maj": "2026-01-15"
      }
    },
    {
      "type": "Feature",
      "geometry": {
        "type": "Polygon",
        "coordinates": [
          [
            [
              -6.907210025848428,
              33.93296871381353
            ],
            [
              -6.906883117337256,
              33.93396608163025
            ],
            [
              -6.906485087567999,
              33.93443606874452
            ],
            [
              -6.904858148337226,
              33.934218324678106
            ],
            [
              -6.90479470052784,
              33.93406137690088
            ],
            [
              -6.905025000406239,
              33.93303826078352
            ],
            [
              -6.906908001047919,
              33.93237212981598
            ],
            [
              -6.907210025848428,
              33.93296871381353
            ]
          ]
        ]
      },
      "properties": {
        "id_parcelle": "TEM-0109",
        "num_titre_foncier": "TF62883/S",
        "type_immatriculation": "Immatriculé",
        "nature_juridique": "Collectif",
        "superficie_m2": 34861.53,
        "commune": "Témara",
        "cercle": "Témara",
        "province": "Skhirat-Témara",
        "nature_occupation_code": "PR",
        "nature_occupation_libelle": "Bâtiments à usage professionnel",
        "zone_amenagement": "Zone agricole",
        "statut_foncier": "Non constructible",
        "origine": "Lotissement",
        "reference_plan": "PL-TEM-09",
        "echelle_leve": "1/500",
        "date_creation": "2022-09-02",
        "date_derniere_maj": "2026-01-15"
      }
    },
    {
      "type": "Feature",
      "geometry": {
        "type": "Polygon",
        "coordinates": [
          [
            [
              -6.906783438903645,
              33.93514517497999
            ],
            [
              -6.906006636914562,
              33.93616394354081
            ],
            [
              -6.905271118172003,
              33.93608454036558
            ],
            [
              -6.904810905171357,
              33.93444133981063
            ],
            [
              -6.904858148337226,
              33.934218324678106
            ],
            [
              -6.906485087567999,
              33.93443606874452
            ],
            [
              -6.906783438903645,
              33.93514517497999
            ]
          ]
        ]
      },
      "properties": {
        "id_parcelle": "TEM-0110",
        "num_titre_foncier": "TF69380/S",
        "type_immatriculation": "Non immatriculé",
        "nature_juridique": "Habous",
        "superficie_m2": 27197.48,
        "commune": "Témara",
        "cercle": "Témara",
        "province": "Skhirat-Témara",
        "nature_occupation_code": "HAM",
        "nature_occupation_libelle": "Sol argileux (hamri) - non bâti",
        "zone_amenagement": "Zone résidentielle",
        "statut_foncier": "Non constructible",
        "origine": "Levé initial",
        "reference_plan": "PL-TEM-24",
        "echelle_leve": "1/1000",
        "date_creation": "2014-07-12",
        "date_derniere_maj": "2026-01-15"
      }
    },
    {
      "type": "Feature",
      "geometry": {
        "type": "Polygon",
        "coordinates": [
          [
            [
              -6.905271118172003,
              33.93608454036558
            ],
            [
              -6.906006636914562,
              33.93616394354081
            ],
            [
              -6.906764559704985,
              33.93695396779038
            ],
            [
              -6.905113910957678,
              33.93767739444618
            ],
            [
              -6.904767242423463,
              33.93663162386856
            ],
            [
              -6.905271118172003,
              33.93608454036558
            ]
          ]
        ]
      },
      "properties": {
        "id_parcelle": "TEM-0111",
        "num_titre_foncier": null,
        "type_immatriculation": "En cours d'immatriculation",
        "nature_juridique": "Melk",
        "superficie_m2": 19294.52,
        "commune": "Témara",
        "cercle": "Témara",
        "province": "Skhirat-Témara",
        "nature_occupation_code": "AGR",
        "nature_occupation_libelle": "Usage agricole",
        "zone_amenagement": "Zone équipements publics",
        "statut_foncier": "Constructible",
        "origine": "Lotissement",
        "reference_plan": "PL-TEM-20",
        "echelle_leve": "1/2000",
        "date_creation": "2010-05-27",
        "date_derniere_maj": "2026-01-15"
      }
    },
    {
      "type": "Feature",
      "geometry": {
        "type": "Polygon",
        "coordinates": [
          [
            [
              -6.905113910957678,
              33.93767739444618
            ],
            [
              -6.906764559704985,
              33.93695396779038
            ],
            [
              -6.907527549887104,
              33.93740659407566
            ],
            [
              -6.907554742319815,
              33.93751100310934
            ],
            [
              -6.907482589792185,
              33.9377
            ],
            [
              -6.905113895879353,
              33.9377
            ],
            [
              -6.905113910957678,
              33.93767739444618
            ]
          ]
        ]
      },
      "properties": {
        "id_parcelle": "TEM-0112",
        "num_titre_foncier": "TF93786/S",
        "type_immatriculation": "Non immatriculé",
        "nature_juridique": "Collectif",
        "superficie_m2": 10597.38,
        "commune": "Témara",
        "cercle": "Témara",
        "province": "Skhirat-Témara",
        "nature_occupation_code": "AGR",
        "nature_occupation_libelle": "Usage agricole",
        "zone_amenagement": "Zone résidentielle",
        "statut_foncier": "En instruction",
        "origine": "Morcellement",
        "reference_plan": "PL-TEM-08",
        "echelle_leve": "1/500",
        "date_creation": "2014-10-21",
        "date_derniere_maj": "2026-01-15"
      }
    },
    {
      "type": "Feature",
      "geometry": {
        "type": "Polygon",
        "coordinates": [
          [
            [
              -6.905785099446552,
              33.920116313799575
            ],
            [
              -6.9046546256311085,
              33.92059020112199
            ],
            [
              -6.903676492729416,
              33.9197
            ],
            [
              -6.905838047992654,
              33.9197
            ],
            [
              -6.905785099446552,
              33.920116313799575
            ]
          ]
        ]
      },
      "properties": {
        "id_parcelle": "TEM-0113",
        "num_titre_foncier": "TF57723/S",
        "type_immatriculation": "Immatriculé",
        "nature_juridique": "Domanial privé",
        "superficie_m2": 12183.13,
        "commune": "Témara",
        "cercle": "Témara",
        "province": "Skhirat-Témara",
        "nature_occupation_code": "NU",
        "nature_occupation_libelle": "Terrain nu",
        "zone_amenagement": "Zone équipements publics",
        "statut_foncier": "Constructible",
        "origine": "Morcellement",
        "reference_plan": "PL-TEM-01",
        "echelle_leve": "1/500",
        "date_creation": "2010-10-12",
        "date_derniere_maj": "2026-01-15"
      }
    },
    {
      "type": "Feature",
      "geometry": {
        "type": "Polygon",
        "coordinates": [
          [
            [
              -6.9046546256311085,
              33.92059020112199
            ],
            [
              -6.90436988394521,
              33.92169654050465
            ],
            [
              -6.903770116891581,
              33.921814923567965
            ],
            [
              -6.903250426135863,
              33.92138131016261
            ],
            [
              -6.90288482138143,
              33.920742197625536
            ],
            [
              -6.903617613597246,
              33.9197
            ],
            [
              -6.903676492729416,
              33.9197
            ],
            [
              -6.9046546256311085,
              33.92059020112199
            ]
          ]
        ]
      },
      "properties": {
        "id_parcelle": "TEM-0114",
        "num_titre_foncier": null,
        "type_immatriculation": "En cours d'immatriculation",
        "nature_juridique": "Habous",
        "superficie_m2": 23762.3,
        "commune": "Témara",
        "cercle": "Témara",
        "province": "Skhirat-Témara",
        "nature_occupation_code": "HAM",
        "nature_occupation_libelle": "Sol argileux (hamri) - non bâti",
        "zone_amenagement": "Zone industrielle",
        "statut_foncier": "Non constructible",
        "origine": "Fusion de parcelles",
        "reference_plan": "PL-TEM-19",
        "echelle_leve": "1/500",
        "date_creation": "2013-06-20",
        "date_derniere_maj": "2026-01-15"
      }
    },
    {
      "type": "Feature",
      "geometry": {
        "type": "Polygon",
        "coordinates": [
          [
            [
              -6.903770116891581,
              33.921814923567965
            ],
            [
              -6.90436988394521,
              33.92169654050465
            ],
            [
              -6.905503326191091,
              33.922489514502864
            ],
            [
              -6.905498275015279,
              33.92258761243461
            ],
            [
              -6.905394606529817,
              33.923145611534494
            ],
            [
              -6.903173117219962,
              33.92325963214207
            ],
            [
              -6.903074160698587,
              33.92313379536362
            ],
            [
              -6.903770116891581,
              33.921814923567965
            ]
          ]
        ]
      },
      "properties": {
        "id_parcelle": "TEM-0115",
        "num_titre_foncier": "TF11849/S",
        "type_immatriculation": "Immatriculé",
        "nature_juridique": "Domanial privé",
        "superficie_m2": 26667.05,
        "commune": "Témara",
        "cercle": "Témara",
        "province": "Skhirat-Témara",
        "nature_occupation_code": "NU",
        "nature_occupation_libelle": "Terrain nu",
        "zone_amenagement": "Zone équipements publics",
        "statut_foncier": "Constructible",
        "origine": "Morcellement",
        "reference_plan": "PL-TEM-21",
        "echelle_leve": "1/500",
        "date_creation": "2023-11-26",
        "date_derniere_maj": "2026-01-15"
      }
    },
    {
      "type": "Feature",
      "geometry": {
        "type": "Polygon",
        "coordinates": [
          [
            [
              -6.905394606529817,
              33.923145611534494
            ],
            [
              -6.905559812278915,
              33.92422110521231
            ],
            [
              -6.904919800357872,
              33.924811932289
            ],
            [
              -6.903475764159585,
              33.92428623814402
            ],
            [
              -6.903173117219962,
              33.92325963214207
            ],
            [
              -6.905394606529817,
              33.923145611534494
            ]
          ]
        ]
      },
      "properties": {
        "id_parcelle": "TEM-0116",
        "num_titre_foncier": "TF44634/S",
        "type_immatriculation": "Immatriculé",
        "nature_juridique": "Melk",
        "superficie_m2": 29596.55,
        "commune": "Témara",
        "cercle": "Témara",
        "province": "Skhirat-Témara",
        "nature_occupation_code": "HAM",
        "nature_occupation_libelle": "Sol argileux (hamri) - non bâti",
        "zone_amenagement": "Zone agricole",
        "statut_foncier": "En instruction",
        "origine": "Levé initial",
        "reference_plan": "PL-TEM-20",
        "echelle_leve": "1/2000",
        "date_creation": "2021-08-08",
        "date_derniere_maj": "2026-01-15"
      }
    },
    {
      "type": "Feature",
      "geometry": {
        "type": "Polygon",
        "coordinates": [
          [
            [
              -6.903475764159585,
              33.92428623814402
            ],
            [
              -6.904919800357872,
              33.924811932289
            ],
            [
              -6.904767111966647,
              33.926002565181975
            ],
            [
              -6.904722013751057,
              33.926057092395574
            ],
            [
              -6.904289167811619,
              33.92613056418411
            ],
            [
              -6.902793598108781,
              33.925946305911744
            ],
            [
              -6.902647949218403,
              33.92511484033182
            ],
            [
              -6.903475764159585,
              33.92428623814402
            ]
          ]
        ]
      },
      "properties": {
        "id_parcelle": "TEM-0117",
        "num_titre_foncier": "TF15767/S",
        "type_immatriculation": "Immatriculé",
        "nature_juridique": "Habous",
        "superficie_m2": 31992.44,
        "commune": "Témara",
        "cercle": "Témara",
        "province": "Skhirat-Témara",
        "nature_occupation_code": "NO",
        "nature_occupation_libelle": "Constructions légères / noualas (habitat)",
        "zone_amenagement": "Zone résidentielle",
        "statut_foncier": "Non constructible",
        "origine": "Lotissement",
        "reference_plan": "PL-TEM-08",
        "echelle_leve": "1/500",
        "date_creation": "2010-02-01",
        "date_derniere_maj": "2026-01-15"
      }
    },
    {
      "type": "Feature",
      "geometry": {
        "type": "Polygon",
        "coordinates": [
          [
            [
              -6.904807418783395,
              33.928129134082276
            ],
            [
              -6.903439941532438,
              33.92732607078261
            ],
            [
              -6.904289167811619,
              33.92613056418411
            ],
            [
              -6.904722013751057,
              33.926057092395574
            ],
            [
              -6.904892754627137,
              33.92789343143712
            ],
            [
              -6.904807418783395,
              33.928129134082276
            ]
          ]
        ]
      },
      "properties": {
        "id_parcelle": "TEM-0118",
        "num_titre_foncier": "TF35855/S",
        "type_immatriculation": "Immatriculé",
        "nature_juridique": "Guich",
        "superficie_m2": 17566.62,
        "commune": "Témara",
        "cercle": "Témara",
        "province": "Skhirat-Témara",
        "nature_occupation_code": "AGR",
        "nature_occupation_libelle": "Usage agricole",
        "zone_amenagement": "Zone industrielle",
        "statut_foncier": "En instruction",
        "origine": "Levé initial",
        "reference_plan": "PL-TEM-20",
        "echelle_leve": "1/500",
        "date_creation": "2018-05-03",
        "date_derniere_maj": "2026-01-15"
      }
    },
    {
      "type": "Feature",
      "geometry": {
        "type": "Polygon",
        "coordinates": [
          [
            [
              -6.903439941532438,
              33.92732607078261
            ],
            [
              -6.904807418783395,
              33.928129134082276
            ],
            [
              -6.904804072252164,
              33.92823817487086
            ],
            [
              -6.9035976825303145,
              33.92890246428103
            ],
            [
              -6.902650190723035,
              33.92846336387059
            ],
            [
              -6.902545409420891,
              33.92740329087051
            ],
            [
              -6.903439941532438,
              33.92732607078261
            ]
          ]
        ]
      },
      "properties": {
        "id_parcelle": "TEM-0119",
        "num_titre_foncier": "TF72642/S",
        "type_immatriculation": "Non immatriculé",
        "nature_juridique": "Habous",
        "superficie_m2": 23335.61,
        "commune": "Témara",
        "cercle": "Témara",
        "province": "Skhirat-Témara",
        "nature_occupation_code": "HAM",
        "nature_occupation_libelle": "Sol argileux (hamri) - non bâti",
        "zone_amenagement": "Zone résidentielle",
        "statut_foncier": "Non constructible",
        "origine": "Levé initial",
        "reference_plan": "PL-TEM-24",
        "echelle_leve": "1/1000",
        "date_creation": "2011-12-21",
        "date_derniere_maj": "2026-01-15"
      }
    },
    {
      "type": "Feature",
      "geometry": {
        "type": "Polygon",
        "coordinates": [
          [
            [
              -6.9035976825303145,
              33.92890246428103
            ],
            [
              -6.904804072252164,
              33.92823817487086
            ],
            [
              -6.905393389453683,
              33.92884872500101
            ],
            [
              -6.90549318133689,
              33.92959708408803
            ],
            [
              -6.904997400617107,
              33.93007312960675
            ],
            [
              -6.903600447873183,
              33.92932220278818
            ],
            [
              -6.9035976825303145,
              33.92890246428103
            ]
          ]
        ]
      },
      "properties": {
        "id_parcelle": "TEM-0120",
        "num_titre_foncier": "TF23799/S",
        "type_immatriculation": "En cours d'immatriculation",
        "nature_juridique": "Domanial privé",
        "superficie_m2": 22149.0,
        "commune": "Témara",
        "cercle": "Témara",
        "province": "Skhirat-Témara",
        "nature_occupation_code": "NU",
        "nature_occupation_libelle": "Terrain nu",
        "zone_amenagement": "Zone résidentielle",
        "statut_foncier": "Constructible",
        "origine": "Fusion de parcelles",
        "reference_plan": "PL-TEM-24",
        "echelle_leve": "1/2000",
        "date_creation": "2023-05-23",
        "date_derniere_maj": "2026-01-15"
      }
    },
    {
      "type": "Feature",
      "geometry": {
        "type": "Polygon",
        "coordinates": [
          [
            [
              -6.904997400617107,
              33.93007312960675
            ],
            [
              -6.904357708974336,
              33.931221933331436
            ],
            [
              -6.903938836153642,
              33.93107764010173
            ],
            [
              -6.903342497894868,
              33.93030070005139
            ],
            [
              -6.903600447873183,
              33.92932220278818
            ],
            [
              -6.904997400617107,
              33.93007312960675
            ]
          ]
        ]
      },
      "properties": {
        "id_parcelle": "TEM-0121",
        "num_titre_foncier": "TF82586/S",
        "type_immatriculation": "Non immatriculé",
        "nature_juridique": "Guich",
        "superficie_m2": 18279.59,
        "commune": "Témara",
        "cercle": "Témara",
        "province": "Skhirat-Témara",
        "nature_occupation_code": "PR",
        "nature_occupation_libelle": "Bâtiments à usage professionnel",
        "zone_amenagement": "Zone agricole",
        "statut_foncier": "Non constructible",
        "origine": "Lotissement",
        "reference_plan": "PL-TEM-03",
        "echelle_leve": "1/2000",
        "date_creation": "2010-03-09",
        "date_derniere_maj": "2026-01-15"
      }
    },
    {
      "type": "Feature",
      "geometry": {
        "type": "Polygon",
        "coordinates": [
          [
            [
              -6.902621879414161,
              33.931928127325925
            ],
            [
              -6.903938836153642,
              33.93107764010173
            ],
            [
              -6.904357708974336,
              33.931221933331436
            ],
            [
              -6.904437845326856,
              33.9313303480156
            ],
            [
              -6.904554562304317,
              33.932263543682005
            ],
            [
              -6.903142739944465,
              33.932757031366
            ],
            [
              -6.902621879414161,
              33.931928127325925
            ]
          ]
        ]
      },
      "properties": {
        "id_parcelle": "TEM-0122",
        "num_titre_foncier": "TF36578/S",
        "type_immatriculation": "Immatriculé",
        "nature_juridique": "Collectif",
        "superficie_m2": 20475.81,
        "commune": "Témara",
        "cercle": "Témara",
        "province": "Skhirat-Témara",
        "nature_occupation_code": "NO",
        "nature_occupation_libelle": "Constructions légères / noualas (habitat)",
        "zone_amenagement": "Zone industrielle",
        "statut_foncier": "Non constructible",
        "origine": "Fusion de parcelles",
        "reference_plan": "PL-TEM-20",
        "echelle_leve": "1/500",
        "date_creation": "2016-11-23",
        "date_derniere_maj": "2026-01-15"
      }
    },
    {
      "type": "Feature",
      "geometry": {
        "type": "Polygon",
        "coordinates": [
          [
            [
              -6.904554562304317,
              33.932263543682005
            ],
            [
              -6.905025000406239,
              33.93303826078352
            ],
            [
              -6.90479470052784,
              33.93406137690088
            ],
            [
              -6.903055944493377,
              33.93374110229012
            ],
            [
              -6.903018276976161,
              33.933449919531476
            ],
            [
              -6.903142739944465,
              33.932757031366
            ],
            [
              -6.904554562304317,
              33.932263543682005
            ]
          ]
        ]
      },
      "properties": {
        "id_parcelle": "TEM-0123",
        "num_titre_foncier": "TF79549/S",
        "type_immatriculation": "Non immatriculé",
        "nature_juridique": "Melk",
        "superficie_m2": 26310.29,
        "commune": "Témara",
        "cercle": "Témara",
        "province": "Skhirat-Témara",
        "nature_occupation_code": "AGR",
        "nature_occupation_libelle": "Usage agricole",
        "zone_amenagement": "Zone résidentielle",
        "statut_foncier": "Non constructible",
        "origine": "Lotissement",
        "reference_plan": "PL-TEM-19",
        "echelle_leve": "1/1000",
        "date_creation": "2022-04-13",
        "date_derniere_maj": "2026-01-15"
      }
    },
    {
      "type": "Feature",
      "geometry": {
        "type": "Polygon",
        "coordinates": [
          [
            [
              -6.902431043696621,
              33.93428511650459
            ],
            [
              -6.903055944493377,
              33.93374110229012
            ],
            [
              -6.90479470052784,
              33.93406137690088
            ],
            [
              -6.904858148337226,
              33.934218324678106
            ],
            [
              -6.904810905171357,
              33.93444133981063
            ],
            [
              -6.903383243281202,
              33.93551728487591
            ],
            [
              -6.902957588256576,
              33.9353213109993
            ],
            [
              -6.9024401795863675,
              33.934328361751945
            ],
            [
              -6.902431043696621,
              33.93428511650459
            ]
          ]
        ]
      },
      "properties": {
        "id_parcelle": "TEM-0124",
        "num_titre_foncier": "TF84082/S",
        "type_immatriculation": "Immatriculé",
        "nature_juridique": "Domanial privé",
        "superficie_m2": 26754.97,
        "commune": "Témara",
        "cercle": "Témara",
        "province": "Skhirat-Témara",
        "nature_occupation_code": "AGR",
        "nature_occupation_libelle": "Usage agricole",
        "zone_amenagement": "Zone résidentielle",
        "statut_foncier": "Constructible",
        "origine": "Morcellement",
        "reference_plan": "PL-TEM-04",
        "echelle_leve": "1/2000",
        "date_creation": "2012-06-05",
        "date_derniere_maj": "2026-01-15"
      }
    },
    {
      "type": "Feature",
      "geometry": {
        "type": "Polygon",
        "coordinates": [
          [
            [
              -6.9037286583107935,
              33.93664933635191
            ],
            [
              -6.903383243281202,
              33.93551728487591
            ],
            [
              -6.904810905171357,
              33.93444133981063
            ],
            [
              -6.905271118172003,
              33.93608454036558
            ],
            [
              -6.904767242423463,
              33.93663162386856
            ],
            [
              -6.9037286583107935,
              33.93664933635191
            ]
          ]
        ]
      },
      "properties": {
        "id_parcelle": "TEM-0125",
        "num_titre_foncier": null,
        "type_immatriculation": "Immatriculé",
        "nature_juridique": "Melk",
        "superficie_m2": 27461.61,
        "commune": "Témara",
        "cercle": "Témara",
        "province": "Skhirat-Témara",
        "nature_occupation_code": "PR",
        "nature_occupation_libelle": "Bâtiments à usage professionnel",
        "zone_amenagement": "Zone résidentielle",
        "statut_foncier": "En instruction",
        "origine": "Morcellement",
        "reference_plan": "PL-TEM-03",
        "echelle_leve": "1/2000",
        "date_creation": "2022-06-07",
        "date_derniere_maj": "2026-01-15"
      }
    },
    {
      "type": "Feature",
      "geometry": {
        "type": "Polygon",
        "coordinates": [
          [
            [
              -6.905113910957678,
              33.93767739444618
            ],
            [
              -6.905113895879353,
              33.9377
            ],
            [
              -6.903845520387989,
              33.9377
            ],
            [
              -6.903265152772918,
              33.93711242277144
            ],
            [
              -6.9037286583107935,
              33.93664933635191
            ],
            [
              -6.904767242423463,
              33.93663162386856
            ],
            [
              -6.905113910957678,
              33.93767739444618
            ]
          ]
        ]
      },
      "properties": {
        "id_parcelle": "TEM-0126",
        "num_titre_foncier": "TF18643/S",
        "type_immatriculation": "Non immatriculé",
        "nature_juridique": "Guich",
        "superficie_m2": 15409.54,
        "commune": "Témara",
        "cercle": "Témara",
        "province": "Skhirat-Témara",
        "nature_occupation_code": "AGR",
        "nature_occupation_libelle": "Usage agricole",
        "zone_amenagement": "Zone résidentielle",
        "statut_foncier": "Constructible",
        "origine": "Lotissement",
        "reference_plan": "PL-TEM-07",
        "echelle_leve": "1/500",
        "date_creation": "2010-01-28",
        "date_derniere_maj": "2026-01-15"
      }
    },
    {
      "type": "Feature",
      "geometry": {
        "type": "Polygon",
        "coordinates": [
          [
            [
              -6.902519063038899,
              33.92071180637537
            ],
            [
              -6.9014054915659635,
              33.9198702646691
            ],
            [
              -6.901538878063647,
              33.9197
            ],
            [
              -6.903617613597246,
              33.9197
            ],
            [
              -6.90288482138143,
              33.920742197625536
            ],
            [
              -6.902519063038899,
              33.92071180637537
            ]
          ]
        ]
      },
      "properties": {
        "id_parcelle": "TEM-0127",
        "num_titre_foncier": "TF92776/S",
        "type_immatriculation": "Non immatriculé",
        "nature_juridique": "Collectif",
        "superficie_m2": 14439.21,
        "commune": "Témara",
        "cercle": "Témara",
        "province": "Skhirat-Témara",
        "nature_occupation_code": "PR",
        "nature_occupation_libelle": "Bâtiments à usage professionnel",
        "zone_amenagement": "Zone équipements publics",
        "statut_foncier": "Constructible",
        "origine": "Lotissement",
        "reference_plan": "PL-TEM-04",
        "echelle_leve": "1/2000",
        "date_creation": "2013-05-11",
        "date_derniere_maj": "2026-01-15"
      }
    },
    {
      "type": "Feature",
      "geometry": {
        "type": "Polygon",
        "coordinates": [
          [
            [
              -6.9015668178383,
              33.92236538542647
            ],
            [
              -6.901442872158217,
              33.92208099728451
            ],
            [
              -6.902519063038899,
              33.92071180637537
            ],
            [
              -6.90288482138143,
              33.920742197625536
            ],
            [
              -6.903250426135863,
              33.92138131016261
            ],
            [
              -6.9015668178383,
              33.92236538542647
            ]
          ]
        ]
      },
      "properties": {
        "id_parcelle": "TEM-0128",
        "num_titre_foncier": "TF12741/S",
        "type_immatriculation": "En cours d'immatriculation",
        "nature_juridique": "Collectif",
        "superficie_m2": 13085.65,
        "commune": "Témara",
        "cercle": "Témara",
        "province": "Skhirat-Témara",
        "nature_occupation_code": "HAM",
        "nature_occupation_libelle": "Sol argileux (hamri) - non bâti",
        "zone_amenagement": "Zone agricole",
        "statut_foncier": "Constructible",
        "origine": "Fusion de parcelles",
        "reference_plan": "PL-TEM-11",
        "echelle_leve": "1/2000",
        "date_creation": "2018-08-28",
        "date_derniere_maj": "2026-01-15"
      }
    },
    {
      "type": "Feature",
      "geometry": {
        "type": "Polygon",
        "coordinates": [
          [
            [
              -6.901800968897506,
              33.92298516010923
            ],
            [
              -6.901622935741132,
              33.922691008800214
            ],
            [
              -6.9015668178383,
              33.92236538542647
            ],
            [
              -6.903250426135863,
              33.92138131016261
            ],
            [
              -6.903770116891581,
              33.921814923567965
            ],
            [
              -6.903074160698587,
              33.92313379536362
            ],
            [
              -6.901800968897506,
              33.92298516010923
            ]
          ]
        ]
      },
      "properties": {
        "id_parcelle": "TEM-0129",
        "num_titre_foncier": "TF14060/S",
        "type_immatriculation": "En cours d'immatriculation",
        "nature_juridique": "Melk",
        "superficie_m2": 23443.21,
        "commune": "Témara",
        "cercle": "Témara",
        "province": "Skhirat-Témara",
        "nature_occupation_code": "HAM",
        "nature_occupation_libelle": "Sol argileux (hamri) - non bâti",
        "zone_amenagement": "Zone équipements publics",
        "statut_foncier": "En instruction",
        "origine": "Morcellement",
        "reference_plan": "PL-TEM-12",
        "echelle_leve": "1/1000",
        "date_creation": "2021-01-18",
        "date_derniere_maj": "2026-01-15"
      }
    },
    {
      "type": "Feature",
      "geometry": {
        "type": "Polygon",
        "coordinates": [
          [
            [
              -6.901239829042021,
              33.924399682388994
            ],
            [
              -6.901800968897506,
              33.92298516010923
            ],
            [
              -6.903074160698587,
              33.92313379536362
            ],
            [
              -6.903173117219962,
              33.92325963214207
            ],
            [
              -6.903475764159585,
              33.92428623814402
            ],
            [
              -6.902647949218403,
              33.92511484033182
            ],
            [
              -6.901525532250059,
              33.92458344522841
            ],
            [
              -6.901239829042021,
              33.924399682388994
            ]
          ]
        ]
      },
      "properties": {
        "id_parcelle": "TEM-0130",
        "num_titre_foncier": "TF21913/S",
        "type_immatriculation": "Non immatriculé",
        "nature_juridique": "Collectif",
        "superficie_m2": 32817.81,
        "commune": "Témara",
        "cercle": "Témara",
        "province": "Skhirat-Témara",
        "nature_occupation_code": "AGR",
        "nature_occupation_libelle": "Usage agricole",
        "zone_amenagement": "Zone industrielle",
        "statut_foncier": "Non constructible",
        "origine": "Morcellement",
        "reference_plan": "PL-TEM-17",
        "echelle_leve": "1/500",
        "date_creation": "2014-01-01",
        "date_derniere_maj": "2026-01-15"
      }
    },
    {
      "type": "Feature",
      "geometry": {
        "type": "Polygon",
        "coordinates": [
          [
            [
              -6.901525532250059,
              33.92458344522841
            ],
            [
              -6.902647949218403,
              33.92511484033182
            ],
            [
              -6.902793598108781,
              33.925946305911744
            ],
            [
              -6.9021514989843125,
              33.92684108710364
            ],
            [
              -6.901793600530246,
              33.926823619807685
            ],
            [
              -6.901525532250059,
              33.92458344522841
            ]
          ]
        ]
      },
      "properties": {
        "id_parcelle": "TEM-0131",
        "num_titre_foncier": "TF74419/S",
        "type_immatriculation": "Non immatriculé",
        "nature_juridique": "Domanial privé",
        "superficie_m2": 18830.04,
        "commune": "Témara",
        "cercle": "Témara",
        "province": "Skhirat-Témara",
        "nature_occupation_code": "HAM",
        "nature_occupation_libelle": "Sol argileux (hamri) - non bâti",
        "zone_amenagement": "Zone équipements publics",
        "statut_foncier": "En instruction",
        "origine": "Fusion de parcelles",
        "reference_plan": "PL-TEM-17",
        "echelle_leve": "1/1000",
        "date_creation": "2019-03-10",
        "date_derniere_maj": "2026-01-15"
      }
    },
    {
      "type": "Feature",
      "geometry": {
        "type": "Polygon",
        "coordinates": [
          [
            [
              -6.902793598108781,
              33.925946305911744
            ],
            [
              -6.904289167811619,
              33.92613056418411
            ],
            [
              -6.903439941532438,
              33.92732607078261
            ],
            [
              -6.902545409420891,
              33.92740329087051
            ],
            [
              -6.9021514989843125,
              33.92684108710364
            ],
            [
              -6.902793598108781,
              33.925946305911744
            ]
          ]
        ]
      },
      "properties": {
        "id_parcelle": "TEM-0132",
        "num_titre_foncier": "TF40346/S",
        "type_immatriculation": "En cours d'immatriculation",
        "nature_juridique": "Domanial privé",
        "superficie_m2": 20266.4,
        "commune": "Témara",
        "cercle": "Témara",
        "province": "Skhirat-Témara",
        "nature_occupation_code": "NO",
        "nature_occupation_libelle": "Constructions légères / noualas (habitat)",
        "zone_amenagement": "Zone résidentielle",
        "statut_foncier": "En instruction",
        "origine": "Morcellement",
        "reference_plan": "PL-TEM-16",
        "echelle_leve": "1/2000",
        "date_creation": "2018-02-21",
        "date_derniere_maj": "2026-01-15"
      }
    },
    {
      "type": "Feature",
      "geometry": {
        "type": "Polygon",
        "coordinates": [
          [
            [
              -6.90073504307547,
              33.92872717892965
            ],
            [
              -6.900659621545156,
              33.92853911187193
            ],
            [
              -6.900983953792692,
              33.92740567561178
            ],
            [
              -6.901691981813718,
              33.92683003139151
            ],
            [
              -6.901793600530246,
              33.926823619807685
            ],
            [
              -6.9021514989843125,
              33.92684108710364
            ],
            [
              -6.902545409420891,
              33.92740329087051
            ],
            [
              -6.902650190723035,
              33.92846336387059
            ],
            [
              -6.901771317913418,
              33.929102152996336
            ],
            [
              -6.90073504307547,
              33.92872717892965
            ]
          ]
        ]
      },
      "properties": {
        "id_parcelle": "TEM-0133",
        "num_titre_foncier": "TF62595/S",
        "type_immatriculation": "En cours d'immatriculation",
        "nature_juridique": "Melk",
        "superficie_m2": 32974.51,
        "commune": "Témara",
        "cercle": "Témara",
        "province": "Skhirat-Témara",
        "nature_occupation_code": "HAM",
        "nature_occupation_libelle": "Sol argileux (hamri) - non bâti",
        "zone_amenagement": "Zone équipements publics",
        "statut_foncier": "En instruction",
        "origine": "Morcellement",
        "reference_plan": "PL-TEM-12",
        "echelle_leve": "1/500",
        "date_creation": "2014-05-14",
        "date_derniere_maj": "2026-01-15"
      }
    },
    {
      "type": "Feature",
      "geometry": {
        "type": "Polygon",
        "coordinates": [
          [
            [
              -6.901771317913418,
              33.929102152996336
            ],
            [
              -6.902650190723035,
              33.92846336387059
            ],
            [
              -6.9035976825303145,
              33.92890246428103
            ],
            [
              -6.903600447873183,
              33.92932220278818
            ],
            [
              -6.903342497894868,
              33.93030070005139
            ],
            [
              -6.901991848753015,
              33.93029449759174
            ],
            [
              -6.901771317913418,
              33.929102152996336
            ]
          ]
        ]
      },
      "properties": {
        "id_parcelle": "TEM-0134",
        "num_titre_foncier": "TF59716/S",
        "type_immatriculation": "Non immatriculé",
        "nature_juridique": "Domanial privé",
        "superficie_m2": 26805.3,
        "commune": "Témara",
        "cercle": "Témara",
        "province": "Skhirat-Témara",
        "nature_occupation_code": "AGR",
        "nature_occupation_libelle": "Usage agricole",
        "zone_amenagement": "Zone équipements publics",
        "statut_foncier": "Constructible",
        "origine": "Morcellement",
        "reference_plan": "PL-TEM-12",
        "echelle_leve": "1/2000",
        "date_creation": "2015-09-05",
        "date_derniere_maj": "2026-01-15"
      }
    },
    {
      "type": "Feature",
      "geometry": {
        "type": "Polygon",
        "coordinates": [
          [
            [
              -6.901991848753015,
              33.93029449759174
            ],
            [
              -6.903342497894868,
              33.93030070005139
            ],
            [
              -6.903938836153642,
              33.93107764010173
            ],
            [
              -6.902621879414161,
              33.931928127325925
            ],
            [
              -6.901372468985612,
              33.931732702342316
            ],
            [
              -6.901261337292498,
              33.931343441336914
            ],
            [
              -6.901991848753015,
              33.93029449759174
            ]
          ]
        ]
      },
      "properties": {
        "id_parcelle": "TEM-0135",
        "num_titre_foncier": "TF52380/S",
        "type_immatriculation": "Immatriculé",
        "nature_juridique": "Guich",
        "superficie_m2": 31112.85,
        "commune": "Témara",
        "cercle": "Témara",
        "province": "Skhirat-Témara",
        "nature_occupation_code": "NU",
        "nature_occupation_libelle": "Terrain nu",
        "zone_amenagement": "Zone équipements publics",
        "statut_foncier": "En instruction",
        "origine": "Fusion de parcelles",
        "reference_plan": "PL-TEM-19",
        "echelle_leve": "1/500",
        "date_creation": "2012-06-15",
        "date_derniere_maj": "2026-01-15"
      }
    },
    {
      "type": "Feature",
      "geometry": {
        "type": "Polygon",
        "coordinates": [
          [
            [
              -6.903018276976161,
              33.933449919531476
            ],
            [
              -6.90124965019834,
              33.93229596327944
            ],
            [
              -6.901258947523755,
              33.93206432270709
            ],
            [
              -6.901372468985612,
              33.931732702342316
            ],
            [
              -6.902621879414161,
              33.931928127325925
            ],
            [
              -6.903142739944465,
              33.932757031366
            ],
            [
              -6.903018276976161,
              33.933449919531476
            ]
          ]
        ]
      },
      "properties": {
        "id_parcelle": "TEM-0136",
        "num_titre_foncier": "TF45059/S",
        "type_immatriculation": "En cours d'immatriculation",
        "nature_juridique": "Habous",
        "superficie_m2": 17732.02,
        "commune": "Témara",
        "cercle": "Témara",
        "province": "Skhirat-Témara",
        "nature_occupation_code": "NO",
        "nature_occupation_libelle": "Constructions légères / noualas (habitat)",
        "zone_amenagement": "Zone industrielle",
        "statut_foncier": "En instruction",
        "origine": "Lotissement",
        "reference_plan": "PL-TEM-08",
        "echelle_leve": "1/2000",
        "date_creation": "2015-10-17",
        "date_derniere_maj": "2026-01-15"
      }
    },
    {
      "type": "Feature",
      "geometry": {
        "type": "Polygon",
        "coordinates": [
          [
            [
              -6.903055944493377,
              33.93374110229012
            ],
            [
              -6.902431043696621,
              33.93428511650459
            ],
            [
              -6.9014976569494815,
              33.93400708885484
            ],
            [
              -6.901239367776806,
              33.93233862848375
            ],
            [
              -6.90124965019834,
              33.93229596327944
            ],
            [
              -6.903018276976161,
              33.933449919531476
            ],
            [
              -6.903055944493377,
              33.93374110229012
            ]
          ]
        ]
      },
      "properties": {
        "id_parcelle": "TEM-0137",
        "num_titre_foncier": "TF53001/S",
        "type_immatriculation": "Immatriculé",
        "nature_juridique": "Collectif",
        "superficie_m2": 20120.2,
        "commune": "Témara",
        "cercle": "Témara",
        "province": "Skhirat-Témara",
        "nature_occupation_code": "HAM",
        "nature_occupation_libelle": "Sol argileux (hamri) - non bâti",
        "zone_amenagement": "Zone résidentielle",
        "statut_foncier": "Constructible",
        "origine": "Morcellement",
        "reference_plan": "PL-TEM-07",
        "echelle_leve": "1/1000",
        "date_creation": "2012-03-26",
        "date_derniere_maj": "2026-01-15"
      }
    },
    {
      "type": "Feature",
      "geometry": {
        "type": "Polygon",
        "coordinates": [
          [
            [
              -6.902957588256576,
              33.9353213109993
            ],
            [
              -6.901538823364077,
              33.93650734499423
            ],
            [
              -6.901337140872262,
              33.936086123049314
            ],
            [
              -6.9024401795863675,
              33.934328361751945
            ],
            [
              -6.902957588256576,
              33.9353213109993
            ]
          ]
        ]
      },
      "properties": {
        "id_parcelle": "TEM-0138",
        "num_titre_foncier": "TF67006/S",
        "type_immatriculation": "En cours d'immatriculation",
        "nature_juridique": "Domanial privé",
        "superficie_m2": 14608.7,
        "commune": "Témara",
        "cercle": "Témara",
        "province": "Skhirat-Témara",
        "nature_occupation_code": "HAM",
        "nature_occupation_libelle": "Sol argileux (hamri) - non bâti",
        "zone_amenagement": "Zone résidentielle",
        "statut_foncier": "En instruction",
        "origine": "Morcellement",
        "reference_plan": "PL-TEM-09",
        "echelle_leve": "1/500",
        "date_creation": "2016-08-02",
        "date_derniere_maj": "2026-01-15"
      }
    },
    {
      "type": "Feature",
      "geometry": {
        "type": "Polygon",
        "coordinates": [
          [
            [
              -6.901564041727782,
              33.93701579614713
            ],
            [
              -6.901538823364077,
              33.93650734499423
            ],
            [
              -6.902957588256576,
              33.9353213109993
            ],
            [
              -6.903383243281202,
              33.93551728487591
            ],
            [
              -6.9037286583107935,
              33.93664933635191
            ],
            [
              -6.903265152772918,
              33.93711242277144
            ],
            [
              -6.9022306907491995,
              33.93761077881074
            ],
            [
              -6.901564041727782,
              33.93701579614713
            ]
          ]
        ]
      },
      "properties": {
        "id_parcelle": "TEM-0139",
        "num_titre_foncier": "TF67216/S",
        "type_immatriculation": "Non immatriculé",
        "nature_juridique": "Domanial privé",
        "superficie_m2": 31375.77,
        "commune": "Témara",
        "cercle": "Témara",
        "province": "Skhirat-Témara",
        "nature_occupation_code": "PR",
        "nature_occupation_libelle": "Bâtiments à usage professionnel",
        "zone_amenagement": "Zone agricole",
        "statut_foncier": "Non constructible",
        "origine": "Morcellement",
        "reference_plan": "PL-TEM-05",
        "echelle_leve": "1/1000",
        "date_creation": "2019-12-13",
        "date_derniere_maj": "2026-01-15"
      }
    },
    {
      "type": "Feature",
      "geometry": {
        "type": "Polygon",
        "coordinates": [
          [
            [
              -6.9022306907491995,
              33.93761077881074
            ],
            [
              -6.903265152772918,
              33.93711242277144
            ],
            [
              -6.903845520387989,
              33.9377
            ],
            [
              -6.90223741834514,
              33.9377
            ],
            [
              -6.9022306907491995,
              33.93761077881074
            ]
          ]
        ]
      },
      "properties": {
        "id_parcelle": "TEM-0140",
        "num_titre_foncier": "TF66364/S",
        "type_immatriculation": "Non immatriculé",
        "nature_juridique": "Habous",
        "superficie_m2": 5349.47,
        "commune": "Témara",
        "cercle": "Témara",
        "province": "Skhirat-Témara",
        "nature_occupation_code": "PR",
        "nature_occupation_libelle": "Bâtiments à usage professionnel",
        "zone_amenagement": "Zone équipements publics",
        "statut_foncier": "Constructible",
        "origine": "Lotissement",
        "reference_plan": "PL-TEM-22",
        "echelle_leve": "1/500",
        "date_creation": "2020-02-15",
        "date_derniere_maj": "2026-01-15"
      }
    },
    {
      "type": "Feature",
      "geometry": {
        "type": "Polygon",
        "coordinates": [
          [
            [
              -6.9014054915659635,
              33.9198702646691
            ],
            [
              -6.900729885439726,
              33.92006623553498
            ],
            [
              -6.900675388278091,
              33.92001613584327
            ],
            [
              -6.900608472745388,
              33.9197
            ],
            [
              -6.901538878063647,
              33.9197
            ],
            [
              -6.9014054915659635,
              33.9198702646691
            ]
          ]
        ]
      },
      "properties": {
        "id_parcelle": "TEM-0141",
        "num_titre_foncier": "TF92349/S",
        "type_immatriculation": "Non immatriculé",
        "nature_juridique": "Melk",
        "superficie_m2": 2280.15,
        "commune": "Témara",
        "cercle": "Témara",
        "province": "Skhirat-Témara",
        "nature_occupation_code": "NU",
        "nature_occupation_libelle": "Terrain nu",
        "zone_amenagement": "Zone équipements publics",
        "statut_foncier": "Constructible",
        "origine": "Levé initial",
        "reference_plan": "PL-TEM-23",
        "echelle_leve": "1/2000",
        "date_creation": "2020-03-09",
        "date_derniere_maj": "2026-01-15"
      }
    },
    {
      "type": "Feature",
      "geometry": {
        "type": "Polygon",
        "coordinates": [
          [
            [
              -6.900729885439726,
              33.92006623553498
            ],
            [
              -6.9014054915659635,
              33.9198702646691
            ],
            [
              -6.902519063038899,
              33.92071180637537
            ],
            [
              -6.901442872158217,
              33.92208099728451
            ],
            [
              -6.900516493178534,
              33.92118903313309
            ],
            [
              -6.900729885439726,
              33.92006623553498
            ]
          ]
        ]
      },
      "properties": {
        "id_parcelle": "TEM-0142",
        "num_titre_foncier": "TF12576/S",
        "type_immatriculation": "Non immatriculé",
        "nature_juridique": "Guich",
        "superficie_m2": 26536.91,
        "commune": "Témara",
        "cercle": "Témara",
        "province": "Skhirat-Témara",
        "nature_occupation_code": "NU",
        "nature_occupation_libelle": "Terrain nu",
        "zone_amenagement": "Zone industrielle",
        "statut_foncier": "En instruction",
        "origine": "Fusion de parcelles",
        "reference_plan": "PL-TEM-25",
        "echelle_leve": "1/500",
        "date_creation": "2016-08-04",
        "date_derniere_maj": "2026-01-15"
      }
    },
    {
      "type": "Feature",
      "geometry": {
        "type": "Polygon",
        "coordinates": [
          [
            [
              -6.900516493178534,
              33.92118903313309
            ],
            [
              -6.901442872158217,
              33.92208099728451
            ],
            [
              -6.9015668178383,
              33.92236538542647
            ],
            [
              -6.901622935741132,
              33.922691008800214
            ],
            [
              -6.899927256855654,
              33.922981011613224
            ],
            [
              -6.899357201698335,
              33.92258447116687
            ],
            [
              -6.899286110711574,
              33.92178639599987
            ],
            [
              -6.900516493178534,
              33.92118903313309
            ]
          ]
        ]
      },
      "properties": {
        "id_parcelle": "TEM-0143",
        "num_titre_foncier": "TF38558/S",
        "type_immatriculation": "Immatriculé",
        "nature_juridique": "Domanial privé",
        "superficie_m2": 28667.81,
        "commune": "Témara",
        "cercle": "Témara",
        "province": "Skhirat-Témara",
        "nature_occupation_code": "PR",
        "nature_occupation_libelle": "Bâtiments à usage professionnel",
        "zone_amenagement": "Zone agricole",
        "statut_foncier": "Constructible",
        "origine": "Levé initial",
        "reference_plan": "PL-TEM-18",
        "echelle_leve": "1/500",
        "date_creation": "2021-08-17",
        "date_derniere_maj": "2026-01-15"
      }
    },
    {
      "type": "Feature",
      "geometry": {
        "type": "Polygon",
        "coordinates": [
          [
            [
              -6.901239829042021,
              33.924399682388994
            ],
            [
              -6.900341877376534,
              33.92479262514034
            ],
            [
              -6.899927256855654,
              33.922981011613224
            ],
            [
              -6.901622935741132,
              33.922691008800214
            ],
            [
              -6.901800968897506,
              33.92298516010923
            ],
            [
              -6.901239829042021,
              33.924399682388994
            ]
          ]
        ]
      },
      "properties": {
        "id_parcelle": "TEM-0144",
        "num_titre_foncier": "TF58485/S",
        "type_immatriculation": "Non immatriculé",
        "nature_juridique": "Collectif",
        "superficie_m2": 25668.48,
        "commune": "Témara",
        "cercle": "Témara",
        "province": "Skhirat-Témara",
        "nature_occupation_code": "PR",
        "nature_occupation_libelle": "Bâtiments à usage professionnel",
        "zone_amenagement": "Zone équipements publics",
        "statut_foncier": "En instruction",
        "origine": "Levé initial",
        "reference_plan": "PL-TEM-07",
        "echelle_leve": "1/2000",
        "date_creation": "2012-07-17",
        "date_derniere_maj": "2026-01-15"
      }
    },
    {
      "type": "Feature",
      "geometry": {
        "type": "Polygon",
        "coordinates": [
          [
            [
              -6.901691981813718,
              33.92683003139151
            ],
            [
              -6.900021092205498,
              33.92509707319036
            ],
            [
              -6.900341877376534,
              33.92479262514034
            ],
            [
              -6.901239829042021,
              33.924399682388994
            ],
            [
              -6.901525532250059,
              33.92458344522841
            ],
            [
              -6.901793600530246,
              33.926823619807685
            ],
            [
              -6.901691981813718,
              33.92683003139151
            ]
          ]
        ]
      },
      "properties": {
        "id_parcelle": "TEM-0145",
        "num_titre_foncier": "TF90478/S",
        "type_immatriculation": "En cours d'immatriculation",
        "nature_juridique": "Melk",
        "superficie_m2": 21927.98,
        "commune": "Témara",
        "cercle": "Témara",
        "province": "Skhirat-Témara",
        "nature_occupation_code": "PR",
        "nature_occupation_libelle": "Bâtiments à usage professionnel",
        "zone_amenagement": "Zone agricole",
        "statut_foncier": "Non constructible",
        "origine": "Levé initial",
        "reference_plan": "PL-TEM-13",
        "echelle_leve": "1/500",
        "date_creation": "2010-02-14",
        "date_derniere_maj": "2026-01-15"
      }
    },
    {
      "type": "Feature",
      "geometry": {
        "type": "Polygon",
        "coordinates": [
          [
            [
              -6.900983953792692,
              33.92740567561178
            ],
            [
              -6.900050529686407,
              33.92698771978008
            ],
            [
              -6.899777798546641,
              33.925173011913564
            ],
            [
              -6.900021092205498,
              33.92509707319036
            ],
            [
              -6.901691981813718,
              33.92683003139151
            ],
            [
              -6.900983953792692,
              33.92740567561178
            ]
          ]
        ]
      },
      "properties": {
        "id_parcelle": "TEM-0146",
        "num_titre_foncier": "TF98458/S",
        "type_immatriculation": "En cours d'immatriculation",
        "nature_juridique": "Habous",
        "superficie_m2": 22638.81,
        "commune": "Témara",
        "cercle": "Témara",
        "province": "Skhirat-Témara",
        "nature_occupation_code": "NU",
        "nature_occupation_libelle": "Terrain nu",
        "zone_amenagement": "Zone agricole",
        "statut_foncier": "Constructible",
        "origine": "Lotissement",
        "reference_plan": "PL-TEM-10",
        "echelle_leve": "1/2000",
        "date_creation": "2016-09-08",
        "date_derniere_maj": "2026-01-15"
      }
    },
    {
      "type": "Feature",
      "geometry": {
        "type": "Polygon",
        "coordinates": [
          [
            [
              -6.900659621545156,
              33.92853911187193
            ],
            [
              -6.899505092220887,
              33.928103229084
            ],
            [
              -6.899276657674306,
              33.92752404297197
            ],
            [
              -6.900050529686407,
              33.92698771978008
            ],
            [
              -6.900983953792692,
              33.92740567561178
            ],
            [
              -6.900659621545156,
              33.92853911187193
            ]
          ]
        ]
      },
      "properties": {
        "id_parcelle": "TEM-0147",
        "num_titre_foncier": "TF31565/S",
        "type_immatriculation": "Immatriculé",
        "nature_juridique": "Melk",
        "superficie_m2": 16913.65,
        "commune": "Témara",
        "cercle": "Témara",
        "province": "Skhirat-Témara",
        "nature_occupation_code": "NU",
        "nature_occupation_libelle": "Terrain nu",
        "zone_amenagement": "Zone industrielle",
        "statut_foncier": "Non constructible",
        "origine": "Lotissement",
        "reference_plan": "PL-TEM-05",
        "echelle_leve": "1/1000",
        "date_creation": "2020-11-27",
        "date_derniere_maj": "2026-01-15"
      }
    },
    {
      "type": "Feature",
      "geometry": {
        "type": "Polygon",
        "coordinates": [
          [
            [
              -6.901072744017278,
              33.93123647768796
            ],
            [
              -6.8999973637524175,
              33.929795038634275
            ],
            [
              -6.90073504307547,
              33.92872717892965
            ],
            [
              -6.901771317913418,
              33.929102152996336
            ],
            [
              -6.901991848753015,
              33.93029449759174
            ],
            [
              -6.901261337292498,
              33.931343441336914
            ],
            [
              -6.901072744017278,
              33.93123647768796
            ]
          ]
        ]
      },
      "properties": {
        "id_parcelle": "TEM-0148",
        "num_titre_foncier": "TF48580/S",
        "type_immatriculation": "Non immatriculé",
        "nature_juridique": "Domanial privé",
        "superficie_m2": 32208.66,
        "commune": "Témara",
        "cercle": "Témara",
        "province": "Skhirat-Témara",
        "nature_occupation_code": "NU",
        "nature_occupation_libelle": "Terrain nu",
        "zone_amenagement": "Zone équipements publics",
        "statut_foncier": "Non constructible",
        "origine": "Lotissement",
        "reference_plan": "PL-TEM-09",
        "echelle_leve": "1/2000",
        "date_creation": "2016-11-09",
        "date_derniere_maj": "2026-01-15"
      }
    },
    {
      "type": "Feature",
      "geometry": {
        "type": "Polygon",
        "coordinates": [
          [
            [
              -6.899244317426728,
              33.931379910735394
            ],
            [
              -6.899286670709191,
              33.929862674524664
            ],
            [
              -6.8999973637524175,
              33.929795038634275
            ],
            [
              -6.901072744017278,
              33.93123647768796
            ],
            [
              -6.899244317426728,
              33.931379910735394
            ]
          ]
        ]
      },
      "properties": {
        "id_parcelle": "TEM-0149",
        "num_titre_foncier": "TF73120/S",
        "type_immatriculation": "Immatriculé",
        "nature_juridique": "Collectif",
        "superficie_m2": 19871.5,
        "commune": "Témara",
        "cercle": "Témara",
        "province": "Skhirat-Témara",
        "nature_occupation_code": "NU",
        "nature_occupation_libelle": "Terrain nu",
        "zone_amenagement": "Zone agricole",
        "statut_foncier": "Constructible",
        "origine": "Fusion de parcelles",
        "reference_plan": "PL-TEM-11",
        "echelle_leve": "1/1000",
        "date_creation": "2017-07-20",
        "date_derniere_maj": "2026-01-15"
      }
    },
    {
      "type": "Feature",
      "geometry": {
        "type": "Polygon",
        "coordinates": [
          [
            [
              -6.901372468985612,
              33.931732702342316
            ],
            [
              -6.901258947523755,
              33.93206432270709
            ],
            [
              -6.898976203435861,
              33.93244822025906
            ],
            [
              -6.898666583389371,
              33.932209098494184
            ],
            [
              -6.8986360170799434,
              33.93196606715449
            ],
            [
              -6.899244317426728,
              33.931379910735394
            ],
            [
              -6.901072744017278,
              33.93123647768796
            ],
            [
              -6.901261337292498,
              33.931343441336914
            ],
            [
              -6.901372468985612,
              33.931732702342316
            ]
          ]
        ]
      },
      "properties": {
        "id_parcelle": "TEM-0150",
        "num_titre_foncier": "TF57504/S",
        "type_immatriculation": "Immatriculé",
        "nature_juridique": "Collectif",
        "superficie_m2": 23926.59,
        "commune": "Témara",
        "cercle": "Témara",
        "province": "Skhirat-Témara",
        "nature_occupation_code": "PR",
        "nature_occupation_libelle": "Bâtiments à usage professionnel",
        "zone_amenagement": "Zone équipements publics",
        "statut_foncier": "Constructible",
        "origine": "Morcellement",
        "reference_plan": "PL-TEM-19",
        "echelle_leve": "1/1000",
        "date_creation": "2022-03-17",
        "date_derniere_maj": "2026-01-15"
      }
    },
    {
      "type": "Feature",
      "geometry": {
        "type": "Polygon",
        "coordinates": [
          [
            [
              -6.9014976569494815,
              33.93400708885484
            ],
            [
              -6.900440723697134,
              33.93471323941229
            ],
            [
              -6.899655195061238,
              33.9340275654951
            ],
            [
              -6.899630277827396,
              33.933594112055154
            ],
            [
              -6.901239367776806,
              33.93233862848375
            ],
            [
              -6.9014976569494815,
              33.93400708885484
            ]
          ]
        ]
      },
      "properties": {
        "id_parcelle": "TEM-0151",
        "num_titre_foncier": "TF11964/S",
        "type_immatriculation": "Non immatriculé",
        "nature_juridique": "Melk",
        "superficie_m2": 26155.39,
        "commune": "Témara",
        "cercle": "Témara",
        "province": "Skhirat-Témara",
        "nature_occupation_code": "HAM",
        "nature_occupation_libelle": "Sol argileux (hamri) - non bâti",
        "zone_amenagement": "Zone industrielle",
        "statut_foncier": "Constructible",
        "origine": "Fusion de parcelles",
        "reference_plan": "PL-TEM-09",
        "echelle_leve": "1/2000",
        "date_creation": "2011-10-05",
        "date_derniere_maj": "2026-01-15"
      }
    },
    {
      "type": "Feature",
      "geometry": {
        "type": "Polygon",
        "coordinates": [
          [
            [
              -6.9014976569494815,
              33.93400708885484
            ],
            [
              -6.902431043696621,
              33.93428511650459
            ],
            [
              -6.9024401795863675,
              33.934328361751945
            ],
            [
              -6.901337140872262,
              33.936086123049314
            ],
            [
              -6.900467121659427,
              33.935082364705146
            ],
            [
              -6.900439357936088,
              33.93499057274141
            ],
            [
              -6.900440723697134,
              33.93471323941229
            ],
            [
              -6.9014976569494815,
              33.93400708885484
            ]
          ]
        ]
      },
      "properties": {
        "id_parcelle": "TEM-0152",
        "num_titre_foncier": "TF69239/S",
        "type_immatriculation": "En cours d'immatriculation",
        "nature_juridique": "Domanial privé",
        "superficie_m2": 22803.05,
        "commune": "Témara",
        "cercle": "Témara",
        "province": "Skhirat-Témara",
        "nature_occupation_code": "NO",
        "nature_occupation_libelle": "Constructions légères / noualas (habitat)",
        "zone_amenagement": "Zone industrielle",
        "statut_foncier": "Non constructible",
        "origine": "Lotissement",
        "reference_plan": "PL-TEM-20",
        "echelle_leve": "1/2000",
        "date_creation": "2019-02-22",
        "date_derniere_maj": "2026-01-15"
      }
    },
    {
      "type": "Feature",
      "geometry": {
        "type": "Polygon",
        "coordinates": [
          [
            [
              -6.901337140872262,
              33.936086123049314
            ],
            [
              -6.901538823364077,
              33.93650734499423
            ],
            [
              -6.901564041727782,
              33.93701579614713
            ],
            [
              -6.900041458606114,
              33.937420051543
            ],
            [
              -6.899503645461885,
              33.936512252473584
            ],
            [
              -6.900467121659427,
              33.935082364705146
            ],
            [
              -6.901337140872262,
              33.936086123049314
            ]
          ]
        ]
      },
      "properties": {
        "id_parcelle": "TEM-0153",
        "num_titre_foncier": "TF48934/S",
        "type_immatriculation": "Immatriculé",
        "nature_juridique": "Guich",
        "superficie_m2": 29324.25,
        "commune": "Témara",
        "cercle": "Témara",
        "province": "Skhirat-Témara",
        "nature_occupation_code": "AGR",
        "nature_occupation_libelle": "Usage agricole",
        "zone_amenagement": "Zone industrielle",
        "statut_foncier": "En instruction",
        "origine": "Morcellement",
        "reference_plan": "PL-TEM-24",
        "echelle_leve": "1/1000",
        "date_creation": "2020-02-18",
        "date_derniere_maj": "2026-01-15"
      }
    },
    {
      "type": "Feature",
      "geometry": {
        "type": "Polygon",
        "coordinates": [
          [
            [
              -6.900041458606114,
              33.937420051543
            ],
            [
              -6.901564041727782,
              33.93701579614713
            ],
            [
              -6.9022306907491995,
              33.93761077881074
            ],
            [
              -6.90223741834514,
              33.9377
            ],
            [
              -6.899854516630481,
              33.9377
            ],
            [
              -6.900041458606114,
              33.937420051543
            ]
          ]
        ]
      },
      "properties": {
        "id_parcelle": "TEM-0154",
        "num_titre_foncier": "TF40693/S",
        "type_immatriculation": "Immatriculé",
        "nature_juridique": "Guich",
        "superficie_m2": 10470.02,
        "commune": "Témara",
        "cercle": "Témara",
        "province": "Skhirat-Témara",
        "nature_occupation_code": "PR",
        "nature_occupation_libelle": "Bâtiments à usage professionnel",
        "zone_amenagement": "Zone équipements publics",
        "statut_foncier": "En instruction",
        "origine": "Morcellement",
        "reference_plan": "PL-TEM-16",
        "echelle_leve": "1/1000",
        "date_creation": "2012-12-16",
        "date_derniere_maj": "2026-01-15"
      }
    },
    {
      "type": "Feature",
      "geometry": {
        "type": "Polygon",
        "coordinates": [
          [
            [
              -6.900675388278091,
              33.92001613584327
            ],
            [
              -6.899208625324973,
              33.9197
            ],
            [
              -6.900608472745388,
              33.9197
            ],
            [
              -6.900675388278091,
              33.92001613584327
            ]
          ]
        ]
      },
      "properties": {
        "id_parcelle": "TEM-0155",
        "num_titre_foncier": "TF80718/S",
        "type_immatriculation": "Non immatriculé",
        "nature_juridique": "Melk",
        "superficie_m2": 2275.15,
        "commune": "Témara",
        "cercle": "Témara",
        "province": "Skhirat-Témara",
        "nature_occupation_code": "NO",
        "nature_occupation_libelle": "Constructions légères / noualas (habitat)",
        "zone_amenagement": "Zone industrielle",
        "statut_foncier": "Non constructible",
        "origine": "Levé initial",
        "reference_plan": "PL-TEM-23",
        "echelle_leve": "1/2000",
        "date_creation": "2017-11-10",
        "date_derniere_maj": "2026-01-15"
      }
    },
    {
      "type": "Feature",
      "geometry": {
        "type": "Polygon",
        "coordinates": [
          [
            [
              -6.898236775364702,
              33.919911176433416
            ],
            [
              -6.898376012578608,
              33.9197
            ],
            [
              -6.899208625324973,
              33.9197
            ],
            [
              -6.900675388278091,
              33.92001613584327
            ],
            [
              -6.900729885439726,
              33.92006623553498
            ],
            [
              -6.900516493178534,
              33.92118903313309
            ],
            [
              -6.899286110711574,
              33.92178639599987
            ],
            [
              -6.898597152227048,
              33.92141888325015
            ],
            [
              -6.898236775364702,
              33.919911176433416
            ]
          ]
        ]
      },
      "properties": {
        "id_parcelle": "TEM-0156",
        "num_titre_foncier": "TF64895/S",
        "type_immatriculation": "Non immatriculé",
        "nature_juridique": "Melk",
        "superficie_m2": 38979.62,
        "commune": "Témara",
        "cercle": "Témara",
        "province": "Skhirat-Témara",
        "nature_occupation_code": "NU",
        "nature_occupation_libelle": "Terrain nu",
        "zone_amenagement": "Zone industrielle",
        "statut_foncier": "En instruction",
        "origine": "Fusion de parcelles",
        "reference_plan": "PL-TEM-21",
        "echelle_leve": "1/2000",
        "date_creation": "2010-01-20",
        "date_derniere_maj": "2026-01-15"
      }
    },
    {
      "type": "Feature",
      "geometry": {
        "type": "Polygon",
        "coordinates": [
          [
            [
              -6.898597152227048,
              33.92141888325015
            ],
            [
              -6.899286110711574,
              33.92178639599987
            ],
            [
              -6.899357201698335,
              33.92258447116687
            ],
            [
              -6.898869027794533,
              33.923197100207716
            ],
            [
              -6.897188574334827,
              33.92289140935408
            ],
            [
              -6.897452407775002,
              33.922066927578264
            ],
            [
              -6.898597152227048,
              33.92141888325015
            ]
          ]
        ]
      },
      "properties": {
        "id_parcelle": "TEM-0157",
        "num_titre_foncier": "TF53313/S",
        "type_immatriculation": "Immatriculé",
        "nature_juridique": "Habous",
        "superficie_m2": 26920.24,
        "commune": "Témara",
        "cercle": "Témara",
        "province": "Skhirat-Témara",
        "nature_occupation_code": "PR",
        "nature_occupation_libelle": "Bâtiments à usage professionnel",
        "zone_amenagement": "Zone équipements publics",
        "statut_foncier": "Non constructible",
        "origine": "Lotissement",
        "reference_plan": "PL-TEM-02",
        "echelle_leve": "1/500",
        "date_creation": "2021-07-21",
        "date_derniere_maj": "2026-01-15"
      }
    },
    {
      "type": "Feature",
      "geometry": {
        "type": "Polygon",
        "coordinates": [
          [
            [
              -6.899357201698335,
              33.92258447116687
            ],
            [
              -6.899927256855654,
              33.922981011613224
            ],
            [
              -6.900341877376534,
              33.92479262514034
            ],
            [
              -6.900021092205498,
              33.92509707319036
            ],
            [
              -6.899777798546641,
              33.925173011913564
            ],
            [
              -6.8995908597814175,
              33.925169714602525
            ],
            [
              -6.898857138151873,
              33.924355159007014
            ],
            [
              -6.898869027794533,
              33.923197100207716
            ],
            [
              -6.899357201698335,
              33.92258447116687
            ]
          ]
        ]
      },
      "properties": {
        "id_parcelle": "TEM-0158",
        "num_titre_foncier": "TF96379/S",
        "type_immatriculation": "En cours d'immatriculation",
        "nature_juridique": "Collectif",
        "superficie_m2": 27171.81,
        "commune": "Témara",
        "cercle": "Témara",
        "province": "Skhirat-Témara",
        "nature_occupation_code": "NO",
        "nature_occupation_libelle": "Constructions légères / noualas (habitat)",
        "zone_amenagement": "Zone équipements publics",
        "statut_foncier": "En instruction",
        "origine": "Lotissement",
        "reference_plan": "PL-TEM-10",
        "echelle_leve": "1/1000",
        "date_creation": "2015-07-09",
        "date_derniere_maj": "2026-01-15"
      }
    },
    {
      "type": "Feature",
      "geometry": {
        "type": "Polygon",
        "coordinates": [
          [
            [
              -6.897741103776255,
              33.92603789745624
            ],
            [
              -6.896830413966759,
              33.9258789734418
            ],
            [
              -6.896315148163958,
              33.925052832053595
            ],
            [
              -6.896022599337874,
              33.92454176995917
            ],
            [
              -6.896715305352933,
              33.92373363949778
            ],
            [
              -6.897774183935575,
              33.92423214221954
            ],
            [
              -6.897741103776255,
              33.92603789745624
            ]
          ]
        ]
      },
      "properties": {
        "id_parcelle": "TEM-0159",
        "num_titre_foncier": null,
        "type_immatriculation": "En cours d'immatriculation",
        "nature_juridique": "Collectif",
        "superficie_m2": 28094.79,
        "commune": "Témara",
        "cercle": "Témara",
        "province": "Skhirat-Témara",
        "nature_occupation_code": "AGR",
        "nature_occupation_libelle": "Usage agricole",
        "zone_amenagement": "Zone agricole",
        "statut_foncier": "Non constructible",
        "origine": "Levé initial",
        "reference_plan": "PL-TEM-11",
        "echelle_leve": "1/2000",
        "date_creation": "2014-09-12",
        "date_derniere_maj": "2026-01-15"
      }
    },
    {
      "type": "Feature",
      "geometry": {
        "type": "Polygon",
        "coordinates": [
          [
            [
              -6.899276657674306,
              33.92752404297197
            ],
            [
              -6.898343569237029,
              33.92699071790688
            ],
            [
              -6.898278511230158,
              33.92626645680871
            ],
            [
              -6.8995908597814175,
              33.925169714602525
            ],
            [
              -6.899777798546641,
              33.925173011913564
            ],
            [
              -6.900050529686407,
              33.92698771978008
            ],
            [
              -6.899276657674306,
              33.92752404297197
            ]
          ]
        ]
      },
      "properties": {
        "id_parcelle": "TEM-0160",
        "num_titre_foncier": "TF25457/S",
        "type_immatriculation": "En cours d'immatriculation",
        "nature_juridique": "Domanial privé",
        "superficie_m2": 27648.64,
        "commune": "Témara",
        "cercle": "Témara",
        "province": "Skhirat-Témara",
        "nature_occupation_code": "NO",
        "nature_occupation_libelle": "Constructions légères / noualas (habitat)",
        "zone_amenagement": "Zone agricole",
        "statut_foncier": "En instruction",
        "origine": "Fusion de parcelles",
        "reference_plan": "PL-TEM-05",
        "echelle_leve": "1/2000",
        "date_creation": "2020-02-26",
        "date_derniere_maj": "2026-01-15"
      }
    },
    {
      "type": "Feature",
      "geometry": {
        "type": "Polygon",
        "coordinates": [
          [
            [
              -6.8985059303526315,
              33.92921701690069
            ],
            [
              -6.897670102220943,
              33.92858985098225
            ],
            [
              -6.897571520894687,
              33.92807496909227
            ],
            [
              -6.8975757697387365,
              33.92805276205483
            ],
            [
              -6.898343569237029,
              33.92699071790688
            ],
            [
              -6.899276657674306,
              33.92752404297197
            ],
            [
              -6.899505092220887,
              33.928103229084
            ],
            [
              -6.8985059303526315,
              33.92921701690069
            ]
          ]
        ]
      },
      "properties": {
        "id_parcelle": "TEM-0161",
        "num_titre_foncier": "TF82652/S",
        "type_immatriculation": "En cours d'immatriculation",
        "nature_juridique": "Habous",
        "superficie_m2": 26218.42,
        "commune": "Témara",
        "cercle": "Témara",
        "province": "Skhirat-Témara",
        "nature_occupation_code": "PR",
        "nature_occupation_libelle": "Bâtiments à usage professionnel",
        "zone_amenagement": "Zone résidentielle",
        "statut_foncier": "Non constructible",
        "origine": "Fusion de parcelles",
        "reference_plan": "PL-TEM-04",
        "echelle_leve": "1/500",
        "date_creation": "2010-04-27",
        "date_derniere_maj": "2026-01-15"
      }
    },
    {
      "type": "Feature",
      "geometry": {
        "type": "Polygon",
        "coordinates": [
          [
            [
              -6.899286670709191,
              33.929862674524664
            ],
            [
              -6.898661980309386,
              33.92958794307233
            ],
            [
              -6.8985059303526315,
              33.92921701690069
            ],
            [
              -6.899505092220887,
              33.928103229084
            ],
            [
              -6.900659621545156,
              33.92853911187193
            ],
            [
              -6.90073504307547,
              33.92872717892965
            ],
            [
              -6.8999973637524175,
              33.929795038634275
            ],
            [
              -6.899286670709191,
              33.929862674524664
            ]
          ]
        ]
      },
      "properties": {
        "id_parcelle": "TEM-0162",
        "num_titre_foncier": "TF96247/S",
        "type_immatriculation": "Immatriculé",
        "nature_juridique": "Habous",
        "superficie_m2": 25176.58,
        "commune": "Témara",
        "cercle": "Témara",
        "province": "Skhirat-Témara",
        "nature_occupation_code": "NU",
        "nature_occupation_libelle": "Terrain nu",
        "zone_amenagement": "Zone équipements publics",
        "statut_foncier": "En instruction",
        "origine": "Lotissement",
        "reference_plan": "PL-TEM-21",
        "echelle_leve": "1/2000",
        "date_creation": "2021-12-20",
        "date_derniere_maj": "2026-01-15"
      }
    },
    {
      "type": "Feature",
      "geometry": {
        "type": "Polygon",
        "coordinates": [
          [
            [
              -6.8975493993687245,
              33.93097209257089
            ],
            [
              -6.898661980309386,
              33.92958794307233
            ],
            [
              -6.899286670709191,
              33.929862674524664
            ],
            [
              -6.899244317426728,
              33.931379910735394
            ],
            [
              -6.8986360170799434,
              33.93196606715449
            ],
            [
              -6.8975493993687245,
              33.93097209257089
            ]
          ]
        ]
      },
      "properties": {
        "id_parcelle": "TEM-0163",
        "num_titre_foncier": "TF97425/S",
        "type_immatriculation": "Non immatriculé",
        "nature_juridique": "Guich",
        "superficie_m2": 25709.29,
        "commune": "Témara",
        "cercle": "Témara",
        "province": "Skhirat-Témara",
        "nature_occupation_code": "PR",
        "nature_occupation_libelle": "Bâtiments à usage professionnel",
        "zone_amenagement": "Zone industrielle",
        "statut_foncier": "Constructible",
        "origine": "Lotissement",
        "reference_plan": "PL-TEM-02",
        "echelle_leve": "1/1000",
        "date_creation": "2022-02-21",
        "date_derniere_maj": "2026-01-15"
      }
    },
    {
      "type": "Feature",
      "geometry": {
        "type": "Polygon",
        "coordinates": [
          [
            [
              -6.90124965019834,
              33.93229596327944
            ],
            [
              -6.901239367776806,
              33.93233862848375
            ],
            [
              -6.899630277827396,
              33.933594112055154
            ],
            [
              -6.899578603365331,
              33.93351693822901
            ],
            [
              -6.898976203435861,
              33.93244822025906
            ],
            [
              -6.901258947523755,
              33.93206432270709
            ],
            [
              -6.90124965019834,
              33.93229596327944
            ]
          ]
        ]
      },
      "properties": {
        "id_parcelle": "TEM-0164",
        "num_titre_foncier": "TF28179/S",
        "type_immatriculation": "En cours d'immatriculation",
        "nature_juridique": "Habous",
        "superficie_m2": 16936.77,
        "commune": "Témara",
        "cercle": "Témara",
        "province": "Skhirat-Témara",
        "nature_occupation_code": "PR",
        "nature_occupation_libelle": "Bâtiments à usage professionnel",
        "zone_amenagement": "Zone agricole",
        "statut_foncier": "Non constructible",
        "origine": "Lotissement",
        "reference_plan": "PL-TEM-14",
        "echelle_leve": "1/500",
        "date_creation": "2015-01-14",
        "date_derniere_maj": "2026-01-15"
      }
    },
    {
      "type": "Feature",
      "geometry": {
        "type": "Polygon",
        "coordinates": [
          [
            [
              -6.897867066137013,
              33.933501353517336
            ],
            [
              -6.898284558848761,
              33.93258393677093
            ],
            [
              -6.898666583389371,
              33.932209098494184
            ],
            [
              -6.898976203435861,
              33.93244822025906
            ],
            [
              -6.899578603365331,
              33.93351693822901
            ],
            [
              -6.897867066137013,
              33.933501353517336
            ]
          ]
        ]
      },
      "properties": {
        "id_parcelle": "TEM-0165",
        "num_titre_foncier": "TF17158/S",
        "type_immatriculation": "En cours d'immatriculation",
        "nature_juridique": "Habous",
        "superficie_m2": 13392.71,
        "commune": "Témara",
        "cercle": "Témara",
        "province": "Skhirat-Témara",
        "nature_occupation_code": "AGR",
        "nature_occupation_libelle": "Usage agricole",
        "zone_amenagement": "Zone résidentielle",
        "statut_foncier": "Constructible",
        "origine": "Levé initial",
        "reference_plan": "PL-TEM-19",
        "echelle_leve": "1/2000",
        "date_creation": "2016-08-03",
        "date_derniere_maj": "2026-01-15"
      }
    },
    {
      "type": "Feature",
      "geometry": {
        "type": "Polygon",
        "coordinates": [
          [
            [
              -6.898445767796915,
              33.93450190291767
            ],
            [
              -6.899655195061238,
              33.9340275654951
            ],
            [
              -6.900440723697134,
              33.93471323941229
            ],
            [
              -6.900439357936088,
              33.93499057274141
            ],
            [
              -6.898099909521185,
              33.93580559010618
            ],
            [
              -6.898445767796915,
              33.93450190291767
            ]
          ]
        ]
      },
      "properties": {
        "id_parcelle": "TEM-0166",
        "num_titre_foncier": "TF87838/S",
        "type_immatriculation": "Non immatriculé",
        "nature_juridique": "Domanial privé",
        "superficie_m2": 23255.5,
        "commune": "Témara",
        "cercle": "Témara",
        "province": "Skhirat-Témara",
        "nature_occupation_code": "PR",
        "nature_occupation_libelle": "Bâtiments à usage professionnel",
        "zone_amenagement": "Zone équipements publics",
        "statut_foncier": "Non constructible",
        "origine": "Morcellement",
        "reference_plan": "PL-TEM-03",
        "echelle_leve": "1/2000",
        "date_creation": "2017-04-05",
        "date_derniere_maj": "2026-01-15"
      }
    },
    {
      "type": "Feature",
      "geometry": {
        "type": "Polygon",
        "coordinates": [
          [
            [
              -6.898099909521185,
              33.93580559010618
            ],
            [
              -6.900439357936088,
              33.93499057274141
            ],
            [
              -6.900467121659427,
              33.935082364705146
            ],
            [
              -6.899503645461885,
              33.936512252473584
            ],
            [
              -6.898125497162902,
              33.935942806405095
            ],
            [
              -6.898080250679379,
              33.93583964643848
            ],
            [
              -6.898099909521185,
              33.93580559010618
            ]
          ]
        ]
      },
      "properties": {
        "id_parcelle": "TEM-0167",
        "num_titre_foncier": "TF11222/S",
        "type_immatriculation": "Non immatriculé",
        "nature_juridique": "Melk",
        "superficie_m2": 15955.41,
        "commune": "Témara",
        "cercle": "Témara",
        "province": "Skhirat-Témara",
        "nature_occupation_code": "PR",
        "nature_occupation_libelle": "Bâtiments à usage professionnel",
        "zone_amenagement": "Zone résidentielle",
        "statut_foncier": "Constructible",
        "origine": "Morcellement",
        "reference_plan": "PL-TEM-05",
        "echelle_leve": "1/1000",
        "date_creation": "2010-05-24",
        "date_derniere_maj": "2026-01-15"
      }
    },
    {
      "type": "Feature",
      "geometry": {
        "type": "Polygon",
        "coordinates": [
          [
            [
              -6.897976312484152,
              33.93691750788929
            ],
            [
              -6.898125497162902,
              33.935942806405095
            ],
            [
              -6.899503645461885,
              33.936512252473584
            ],
            [
              -6.900041458606114,
              33.937420051543
            ],
            [
              -6.899854516630481,
              33.9377
            ],
            [
              -6.8984472752166095,
              33.9377
            ],
            [
              -6.897976312484152,
              33.93691750788929
            ]
          ]
        ]
      },
      "properties": {
        "id_parcelle": "TEM-0168",
        "num_titre_foncier": "TF34564/S",
        "type_immatriculation": "Immatriculé",
        "nature_juridique": "Collectif",
        "superficie_m2": 24707.71,
        "commune": "Témara",
        "cercle": "Témara",
        "province": "Skhirat-Témara",
        "nature_occupation_code": "AGR",
        "nature_occupation_libelle": "Usage agricole",
        "zone_amenagement": "Zone industrielle",
        "statut_foncier": "En instruction",
        "origine": "Morcellement",
        "reference_plan": "PL-TEM-10",
        "echelle_leve": "1/2000",
        "date_creation": "2018-12-16",
        "date_derniere_maj": "2026-01-15"
      }
    },
    {
      "type": "Feature",
      "geometry": {
        "type": "Polygon",
        "coordinates": [
          [
            [
              -6.896750929287915,
              33.9197
            ],
            [
              -6.898376012578608,
              33.9197
            ],
            [
              -6.898236775364702,
              33.919911176433416
            ],
            [
              -6.89685633616886,
              33.92009979580846
            ],
            [
              -6.896750929287915,
              33.9197
            ]
          ]
        ]
      },
      "properties": {
        "id_parcelle": "TEM-0169",
        "num_titre_foncier": "TF43298/S",
        "type_immatriculation": "Immatriculé",
        "nature_juridique": "Melk",
        "superficie_m2": 4703.86,
        "commune": "Témara",
        "cercle": "Témara",
        "province": "Skhirat-Témara",
        "nature_occupation_code": "NU",
        "nature_occupation_libelle": "Terrain nu",
        "zone_amenagement": "Zone résidentielle",
        "statut_foncier": "Constructible",
        "origine": "Morcellement",
        "reference_plan": "PL-TEM-21",
        "echelle_leve": "1/2000",
        "date_creation": "2023-10-03",
        "date_derniere_maj": "2026-01-15"
      }
    },
    {
      "type": "Feature",
      "geometry": {
        "type": "Polygon",
        "coordinates": [
          [
            [
              -6.896748731734546,
              33.92131351347196
            ],
            [
              -6.8964691920361565,
              33.920419826735746
            ],
            [
              -6.89685633616886,
              33.92009979580846
            ],
            [
              -6.898236775364702,
              33.919911176433416
            ],
            [
              -6.898597152227048,
              33.92141888325015
            ],
            [
              -6.897452407775002,
              33.922066927578264
            ],
            [
              -6.896748731734546,
              33.92131351347196
            ]
          ]
        ]
      },
      "properties": {
        "id_parcelle": "TEM-0170",
        "num_titre_foncier": "TF88658/S",
        "type_immatriculation": "Immatriculé",
        "nature_juridique": "Guich",
        "superficie_m2": 31658.78,
        "commune": "Témara",
        "cercle": "Témara",
        "province": "Skhirat-Témara",
        "nature_occupation_code": "NU",
        "nature_occupation_libelle": "Terrain nu",
        "zone_amenagement": "Zone résidentielle",
        "statut_foncier": "Non constructible",
        "origine": "Fusion de parcelles",
        "reference_plan": "PL-TEM-19",
        "echelle_leve": "1/2000",
        "date_creation": "2017-08-22",
        "date_derniere_maj": "2026-01-15"
      }
    },
    {
      "type": "Feature",
      "geometry": {
        "type": "Polygon",
        "coordinates": [
          [
            [
              -6.896748731734546,
              33.92131351347196
            ],
            [
              -6.897452407775002,
              33.922066927578264
            ],
            [
              -6.897188574334827,
              33.92289140935408
            ],
            [
              -6.896773147687601,
              33.9233559268296
            ],
            [
              -6.8957,
              33.92238688882437
            ],
            [
              -6.8957,
              33.92212878869679
            ],
            [
              -6.896748731734546,
              33.92131351347196
            ]
          ]
        ]
      },
      "properties": {
        "id_parcelle": "TEM-0171",
        "num_titre_foncier": null,
        "type_immatriculation": "Immatriculé",
        "nature_juridique": "Collectif",
        "superficie_m2": 20963.22,
        "commune": "Témara",
        "cercle": "Témara",
        "province": "Skhirat-Témara",
        "nature_occupation_code": "NO",
        "nature_occupation_libelle": "Constructions légères / noualas (habitat)",
        "zone_amenagement": "Zone industrielle",
        "statut_foncier": "En instruction",
        "origine": "Levé initial",
        "reference_plan": "PL-TEM-16",
        "echelle_leve": "1/1000",
        "date_creation": "2022-08-09",
        "date_derniere_maj": "2026-01-15"
      }
    },
    {
      "type": "Feature",
      "geometry": {
        "type": "Polygon",
        "coordinates": [
          [
            [
              -6.898869027794533,
              33.923197100207716
            ],
            [
              -6.898857138151873,
              33.924355159007014
            ],
            [
              -6.897774183935575,
              33.92423214221954
            ],
            [
              -6.896715305352933,
              33.92373363949778
            ],
            [
              -6.896773147687601,
              33.9233559268296
            ],
            [
              -6.897188574334827,
              33.92289140935408
            ],
            [
              -6.898869027794533,
              33.923197100207716
            ]
          ]
        ]
      },
      "properties": {
        "id_parcelle": "TEM-0172",
        "num_titre_foncier": "TF46687/S",
        "type_immatriculation": "Immatriculé",
        "nature_juridique": "Habous",
        "superficie_m2": 23584.2,
        "commune": "Témara",
        "cercle": "Témara",
        "province": "Skhirat-Témara",
        "nature_occupation_code": "AGR",
        "nature_occupation_libelle": "Usage agricole",
        "zone_amenagement": "Zone agricole",
        "statut_foncier": "En instruction",
        "origine": "Morcellement",
        "reference_plan": "PL-TEM-05",
        "echelle_leve": "1/2000",
        "date_creation": "2023-05-19",
        "date_derniere_maj": "2026-01-15"
      }
    },
    {
      "type": "Feature",
      "geometry": {
        "type": "Polygon",
        "coordinates": [
          [
            [
              -6.8995908597814175,
              33.925169714602525
            ],
            [
              -6.898278511230158,
              33.92626645680871
            ],
            [
              -6.897741103776255,
              33.92603789745624
            ],
            [
              -6.897774183935575,
              33.92423214221954
            ],
            [
              -6.898857138151873,
              33.924355159007014
            ],
            [
              -6.8995908597814175,
              33.925169714602525
            ]
          ]
        ]
      },
      "properties": {
        "id_parcelle": "TEM-0173",
        "num_titre_foncier": "TF42258/S",
        "type_immatriculation": "En cours d'immatriculation",
        "nature_juridique": "Guich",
        "superficie_m2": 25667.89,
        "commune": "Témara",
        "cercle": "Témara",
        "province": "Skhirat-Témara",
        "nature_occupation_code": "NU",
        "nature_occupation_libelle": "Terrain nu",
        "zone_amenagement": "Zone équipements publics",
        "statut_foncier": "En instruction",
        "origine": "Lotissement",
        "reference_plan": "PL-TEM-15",
        "echelle_leve": "1/1000",
        "date_creation": "2021-01-11",
        "date_derniere_maj": "2026-01-15"
      }
    },
    {
      "type": "Feature",
      "geometry": {
        "type": "Polygon",
        "coordinates": [
          [
            [
              -6.898278511230158,
              33.92626645680871
            ],
            [
              -6.898343569237029,
              33.92699071790688
            ],
            [
              -6.8975757697387365,
              33.92805276205483
            ],
            [
              -6.896273201110351,
              33.92679523648671
            ],
            [
              -6.896830413966759,
              33.9258789734418
            ],
            [
              -6.897741103776255,
              33.92603789745624
            ],
            [
              -6.898278511230158,
              33.92626645680871
            ]
          ]
        ]
      },
      "properties": {
        "id_parcelle": "TEM-0174",
        "num_titre_foncier": "TF30615/S",
        "type_immatriculation": "Non immatriculé",
        "nature_juridique": "Melk",
        "superficie_m2": 28281.98,
        "commune": "Témara",
        "cercle": "Témara",
        "province": "Skhirat-Témara",
        "nature_occupation_code": "HAM",
        "nature_occupation_libelle": "Sol argileux (hamri) - non bâti",
        "zone_amenagement": "Zone agricole",
        "statut_foncier": "Constructible",
        "origine": "Lotissement",
        "reference_plan": "PL-TEM-09",
        "echelle_leve": "1/2000",
        "date_creation": "2020-08-12",
        "date_derniere_maj": "2026-01-15"
      }
    },
    {
      "type": "Feature",
      "geometry": {
        "type": "Polygon",
        "coordinates": [
          [
            [
              -6.8975757697387365,
              33.92805276205483
            ],
            [
              -6.897571520894687,
              33.92807496909227
            ],
            [
              -6.8957,
              33.928127523401876
            ],
            [
              -6.8957,
              33.92707319228813
            ],
            [
              -6.896273201110351,
              33.92679523648671
            ],
            [
              -6.8975757697387365,
              33.92805276205483
            ]
          ]
        ]
      },
      "properties": {
        "id_parcelle": "TEM-0175",
        "num_titre_foncier": null,
        "type_immatriculation": "Non immatriculé",
        "nature_juridique": "Guich",
        "superficie_m2": 15947.08,
        "commune": "Témara",
        "cercle": "Témara",
        "province": "Skhirat-Témara",
        "nature_occupation_code": "AGR",
        "nature_occupation_libelle": "Usage agricole",
        "zone_amenagement": "Zone équipements publics",
        "statut_foncier": "Constructible",
        "origine": "Lotissement",
        "reference_plan": "PL-TEM-10",
        "echelle_leve": "1/2000",
        "date_creation": "2010-11-13",
        "date_derniere_maj": "2026-01-15"
      }
    },
    {
      "type": "Feature",
      "geometry": {
        "type": "Polygon",
        "coordinates": [
          [
            [
              -6.896918735854592,
              33.93105961151476
            ],
            [
              -6.8958721180601605,
              33.93100812316531
            ],
            [
              -6.8957,
              33.93073359459639
            ],
            [
              -6.8957,
              33.93000445453614
            ],
            [
              -6.896607404434992,
              33.92968042644598
            ],
            [
              -6.897047713817378,
              33.93095852213734
            ],
            [
              -6.896918735854592,
              33.93105961151476
            ]
          ]
        ]
      },
      "properties": {
        "id_parcelle": "TEM-0176",
        "num_titre_foncier": "TF43388/S",
        "type_immatriculation": "Non immatriculé",
        "nature_juridique": "Melk",
        "superficie_m2": 14029.04,
        "commune": "Témara",
        "cercle": "Témara",
        "province": "Skhirat-Témara",
        "nature_occupation_code": "NU",
        "nature_occupation_libelle": "Terrain nu",
        "zone_amenagement": "Zone équipements publics",
        "statut_foncier": "Non constructible",
        "origine": "Morcellement",
        "reference_plan": "PL-TEM-18",
        "echelle_leve": "1/1000",
        "date_creation": "2022-02-08",
        "date_derniere_maj": "2026-01-15"
      }
    },
    {
      "type": "Feature",
      "geometry": {
        "type": "Polygon",
        "coordinates": [
          [
            [
              -6.897047713817378,
              33.93095852213734
            ],
            [
              -6.896607404434992,
              33.92968042644598
            ],
            [
              -6.8966212185626325,
              33.929456225157814
            ],
            [
              -6.897670102220943,
              33.92858985098225
            ],
            [
              -6.8985059303526315,
              33.92921701690069
            ],
            [
              -6.898661980309386,
              33.92958794307233
            ],
            [
              -6.8975493993687245,
              33.93097209257089
            ],
            [
              -6.897047713817378,
              33.93095852213734
            ]
          ]
        ]
      },
      "properties": {
        "id_parcelle": "TEM-0177",
        "num_titre_foncier": "TF44018/S",
        "type_immatriculation": "Non immatriculé",
        "nature_juridique": "Collectif",
        "superficie_m2": 30609.57,
        "commune": "Témara",
        "cercle": "Témara",
        "province": "Skhirat-Témara",
        "nature_occupation_code": "NU",
        "nature_occupation_libelle": "Terrain nu",
        "zone_amenagement": "Zone équipements publics",
        "statut_foncier": "En instruction",
        "origine": "Lotissement",
        "reference_plan": "PL-TEM-07",
        "echelle_leve": "1/500",
        "date_creation": "2013-02-06",
        "date_derniere_maj": "2026-01-15"
      }
    },
    {
      "type": "Feature",
      "geometry": {
        "type": "Polygon",
        "coordinates": [
          [
            [
              -6.898666583389371,
              33.932209098494184
            ],
            [
              -6.898284558848761,
              33.93258393677093
            ],
            [
              -6.896505848576339,
              33.93247054316146
            ],
            [
              -6.896918735854592,
              33.93105961151476
            ],
            [
              -6.897047713817378,
              33.93095852213734
            ],
            [
              -6.8975493993687245,
              33.93097209257089
            ],
            [
              -6.8986360170799434,
              33.93196606715449
            ],
            [
              -6.898666583389371,
              33.932209098494184
            ]
          ]
        ]
      },
      "properties": {
        "id_parcelle": "TEM-0178",
        "num_titre_foncier": "TF83981/S",
        "type_immatriculation": "En cours d'immatriculation",
        "nature_juridique": "Guich",
        "superficie_m2": 24753.41,
        "commune": "Témara",
        "cercle": "Témara",
        "province": "Skhirat-Témara",
        "nature_occupation_code": "HAM",
        "nature_occupation_libelle": "Sol argileux (hamri) - non bâti",
        "zone_amenagement": "Zone industrielle",
        "statut_foncier": "Constructible",
        "origine": "Morcellement",
        "reference_plan": "PL-TEM-16",
        "echelle_leve": "1/1000",
        "date_creation": "2023-02-12",
        "date_derniere_maj": "2026-01-15"
      }
    },
    {
      "type": "Feature",
      "geometry": {
        "type": "Polygon",
        "coordinates": [
          [
            [
              -6.899655195061238,
              33.9340275654951
            ],
            [
              -6.898445767796915,
              33.93450190291767
            ],
            [
              -6.897753644438966,
              33.9337011001174
            ],
            [
              -6.897867066137013,
              33.933501353517336
            ],
            [
              -6.899578603365331,
              33.93351693822901
            ],
            [
              -6.899630277827396,
              33.933594112055154
            ],
            [
              -6.899655195061238,
              33.9340275654951
            ]
          ]
        ]
      },
      "properties": {
        "id_parcelle": "TEM-0179",
        "num_titre_foncier": "TF30467/S",
        "type_immatriculation": "En cours d'immatriculation",
        "nature_juridique": "Habous",
        "superficie_m2": 13402.34,
        "commune": "Témara",
        "cercle": "Témara",
        "province": "Skhirat-Témara",
        "nature_occupation_code": "NU",
        "nature_occupation_libelle": "Terrain nu",
        "zone_amenagement": "Zone résidentielle",
        "statut_foncier": "Non constructible",
        "origine": "Fusion de parcelles",
        "reference_plan": "PL-TEM-17",
        "echelle_leve": "1/2000",
        "date_creation": "2010-02-02",
        "date_derniere_maj": "2026-01-15"
      }
    },
    {
      "type": "Feature",
      "geometry": {
        "type": "Polygon",
        "coordinates": [
          [
            [
              -6.8964749542084745,
              33.933780929352984
            ],
            [
              -6.897753644438966,
              33.9337011001174
            ],
            [
              -6.898445767796915,
              33.93450190291767
            ],
            [
              -6.898099909521185,
              33.93580559010618
            ],
            [
              -6.898080250679379,
              33.93583964643848
            ],
            [
              -6.896752615904519,
              33.93556405130433
            ],
            [
              -6.8964749542084745,
              33.933780929352984
            ]
          ]
        ]
      },
      "properties": {
        "id_parcelle": "TEM-0180",
        "num_titre_foncier": "TF84117/S",
        "type_immatriculation": "En cours d'immatriculation",
        "nature_juridique": "Habous",
        "superficie_m2": 32305.87,
        "commune": "Témara",
        "cercle": "Témara",
        "province": "Skhirat-Témara",
        "nature_occupation_code": "NO",
        "nature_occupation_libelle": "Constructions légères / noualas (habitat)",
        "zone_amenagement": "Zone industrielle",
        "statut_foncier": "Non constructible",
        "origine": "Fusion de parcelles",
        "reference_plan": "PL-TEM-14",
        "echelle_leve": "1/500",
        "date_creation": "2017-10-27",
        "date_derniere_maj": "2026-01-15"
      }
    },
    {
      "type": "Feature",
      "geometry": {
        "type": "Polygon",
        "coordinates": [
          [
            [
              -6.898080250679379,
              33.93583964643848
            ],
            [
              -6.898125497162902,
              33.935942806405095
            ],
            [
              -6.897976312484152,
              33.93691750788929
            ],
            [
              -6.896652467710902,
              33.9377
            ],
            [
              -6.896588953945479,
              33.9377
            ],
            [
              -6.896066707921779,
              33.937117445008376
            ],
            [
              -6.896519051542317,
              33.93572367722763
            ],
            [
              -6.896752615904519,
              33.93556405130433
            ],
            [
              -6.898080250679379,
              33.93583964643848
            ]
          ]
        ]
      },
      "properties": {
        "id_parcelle": "TEM-0181",
        "num_titre_foncier": "TF43291/S",
        "type_immatriculation": "Immatriculé",
        "nature_juridique": "Collectif",
        "superficie_m2": 30169.25,
        "commune": "Témara",
        "cercle": "Témara",
        "province": "Skhirat-Témara",
        "nature_occupation_code": "AGR",
        "nature_occupation_libelle": "Usage agricole",
        "zone_amenagement": "Zone industrielle",
        "statut_foncier": "Constructible",
        "origine": "Levé initial",
        "reference_plan": "PL-TEM-03",
        "echelle_leve": "1/500",
        "date_creation": "2010-01-18",
        "date_derniere_maj": "2026-01-15"
      }
    },
    {
      "type": "Feature",
      "geometry": {
        "type": "Polygon",
        "coordinates": [
          [
            [
              -6.897976312484152,
              33.93691750788929
            ],
            [
              -6.8984472752166095,
              33.9377
            ],
            [
              -6.896652467710902,
              33.9377
            ],
            [
              -6.897976312484152,
              33.93691750788929
            ]
          ]
        ]
      },
      "properties": {
        "id_parcelle": "TEM-0182",
        "num_titre_foncier": "TF70067/S",
        "type_immatriculation": "En cours d'immatriculation",
        "nature_juridique": "Melk",
        "superficie_m2": 7220.25,
        "commune": "Témara",
        "cercle": "Témara",
        "province": "Skhirat-Témara",
        "nature_occupation_code": "HAM",
        "nature_occupation_libelle": "Sol argileux (hamri) - non bâti",
        "zone_amenagement": "Zone équipements publics",
        "statut_foncier": "Constructible",
        "origine": "Morcellement",
        "reference_plan": "PL-TEM-09",
        "echelle_leve": "1/1000",
        "date_creation": "2019-04-21",
        "date_derniere_maj": "2026-01-15"
      }
    },
    {
      "type": "Feature",
      "geometry": {
        "type": "Polygon",
        "coordinates": [
          [
            [
              -6.896257727206575,
              33.9204148236362
            ],
            [
              -6.8957,
              33.92030072614788
            ],
            [
              -6.8957,
              33.9197
            ],
            [
              -6.896750929287915,
              33.9197
            ],
            [
              -6.89685633616886,
              33.92009979580846
            ],
            [
              -6.8964691920361565,
              33.920419826735746
            ],
            [
              -6.896257727206575,
              33.9204148236362
            ]
          ]
        ]
      },
      "properties": {
        "id_parcelle": "TEM-0183",
        "num_titre_foncier": "TF97781/S",
        "type_immatriculation": "Non immatriculé",
        "nature_juridique": "Guich",
        "superficie_m2": 7343.58,
        "commune": "Témara",
        "cercle": "Témara",
        "province": "Skhirat-Témara",
        "nature_occupation_code": "PR",
        "nature_occupation_libelle": "Bâtiments à usage professionnel",
        "zone_amenagement": "Zone industrielle",
        "statut_foncier": "Non constructible",
        "origine": "Lotissement",
        "reference_plan": "PL-TEM-12",
        "echelle_leve": "1/500",
        "date_creation": "2021-04-06",
        "date_derniere_maj": "2026-01-15"
      }
    },
    {
      "type": "Feature",
      "geometry": {
        "type": "Polygon",
        "coordinates": [
          [
            [
              -6.896257727206575,
              33.9204148236362
            ],
            [
              -6.8957,
              33.921704191595246
            ],
            [
              -6.8957,
              33.92030072614788
            ],
            [
              -6.896257727206575,
              33.9204148236362
            ]
          ]
        ]
      },
      "properties": {
        "id_parcelle": "TEM-0184",
        "num_titre_foncier": "TF56138/S",
        "type_immatriculation": "Immatriculé",
        "nature_juridique": "Habous",
        "superficie_m2": 4024.19,
        "commune": "Témara",
        "cercle": "Témara",
        "province": "Skhirat-Témara",
        "nature_occupation_code": "PR",
        "nature_occupation_libelle": "Bâtiments à usage professionnel",
        "zone_amenagement": "Zone résidentielle",
        "statut_foncier": "Constructible",
        "origine": "Fusion de parcelles",
        "reference_plan": "PL-TEM-17",
        "echelle_leve": "1/2000",
        "date_creation": "2021-11-25",
        "date_derniere_maj": "2026-01-15"
      }
    },
    {
      "type": "Feature",
      "geometry": {
        "type": "Polygon",
        "coordinates": [
          [
            [
              -6.896257727206575,
              33.9204148236362
            ],
            [
              -6.8964691920361565,
              33.920419826735746
            ],
            [
              -6.896748731734546,
              33.92131351347196
            ],
            [
              -6.8957,
              33.92212878869679
            ],
            [
              -6.8957,
              33.921704191595246
            ],
            [
              -6.896257727206575,
              33.9204148236362
            ]
          ]
        ]
      },
      "properties": {
        "id_parcelle": "TEM-0185",
        "num_titre_foncier": null,
        "type_immatriculation": "Immatriculé",
        "nature_juridique": "Collectif",
        "superficie_m2": 9085.23,
        "commune": "Témara",
        "cercle": "Témara",
        "province": "Skhirat-Témara",
        "nature_occupation_code": "NU",
        "nature_occupation_libelle": "Terrain nu",
        "zone_amenagement": "Zone résidentielle",
        "statut_foncier": "Constructible",
        "origine": "Fusion de parcelles",
        "reference_plan": "PL-TEM-19",
        "echelle_leve": "1/2000",
        "date_creation": "2017-11-04",
        "date_derniere_maj": "2026-01-15"
      }
    },
    {
      "type": "Feature",
      "geometry": {
        "type": "Polygon",
        "coordinates": [
          [
            [
              -6.896773147687601,
              33.9233559268296
            ],
            [
              -6.896715305352933,
              33.92373363949778
            ],
            [
              -6.896022599337874,
              33.92454176995917
            ],
            [
              -6.8957,
              33.92457011016467
            ],
            [
              -6.8957,
              33.92238688882437
            ],
            [
              -6.896773147687601,
              33.9233559268296
            ]
          ]
        ]
      },
      "properties": {
        "id_parcelle": "TEM-0186",
        "num_titre_foncier": "TF43686/S",
        "type_immatriculation": "En cours d'immatriculation",
        "nature_juridique": "Melk",
        "superficie_m2": 15007.34,
        "commune": "Témara",
        "cercle": "Témara",
        "province": "Skhirat-Témara",
        "nature_occupation_code": "NU",
        "nature_occupation_libelle": "Terrain nu",
        "zone_amenagement": "Zone agricole",
        "statut_foncier": "Non constructible",
        "origine": "Levé initial",
        "reference_plan": "PL-TEM-06",
        "echelle_leve": "1/1000",
        "date_creation": "2013-03-22",
        "date_derniere_maj": "2026-01-15"
      }
    },
    {
      "type": "Feature",
      "geometry": {
        "type": "Polygon",
        "coordinates": [
          [
            [
              -6.896022599337874,
              33.92454176995917
            ],
            [
              -6.896315148163958,
              33.925052832053595
            ],
            [
              -6.8957,
              33.92601797949545
            ],
            [
              -6.8957,
              33.92457011016467
            ],
            [
              -6.896022599337874,
              33.92454176995917
            ]
          ]
        ]
      },
      "properties": {
        "id_parcelle": "TEM-0187",
        "num_titre_foncier": "TF35572/S",
        "type_immatriculation": "Immatriculé",
        "nature_juridique": "Domanial privé",
        "superficie_m2": 5469.15,
        "commune": "Témara",
        "cercle": "Témara",
        "province": "Skhirat-Témara",
        "nature_occupation_code": "PR",
        "nature_occupation_libelle": "Bâtiments à usage professionnel",
        "zone_amenagement": "Zone industrielle",
        "statut_foncier": "Constructible",
        "origine": "Fusion de parcelles",
        "reference_plan": "PL-TEM-24",
        "echelle_leve": "1/500",
        "date_creation": "2022-08-04",
        "date_derniere_maj": "2026-01-15"
      }
    },
    {
      "type": "Feature",
      "geometry": {
        "type": "Polygon",
        "coordinates": [
          [
            [
              -6.896273201110351,
              33.92679523648671
            ],
            [
              -6.8957,
              33.92707319228813
            ],
            [
              -6.8957,
              33.92601797949545
            ],
            [
              -6.896315148163958,
              33.925052832053595
            ],
            [
              -6.896830413966759,
              33.9258789734418
            ],
            [
              -6.896273201110351,
              33.92679523648671
            ]
          ]
        ]
      },
      "properties": {
        "id_parcelle": "TEM-0188",
        "num_titre_foncier": "TF92361/S",
        "type_immatriculation": "Immatriculé",
        "nature_juridique": "Guich",
        "superficie_m2": 13205.68,
        "commune": "Témara",
        "cercle": "Témara",
        "province": "Skhirat-Témara",
        "nature_occupation_code": "NU",
        "nature_occupation_libelle": "Terrain nu",
        "zone_amenagement": "Zone agricole",
        "statut_foncier": "Non constructible",
        "origine": "Lotissement",
        "reference_plan": "PL-TEM-16",
        "echelle_leve": "1/500",
        "date_creation": "2020-06-05",
        "date_derniere_maj": "2026-01-15"
      }
    },
    {
      "type": "Feature",
      "geometry": {
        "type": "Polygon",
        "coordinates": [
          [
            [
              -6.8957,
              33.92879147658378
            ],
            [
              -6.8957,
              33.928127523401876
            ],
            [
              -6.897571520894687,
              33.92807496909227
            ],
            [
              -6.897670102220943,
              33.92858985098225
            ],
            [
              -6.8966212185626325,
              33.929456225157814
            ],
            [
              -6.8957,
              33.92879147658378
            ]
          ]
        ]
      },
      "properties": {
        "id_parcelle": "TEM-0189",
        "num_titre_foncier": "TF17435/S",
        "type_immatriculation": "Immatriculé",
        "nature_juridique": "Guich",
        "superficie_m2": 19393.26,
        "commune": "Témara",
        "cercle": "Témara",
        "province": "Skhirat-Témara",
        "nature_occupation_code": "HAM",
        "nature_occupation_libelle": "Sol argileux (hamri) - non bâti",
        "zone_amenagement": "Zone industrielle",
        "statut_foncier": "Non constructible",
        "origine": "Lotissement",
        "reference_plan": "PL-TEM-09",
        "echelle_leve": "1/1000",
        "date_creation": "2016-04-05",
        "date_derniere_maj": "2026-01-15"
      }
    },
    {
      "type": "Feature",
      "geometry": {
        "type": "Polygon",
        "coordinates": [
          [
            [
              -6.8957,
              33.93000445453614
            ],
            [
              -6.8957,
              33.92879147658378
            ],
            [
              -6.8966212185626325,
              33.929456225157814
            ],
            [
              -6.896607404434992,
              33.92968042644598
            ],
            [
              -6.8957,
              33.93000445453614
            ]
          ]
        ]
      },
      "properties": {
        "id_parcelle": "TEM-0190",
        "num_titre_foncier": "TF48869/S",
        "type_immatriculation": "En cours d'immatriculation",
        "nature_juridique": "Domanial privé",
        "superficie_m2": 6767.63,
        "commune": "Témara",
        "cercle": "Témara",
        "province": "Skhirat-Témara",
        "nature_occupation_code": "PR",
        "nature_occupation_libelle": "Bâtiments à usage professionnel",
        "zone_amenagement": "Zone agricole",
        "statut_foncier": "Non constructible",
        "origine": "Morcellement",
        "reference_plan": "PL-TEM-11",
        "echelle_leve": "1/1000",
        "date_creation": "2017-02-05",
        "date_derniere_maj": "2026-01-15"
      }
    },
    {
      "type": "Feature",
      "geometry": {
        "type": "Polygon",
        "coordinates": [
          [
            [
              -6.8958721180601605,
              33.93100812316531
            ],
            [
              -6.8957,
              33.931127367425496
            ],
            [
              -6.8957,
              33.93073359459639
            ],
            [
              -6.8958721180601605,
              33.93100812316531
            ]
          ]
        ]
      },
      "properties": {
        "id_parcelle": "TEM-0191",
        "num_titre_foncier": null,
        "type_immatriculation": "Non immatriculé",
        "nature_juridique": "Domanial privé",
        "superficie_m2": 348.44,
        "commune": "Témara",
        "cercle": "Témara",
        "province": "Skhirat-Témara",
        "nature_occupation_code": "AGR",
        "nature_occupation_libelle": "Usage agricole",
        "zone_amenagement": "Zone équipements publics",
        "statut_foncier": "Non constructible",
        "origine": "Morcellement",
        "reference_plan": "PL-TEM-09",
        "echelle_leve": "1/500",
        "date_creation": "2015-07-09",
        "date_derniere_maj": "2026-01-15"
      }
    },
    {
      "type": "Feature",
      "geometry": {
        "type": "Polygon",
        "coordinates": [
          [
            [
              -6.8958721180601605,
              33.93100812316531
            ],
            [
              -6.896918735854592,
              33.93105961151476
            ],
            [
              -6.896505848576339,
              33.93247054316146
            ],
            [
              -6.895894609668176,
              33.93329738824023
            ],
            [
              -6.8957,
              33.93328917992972
            ],
            [
              -6.8957,
              33.931127367425496
            ],
            [
              -6.8958721180601605,
              33.93100812316531
            ]
          ]
        ]
      },
      "properties": {
        "id_parcelle": "TEM-0192",
        "num_titre_foncier": "TF22788/S",
        "type_immatriculation": "En cours d'immatriculation",
        "nature_juridique": "Collectif",
        "superficie_m2": 19193.03,
        "commune": "Témara",
        "cercle": "Témara",
        "province": "Skhirat-Témara",
        "nature_occupation_code": "NO",
        "nature_occupation_libelle": "Constructions légères / noualas (habitat)",
        "zone_amenagement": "Zone équipements publics",
        "statut_foncier": "Constructible",
        "origine": "Morcellement",
        "reference_plan": "PL-TEM-24",
        "echelle_leve": "1/1000",
        "date_creation": "2012-11-01",
        "date_derniere_maj": "2026-01-15"
      }
    },
    {
      "type": "Feature",
      "geometry": {
        "type": "Polygon",
        "coordinates": [
          [
            [
              -6.895894609668176,
              33.93329738824023
            ],
            [
              -6.896505848576339,
              33.93247054316146
            ],
            [
              -6.898284558848761,
              33.93258393677093
            ],
            [
              -6.897867066137013,
              33.933501353517336
            ],
            [
              -6.897753644438966,
              33.9337011001174
            ],
            [
              -6.8964749542084745,
              33.933780929352984
            ],
            [
              -6.895894609668176,
              33.93329738824023
            ]
          ]
        ]
      },
      "properties": {
        "id_parcelle": "TEM-0193",
        "num_titre_foncier": "TF54683/S",
        "type_immatriculation": "Non immatriculé",
        "nature_juridique": "Domanial privé",
        "superficie_m2": 23219.71,
        "commune": "Témara",
        "cercle": "Témara",
        "province": "Skhirat-Témara",
        "nature_occupation_code": "NU",
        "nature_occupation_libelle": "Terrain nu",
        "zone_amenagement": "Zone équipements publics",
        "statut_foncier": "Constructible",
        "origine": "Fusion de parcelles",
        "reference_plan": "PL-TEM-06",
        "echelle_leve": "1/1000",
        "date_creation": "2016-01-14",
        "date_derniere_maj": "2026-01-15"
      }
    },
    {
      "type": "Feature",
      "geometry": {
        "type": "Polygon",
        "coordinates": [
          [
            [
              -6.895894609668176,
              33.93329738824023
            ],
            [
              -6.8964749542084745,
              33.933780929352984
            ],
            [
              -6.896752615904519,
              33.93556405130433
            ],
            [
              -6.896519051542317,
              33.93572367722763
            ],
            [
              -6.8957,
              33.93557213136153
            ],
            [
              -6.8957,
              33.93328917992972
            ],
            [
              -6.895894609668176,
              33.93329738824023
            ]
          ]
        ]
      },
      "properties": {
        "id_parcelle": "TEM-0194",
        "num_titre_foncier": "TF33682/S",
        "type_immatriculation": "Immatriculé",
        "nature_juridique": "Domanial privé",
        "superficie_m2": 20069.99,
        "commune": "Témara",
        "cercle": "Témara",
        "province": "Skhirat-Témara",
        "nature_occupation_code": "NO",
        "nature_occupation_libelle": "Constructions légères / noualas (habitat)",
        "zone_amenagement": "Zone industrielle",
        "statut_foncier": "En instruction",
        "origine": "Lotissement",
        "reference_plan": "PL-TEM-07",
        "echelle_leve": "1/2000",
        "date_creation": "2011-02-20",
        "date_derniere_maj": "2026-01-15"
      }
    },
    {
      "type": "Feature",
      "geometry": {
        "type": "Polygon",
        "coordinates": [
          [
            [
              -6.896519051542317,
              33.93572367722763
            ],
            [
              -6.896066707921779,
              33.937117445008376
            ],
            [
              -6.8957,
              33.93714486669257
            ],
            [
              -6.8957,
              33.93557213136153
            ],
            [
              -6.896519051542317,
              33.93572367722763
            ]
          ]
        ]
      },
      "properties": {
        "id_parcelle": "TEM-0195",
        "num_titre_foncier": "TF32979/S",
        "type_immatriculation": "Immatriculé",
        "nature_juridique": "Domanial privé",
        "superficie_m2": 9186.36,
        "commune": "Témara",
        "cercle": "Témara",
        "province": "Skhirat-Témara",
        "nature_occupation_code": "NU",
        "nature_occupation_libelle": "Terrain nu",
        "zone_amenagement": "Zone industrielle",
        "statut_foncier": "En instruction",
        "origine": "Fusion de parcelles",
        "reference_plan": "PL-TEM-07",
        "echelle_leve": "1/500",
        "date_creation": "2011-12-24",
        "date_derniere_maj": "2026-01-15"
      }
    },
    {
      "type": "Feature",
      "geometry": {
        "type": "Polygon",
        "coordinates": [
          [
            [
              -6.896066707921779,
              33.937117445008376
            ],
            [
              -6.896588953945479,
              33.9377
            ],
            [
              -6.8957,
              33.9377
            ],
            [
              -6.8957,
              33.93714486669257
            ],
            [
              -6.896066707921779,
              33.937117445008376
            ]
          ]
        ]
      },
      "properties": {
        "id_parcelle": "TEM-0196",
        "num_titre_foncier": "TF17257/S",
        "type_immatriculation": "Non immatriculé",
        "nature_juridique": "Collectif",
        "superficie_m2": 3708.96,
        "commune": "Témara",
        "cercle": "Témara",
        "province": "Skhirat-Témara",
        "nature_occupation_code": "AGR",
        "nature_occupation_libelle": "Usage agricole",
        "zone_amenagement": "Zone agricole",
        "statut_foncier": "Non constructible",
        "origine": "Levé initial",
        "reference_plan": "PL-TEM-03",
        "echelle_leve": "1/500",
        "date_creation": "2016-08-05",
        "date_derniere_maj": "2026-01-15"
      }
    }
  ]
}